"Liberec,,Americká",50.75791549682617,15.033920288085938,LI,CZ
"Liberec,,Kunratice Mšenská",50.75231170654297,15.116653442382812,LI,CZ
"Liberec,,Kynologické cvičiště",50.757259368896484,15.10321044921875,LI,CZ
"Liberec,,Kunratická sídliště",50.76077651977539,15.095887184143066,LI,CZ
"Liberec,,Východní",50.760276794433594,15.091669082641602,LI,CZ
"Liberec,,Ječná",50.76249313354492,15.085653305053711,LI,CZ
"Liberec,,Textilana",50.765098571777344,15.068435668945312,LI,CZ
"Liberec,,Fügnerova",50.76551055908203,15.057374000549316,LI,CZ
"Liberec,,Babylon",50.75944519042969,15.052877426147461,LI,CZ
"Liberec,,Nádraží",50.76184844970703,15.046934127807617,LI,CZ
"Liberec,,Viadukt",50.76485061645508,15.042624473571777,LI,CZ
"Liberec,,Františkov škola",50.762149810791016,15.03576946258545,LI,CZ
"Liberec,,Františkov sídliště",50.760318756103516,15.031692504882812,LI,CZ
"Liberec,,Domažlická",50.756927490234375,15.031499862670898,LI,CZ
"Liberec,,Husitská",50.75511169433594,15.028990745544434,LI,CZ
"Liberec,,Kubelíkova",50.75056076049805,15.03243350982666,LI,CZ
"Liberec,,Banskobystrická",50.7459716796875,15.035826683044434,LI,CZ
"Liberec,,Kavkazská",50.74376678466797,15.037195205688477,LI,CZ
"Liberec,,České mládeže",50.743446350097656,15.031303405761719,LI,CZ
"Liberec,,Průmyslová",50.74298858642578,15.03594970703125,LI,CZ
"Liberec,,U Slunného potoka",50.73625183105469,15.037126541137695,LI,CZ
"Liberec,,Prům.zóna Jih",50.73395919799805,15.04165267944336,LI,CZ
"Liberec,,Liplastec",50.73453140258789,15.034133911132812,LI,CZ
"Liberec,,OC Nisa kino",50.74195098876953,15.045639038085938,LI,CZ
"Liberec,,OC Nisa",50.74103927612305,15.050479888916016,LI,CZ
"Liberec,,Králův Háj",50.76727294921875,15.082769393920898,LI,CZ
"Liberec,,U Vodárny",50.76663589477539,15.079780578613281,LI,CZ
"Liberec,,Školní",50.765743255615234,15.076519966125488,LI,CZ
"Liberec,,Vojtěšská",50.765899658203125,15.069656372070312,LI,CZ
"Liberec,,Šaldovo náměstí",50.76934814453125,15.060575485229492,LI,CZ
"Liberec,,Zimní stadion",50.753990173339844,15.051339149475098,LI,CZ
"Liberec,,Ulice 28.října",50.755531311035156,15.048686981201172,LI,CZ
"Liberec,,Herbenova",50.754295349121094,15.04642391204834,LI,CZ
"Liberec,,Aréna",50.75407028198242,15.050446510314941,LI,CZ
"Liberec,,Žitavská",50.768646240234375,15.041951179504395,LI,CZ
"Liberec,,Růžodol I",50.774192810058594,15.03963851928711,LI,CZ
"Liberec,,Úvozní",50.77534484863281,15.03398323059082,LI,CZ
"Liberec,,Ostašovská",50.773162841796875,15.024995803833008,LI,CZ
"Liberec,,Obchodní",50.77533721923828,15.019938468933105,LI,CZ
"Liberec,,Prům. zóna Sever",50.779335021972656,15.018891334533691,LI,CZ
"Liberec,,Broumovská",50.75984573364258,15.063509941101074,LI,CZ
"Liberec,,Plátenická",50.76016616821289,15.066939353942871,LI,CZ
"Liberec,,Na Kačírku",50.75917434692383,15.070049285888672,LI,CZ
"Liberec,,Ševčíkova",50.757450103759766,15.070695877075195,LI,CZ
"Liberec,,Pekárny",50.74701690673828,15.07756519317627,LI,CZ
"Liberec,,Zelené Údolí",50.74855422973633,15.072988510131836,LI,CZ
"Liberec,,Krejčího",50.7520637512207,15.069450378417969,LI,CZ
"Liberec,,Dobiášova",50.75189971923828,15.06394100189209,LI,CZ
"Liberec,,Horní Kopečná",50.75492858886719,15.063570022583008,LI,CZ
"Liberec,,U Močálu",50.75697708129883,15.061127662658691,LI,CZ
"Liberec,,Košická",50.76026916503906,15.055558204650879,LI,CZ
"Liberec,,Nám.Dr.E.Beneše",50.77009582519531,15.058417320251465,LI,CZ
"Liberec,,Malé náměstí",50.77085876464844,15.05274486541748,LI,CZ
"Liberec,,U Věže",50.77263259887695,15.047181129455566,LI,CZ
"Liberec,,Dožínková",50.77410125732422,15.044248580932617,LI,CZ
"Liberec,,Stračí",50.78068923950195,15.039861679077148,LI,CZ
"Liberec,,Pavlovice stadion",50.782554626464844,15.041885375976562,LI,CZ
"Liberec,,Pavlovice škola",50.784034729003906,15.045291900634766,LI,CZ
"Liberec,,Pavlovice Letná",50.785491943359375,15.049996376037598,LI,CZ
"Liberec,,Růžodol Mlýn",50.78125762939453,15.029293060302734,LI,CZ
"Liberec,,Stráž n. Nis. Oblouková",50.78516387939453,15.024892807006836,LI,CZ
"Liberec,,Stráž n. Nis. elektrárna",50.78972244262695,15.021227836608887,LI,CZ
"Liberec,,Stráž nad Nisou",50.79061508178711,15.025712013244629,LI,CZ
"Liberec,,Karlinky",50.759315490722656,15.02180290222168,LI,CZ
"Liberec,,Slévárna",50.76176452636719,15.020930290222168,LI,CZ
"Liberec,,Kovošrot",50.762733459472656,15.017461776733398,LI,CZ
"Liberec,,Ostašov škola",50.76506805419922,15.010519027709961,LI,CZ
"Liberec,,Ostašov",50.76823043823242,15.012187957763672,LI,CZ
"Liberec,,Karlovská",50.77155303955078,14.998403549194336,LI,CZ
"Liberec,,Českolipská",50.774688720703125,14.992940902709961,LI,CZ
"Liberec,,Karlov",50.77700424194336,14.987703323364258,LI,CZ
"Liberec,,Machnín statek",50.78366470336914,14.990602493286133,LI,CZ
"Liberec,,Machnín",50.789730072021484,14.991601943969727,LI,CZ
"Liberec,,Machnín žel. zast.",50.78776550292969,14.985286712646484,LI,CZ
"Liberec,,Hamrštejn",50.78411102294922,14.976595878601074,LI,CZ
"Liberec,,Kryštofovo Údolí lom",50.77900314331055,14.950942993164062,LI,CZ
"Liberec,,Kryštofovo Údolí",50.77764892578125,14.943092346191406,LI,CZ
"Liberec,,Kryšt. Údolí ob. úřad",50.773643493652344,14.932425498962402,LI,CZ
"Liberec,,Novina",50.7635383605957,14.940191268920898,LI,CZ
"Liberec,,Křižanské sedlo",50.755157470703125,14.927329063415527,LI,CZ
"Liberec,,Univerzitní koleje",50.76833724975586,15.087369918823242,LI,CZ
"Liberec,,U Terstu",50.766929626464844,15.089337348937988,LI,CZ
"Liberec,,Vlčí vrch",50.76747512817383,15.095407485961914,LI,CZ
"Liberec,,Harcov kostel",50.76587677001953,15.099695205688477,LI,CZ
"Liberec,,Vřesová",50.76203155517578,15.104994773864746,LI,CZ
"Liberec,,Kadlická",50.76148223876953,15.11025619506836,LI,CZ
"Liberec,,Harcov Myslivna",50.758270263671875,15.116867065429688,LI,CZ
"Liberec,,Hostina obrů",50.77099609375,15.059417724609375,LI,CZ
"Liberec,,Tržní náměstí",50.774444580078125,15.061909675598145,LI,CZ
"Liberec,,Žižkovo náměstí",50.78038024902344,15.068645477294922,LI,CZ
"Liberec,,Baltská",50.78199768066406,15.070646286010742,LI,CZ
"Liberec,,U Trianglu",50.78606414794922,15.07309341430664,LI,CZ
"Liberec,,U Pramenů",50.78880310058594,15.07560920715332,LI,CZ
"Liberec,,U Transformátoru",50.79112243652344,15.074872970581055,LI,CZ
"Liberec,,Blanická",50.79484939575195,15.07225513458252,LI,CZ
"Liberec,,Kateřinky křižovatka",50.796913146972656,15.089681625366211,LI,CZ
"Liberec,,Škola Kateřinky",50.79795837402344,15.097393989562988,LI,CZ
"Liberec,,Kateřinky učiliště",50.796939849853516,15.102267265319824,LI,CZ
"Liberec,,Rudolfov elektrárna",50.79478454589844,15.109046936035156,LI,CZ
"Liberec,,Rudolfov has.zbroj.",50.7910041809082,15.112640380859375,LI,CZ
"Liberec,,Rudolfov",50.78624725341797,15.111668586730957,LI,CZ
"Liberec,,Husova",50.77171325683594,15.071121215820312,LI,CZ
"Liberec,,Technická univerzita",50.77253723144531,15.076513290405273,LI,CZ
"Liberec,,Březová alej",50.77425765991211,15.085345268249512,LI,CZ
"Liberec,,Lesní správa",50.77360534667969,15.09190559387207,LI,CZ
"Liberec,,Zahrádky",50.776187896728516,15.09936237335205,LI,CZ
"Liberec,,Harcov Střelnice",50.77781677246094,15.103082656860352,LI,CZ
"Liberec,,Melantrichova",50.75733184814453,15.059197425842285,LI,CZ
"Liberec,,Čechova",50.755062103271484,15.055192947387695,LI,CZ
"Liberec,,Mostecká",50.751731872558594,15.05648136138916,LI,CZ
"Liberec,,Rochlice",50.74702453613281,15.062702178955078,LI,CZ
"Liberec,,Kamenická",50.74337387084961,15.059961318969727,LI,CZ
"Liberec,,Doubská",50.74332809448242,15.054994583129883,LI,CZ
"Liberec,,Doubí mlýn",50.739845275878906,15.05616569519043,LI,CZ
"Liberec,,Doubí pošta",50.734806060791016,15.057019233703613,LI,CZ
"Liberec,,Doubí obilná",50.730255126953125,15.054689407348633,LI,CZ
"Liberec,,Pilínkov křižovatka",50.7254753112793,15.046780586242676,LI,CZ
"Liberec,,Pilínkov",50.724849700927734,15.040711402893066,LI,CZ
"Liberec,,Minkovice statek",50.71913528442383,15.055312156677246,LI,CZ
"Liberec,,Minkovice žel. přejezd",50.71355438232422,15.054645538330078,LI,CZ
"Liberec,,Šimonovice",50.707881927490234,15.054100036621094,LI,CZ
"Liberec,,Doubí sídliště",50.73713684082031,15.053574562072754,LI,CZ
"Liberec,,Mařanova",50.73713302612305,15.057083129882812,LI,CZ
"Liberec,,Vesec U Střediska",50.73720169067383,15.062409400939941,LI,CZ
"Liberec,,Vesec samoobsluha",50.73816680908203,15.064226150512695,LI,CZ
"Liberec,,Jeřmanická",50.741233825683594,15.068872451782227,LI,CZ
"Liberec,,Na Srázu",50.74380111694336,15.065963745117188,LI,CZ
"Liberec,,Slovanská",50.745635986328125,15.065452575683594,LI,CZ
"Liberec,,Sokolská",50.77202224731445,15.056098937988281,LI,CZ
"Liberec,,U Dvora",50.77486801147461,15.055110931396484,LI,CZ
"Liberec,,Dopravní hřiště",50.77668762207031,15.053604125976562,LI,CZ
"Liberec,,Vrchlického",50.780174255371094,15.053975105285645,LI,CZ
"Liberec,,Hrdinů",50.78229522705078,15.050493240356445,LI,CZ
"Liberec,,Letná",50.78516387939453,15.051986694335938,LI,CZ
"Liberec,,Pavlovice křižovatka",50.78935623168945,15.044763565063477,LI,CZ
"Liberec,,Obzor",50.792972564697266,15.056674003601074,LI,CZ
"Liberec,,Janův most",50.79533004760742,15.059975624084473,LI,CZ
"Liberec,,Nad Pianovkou",50.79579162597656,15.064878463745117,LI,CZ
"Liberec,,Pod Záložnou",50.7984733581543,15.070987701416016,LI,CZ
"Liberec,,Kateřinky Zlatá ulička",50.798614501953125,15.077333450317383,LI,CZ
"Liberec,,Kateřinky les. správa",50.797271728515625,15.08505916595459,LI,CZ
"Liberec,,Ruprechtická",50.77775573730469,15.061694145202637,LI,CZ
"Liberec,,U Jelena",50.780433654785156,15.0635986328125,LI,CZ
"Liberec,,Rychtářská",50.782066345214844,15.064830780029297,LI,CZ
"Liberec,,U Beránka",50.784263610839844,15.065231323242188,LI,CZ
"Liberec,,Hlávkova",50.7859992980957,15.063358306884766,LI,CZ
"Liberec,,Ruprechtice síd.",50.787269592285156,15.058015823364258,LI,CZ
"Liberec,,Na Pískovně",50.78883743286133,15.050549507141113,LI,CZ
"Liberec,,Jiráskova",50.786834716796875,15.049657821655273,LI,CZ
"Liberec,,Polní",50.78569030761719,15.035184860229492,LI,CZ
"Liberec,,Zelná",50.7725830078125,15.033021926879883,LI,CZ
"Liberec,,Globus",50.77750015258789,15.031055450439453,LI,CZ
"Liberec,,U Radčického potoka",50.79384231567383,15.041648864746094,LI,CZ
"Liberec,,Radčice rozcestí",50.800811767578125,15.055571556091309,LI,CZ
"Liberec,,Jedlová",50.802955627441406,15.060093879699707,LI,CZ
"Liberec,,Radčice",50.80525207519531,15.0641450881958,LI,CZ
"Liberec,,U Lípy",50.799827575683594,15.041481018066406,LI,CZ
"Liberec,,Ruprechtice nám.",50.78938674926758,15.067190170288086,LI,CZ
"Liberec,,Kr. Studánka kovárna",50.80012512207031,15.037338256835938,LI,CZ
"Liberec,,Kr. Studánka Švestková",50.80299377441406,15.036746978759766,LI,CZ
"Liberec,,Krásná Studánka",50.809967041015625,15.035652160644531,LI,CZ
"Liberec,,Na Vršku",50.79582595825195,15.028778076171875,LI,CZ
"Liberec,,Stráž n. Nis. Neumannova",50.789039611816406,15.029157638549805,LI,CZ
"Liberec,,Stráž n. Nis. Kateřinská",50.78974151611328,15.037067413330078,LI,CZ
"Liberec,,Hrubínova",50.762115478515625,15.090578079223633,LI,CZ
"Liberec,,Garáže ČSAD",50.74516296386719,15.051111221313477,LI,CZ
"Liberec,,Sametová",50.75891876220703,15.073786735534668,LI,CZ
"Liberec,,U Lomu",50.76287841796875,15.074695587158203,LI,CZ
"Liberec,,Lidové sady - ZOO",50.77817153930664,15.081315040588379,LI,CZ
"Liberec,,Riegrova",50.77635955810547,15.079038619995117,LI,CZ
"Liberec,,Botanická zahrada",50.77589797973633,15.075302124023438,LI,CZ
"Liberec,,Muzeum - Galerie Lázně",50.77409362792969,15.068024635314941,LI,CZ
"Liberec,,NC Géčko",50.776100158691406,15.029256820678711,LI,CZ
"Liberec,,Rybníček",50.76494216918945,15.051992416381836,LI,CZ
"Liberec,,Krkonošská",50.76099395751953,15.0421724319458,LI,CZ
"Liberec,,Staré Pekárny",50.75735092163086,15.043349266052246,LI,CZ
"Liberec,,Vápenka",50.755470275878906,15.041633605957031,LI,CZ
"Liberec,,Janův Důl",50.75292205810547,15.036803245544434,LI,CZ
"Liberec,,Dolní Hanychov",50.74732208251953,15.028067588806152,LI,CZ
"Liberec,,Malodoubská",50.74382019042969,15.025066375732422,LI,CZ
"Liberec,,Hanychov kostel",50.741024017333984,15.020700454711914,LI,CZ
"Liberec,,Spáleniště",50.739871978759766,15.017534255981445,LI,CZ
"Liberec,,Horní Hanychov",50.7376594543457,15.012593269348145,LI,CZ
"Liberec,,Mlýnská",50.76434326171875,15.062653541564941,LI,CZ
"Liberec,,Nová Ruda",50.75612258911133,15.080297470092773,LI,CZ
"Liberec,,Sídliště Nové Vratislavice",50.752925872802734,15.078661918640137,LI,CZ
"Liberec,,Pivovarská",50.75031661987305,15.08358383178711,LI,CZ
"Liberec,,Lékárna",50.74567413330078,15.085631370544434,LI,CZ
"Liberec,,Vratislavice n.N. kostel",50.74297332763672,15.093027114868164,LI,CZ
"Liberec,,Vratislavice n.N. výhybna",50.740909576416016,15.102214813232422,LI,CZ
"Liberec,Vratislavice n.Nisou,Vratislavická kyselka",50.73481369018555,15.106364250183105,JN,CZ
"Jablonec n.Nisou,Proseč n.Nisou,Za Tratí",50.73178482055664,15.111927032470703,JN,CZ
"Jablonec n.Nisou,Proseč n.Nisou,Proseč n.N. pošta",50.72789764404297,15.116496086120605,LI,CZ
"Jablonec n.Nisou,Proseč n.Nisou,U Šamotky",50.72408676147461,15.126643180847168,JN,CZ
"Jablonec n.Nisou,Proseč n.Nisou,Nový Svět",50.72247314453125,15.132436752319336,JN,CZ
"Jablonec n.Nisou,,Jablonec n.N. Zelené Údolí",50.721473693847656,15.144439697265625,JN,CZ
"Jablonec n.Nisou,,Měnírna",50.72174072265625,15.147846221923828,JN,CZ
"Liberec,,Ježkova",50.75249481201172,15.070109367370605,LI,CZ
"Jablonec n.Nisou,,Brandl",50.72819900512695,15.15161418914795,JN,CZ
"Jablonec n.Nisou,,Liberecká",50.72566604614258,15.160749435424805,JN,CZ
"Jablonec n.Nisou,,Tyršovy sady",50.723426818847656,15.164185523986816,JN,CZ
"Liberec,,ZŠ Vrchlického",50.782325744628906,15.058259010314941,LI,CZ
"Liberec,,U Krematoria",50.76144790649414,15.057890892028809,LI,CZ
"Liberec,,Bedřichov stadion",50.794532775878906,15.142501831054688,JN,CZ
"Liberec,,Bedřichov Maliník",50.791229248046875,15.130577087402344,JN,CZ
"Liberec,,Bedřichov odb.",50.79276657104492,15.133438110351562,JN,CZ
"Liberec,,Bauhaus",50.776363372802734,15.023109436035156,LI,CZ
"Liberec,,Nemocnice",50.7704963684082,15.062895774841309,LI,CZ
"Liberec,,Klášterní",50.768917083740234,15.066179275512695,LI,CZ
"Liberec,,Doubí - UCT",50.730140686035156,15.047380447387695,LI,CZ
"Liberec,,Americká",50.75799733,15.03404884,LI,CZ
"Liberec,,Americká",50.75783477,15.03379135,LI,CZ
"Liberec,,Kunratice Mšenská",50.752410888671875,15.116671562194824,LI,CZ
"Liberec,,Kynologické cvičiště",50.75718307495117,15.103372573852539,LI,CZ
"Liberec,,Kynologické cvičiště",50.7573356628418,15.103049278259277,LI,CZ
"Liberec,,Kunratická sídliště",50.76072311401367,15.095852851867676,LI,CZ
"Liberec,,Kunratická sídliště",50.76077651977539,15.095687866210938,LI,CZ
"Liberec,,Kunratická sídliště",50.76082532,15.09612019,LI,CZ
"Liberec,,Východní",50.76020812988281,15.091724395751953,LI,CZ
"Liberec,,Východní",50.76034164428711,15.09161376953125,LI,CZ
"Liberec,,Ječná",50.76248550415039,15.08515739440918,LI,CZ
"Liberec,,Ječná",50.76250076293945,15.086149215698242,LI,CZ
"Liberec,,Textilana",50.76516239,15.06921865,LI,CZ
"Liberec,,Textilana",50.76530163,15.06918913,LI,CZ
"Liberec,,Fügnerova",50.76582757,15.05792855,LI,CZ
"Liberec,,Fügnerova",50.76557332,15.05765985,LI,CZ
"Liberec,,Fügnerova",50.76531965,15.05732884,LI,CZ
"Liberec,,Fügnerova",50.76512833,15.05708755,LI,CZ
"Liberec,,Fügnerova",50.76535283,15.05713657,LI,CZ
"Liberec,,Fügnerova",50.76555811,15.05732566,LI,CZ
"Liberec,,Fügnerova",50.76583039,15.05767032,LI,CZ
"Liberec,,Fügnerova",50.76600598,15.05788892,LI,CZ
"Liberec,,Babylon",50.759376525878906,15.052654266357422,LI,CZ
"Liberec,,Babylon",50.7595100402832,15.053099632263184,LI,CZ
"Liberec,,Nádraží",50.76251220703125,15.046425819396973,LI,CZ
"Liberec,,Nádraží",50.7622184753418,15.04660701751709,LI,CZ
"Liberec,,Viadukt",50.76494575,15.04172519,LI,CZ
"Liberec,,Viadukt",50.765220642089844,15.042709350585938,LI,CZ
"Liberec,,Františkov škola",50.76165008544922,15.035057067871094,LI,CZ
"Liberec,,Františkov škola",50.76202392578125,15.035862922668457,LI,CZ
"Liberec,,Františkov sídliště",50.76023483276367,15.031293869018555,LI,CZ
"Liberec,,Františkov sídliště",50.76040267944336,15.032092094421387,LI,CZ
"Liberec,,Domažlická",50.75697326660156,15.031478881835938,LI,CZ
"Liberec,,Husitská",50.75506552,15.02893187,LI,CZ
"Liberec,,Husitská",50.755157470703125,15.02904987335205,LI,CZ
"Liberec,,Kubelíkova",50.75014114379883,15.0328950881958,LI,CZ
"Liberec,,Kubelíkova",50.750213623046875,15.033013343811035,LI,CZ
"Liberec,,Banskobystrická",50.745826721191406,15.035730361938477,LI,CZ
"Liberec,,Banskobystrická",50.74611282348633,15.03592300415039,LI,CZ
"Liberec,,Kavkazská",50.74370193481445,15.037160873413086,LI,CZ
"Liberec,,České mládeže",50.74335861206055,15.031468391418457,LI,CZ
"Liberec,,České mládeže",50.7435302734375,15.031137466430664,LI,CZ
"Liberec,,U Slunného potoka",50.736000061035156,15.037337303161621,LI,CZ
"Liberec,,U Slunného potoka",50.73650360107422,15.036914825439453,LI,CZ
"Liberec,,Prům. zóna Jih",50.73396301269531,15.041544914245605,LI,CZ
"Liberec,,Prům. zóna Jih",50.73395538330078,15.041760444641113,LI,CZ
"Liberec,,OC kino",50.74174499511719,15.045509338378906,LI,CZ
"Liberec,,OC kino",50.74215316772461,15.045767784118652,LI,CZ
"Liberec,,OC Nisa",50.74127197265625,15.051658630371094,LI,CZ
"Liberec,,OC Nisa",50.740806579589844,15.049302101135254,LI,CZ
"Liberec,,Králův Háj",50.76729202270508,15.08248233795166,LI,CZ
"Liberec,,Králův Háj",50.76725387573242,15.08305549621582,LI,CZ
"Liberec,,U Vodárny",50.76646423339844,15.079568862915039,LI,CZ
"Liberec,,U Vodárny",50.766807556152344,15.07999324798584,LI,CZ
"Liberec,,Školní",50.765682220458984,15.075005531311035,LI,CZ
"Liberec,,Školní",50.7657585144043,15.076177597045898,LI,CZ
"Liberec,,Vojtěšská",50.76583059,15.06973316,LI,CZ
"Liberec,,Šaldovo náměstí",50.76939392089844,15.060340881347656,LI,CZ
"Liberec,,Šaldovo náměstí",50.76911462,15.06022417,LI,CZ
"Liberec,,Žitavská",50.768619537353516,15.042120933532715,LI,CZ
"Liberec,,Žitavská",50.7686767578125,15.041781425476074,LI,CZ
"Liberec,,Růžodol I",50.7750129699707,15.03891372680664,LI,CZ
"Liberec,,Růžodol I",50.774547,15.03921117,LI,CZ
"Liberec,,Úvozní",50.775352478027344,15.033577919006348,LI,CZ
"Liberec,,Úvozní",50.77533721923828,15.034387588500977,LI,CZ
"Liberec,,Ostašovská",50.77322769165039,15.024774551391602,LI,CZ
"Liberec,,Ostašovská",50.77309799194336,15.025216102600098,LI,CZ
"Liberec,,Obchodní",50.77549743652344,15.019882202148438,LI,CZ
"Liberec,,Obchodní",50.775177001953125,15.019994735717773,LI,CZ
"Liberec,,Průmyslová zóna Sever",50.779335021972656,15.018891334533691,LI,CZ
"Liberec,,Plátenická",50.76016245,15.06666337,LI,CZ
"Liberec,,Plátenická",50.760169982910156,15.067214965820312,LI,CZ
"Liberec,,Na Kačírku",50.75883865356445,15.070409774780273,LI,CZ
"Liberec,,Na Kačírku",50.7595100402832,15.069689750671387,LI,CZ
"Liberec,,Ševčíkova",50.75743865966797,15.070527076721191,LI,CZ
"Liberec,,Ševčíkova",50.75746508,15.07086438,LI,CZ
"Liberec,,Pekárny",50.746910095214844,15.077462196350098,LI,CZ
"Liberec,,Zelené Údolí",50.74890489,15.07270705,LI,CZ
"Liberec,,Krejčího",50.7523078918457,15.06917667388916,LI,CZ
"Liberec,,Krejčího",50.7518196105957,15.069724082946777,LI,CZ
"Liberec,,Dobiášova",50.75185012817383,15.063985824584961,LI,CZ
"Liberec,,Horní Kopečná",50.75502014160156,15.063382148742676,LI,CZ
"Liberec,,Horní Kopečná",50.75484085083008,15.063756942749023,LI,CZ
"Liberec,,Košická",50.760154724121094,15.05567741394043,LI,CZ
"Liberec,,Košická",50.7603874206543,15.055438995361328,LI,CZ
"Liberec,,Nám.Dr.E.Beneše",50.77014923095703,15.058027267456055,LI,CZ
"Liberec,,Nám.Dr.E.Beneše",50.770103454589844,15.058479309082031,LI,CZ
"Liberec,,Nám.Dr.E.Beneše",50.7700309753418,15.058745384216309,LI,CZ
"Liberec,,Malé náměstí",50.77089309692383,15.053215980529785,LI,CZ
"Liberec,,Malé náměstí",50.77082061767578,15.052273750305176,LI,CZ
"Liberec,,U Věže",50.77260971069336,15.04737377166748,LI,CZ
"Liberec,,U Věže",50.77265548706055,15.046988487243652,LI,CZ
"Liberec,,Dožínková",50.7742805480957,15.0432767868042,LI,CZ
"Liberec,,Dožínková",50.77397537231445,15.044600486755371,LI,CZ
"Liberec,,Stračí",50.78109359741211,15.040154457092285,LI,CZ
"Liberec,,Stračí",50.78028795,15.0395697,LI,CZ
"Liberec,,Pavlovice stadion",50.78260040283203,15.042142868041992,LI,CZ
"Liberec,,Pavlovice stadion",50.78251171,15.04162763,LI,CZ
"Liberec,,Pavlovice škola",50.78400745,15.04539077,LI,CZ
"Liberec,,Pavlovice škola",50.78405832,15.04519362,LI,CZ
"Liberec,,Pavlovice Letná",50.78570111,15.05057078,LI,CZ
"Liberec,,Pavlovice Letná",50.78528395,15.0494228,LI,CZ
"Liberec,,Růžodol Mlýn",50.78112578,15.03002238,LI,CZ
"Liberec,,Růžodol Mlýn",50.78139119,15.02856325,LI,CZ
"Liberec,,Stráž nad Nisou Oblouková",50.785247802734375,15.024995803833008,LI,CZ
"Liberec,,Stráž nad Nisou elektrárna",50.789730072021484,15.021221160888672,LI,CZ
"Liberec,,Stráž nad Nisou elektrárna",50.78952407836914,15.02139949798584,LI,CZ
"Liberec,,Stráž nad Nisou",50.79071044921875,15.02601432800293,LI,CZ
"Liberec,,Fügnerova",50.765846252441406,15.05691146850586,LI,CZ
"Liberec,,Karlinky",50.75932693481445,15.021865844726562,LI,CZ
"Liberec,,Karlinky",50.759307861328125,15.021739959716797,LI,CZ
"Liberec,,Slévárna",50.76181411743164,15.020980834960938,LI,CZ
"Liberec,,Slévárna",50.76171112060547,15.020879745483398,LI,CZ
"Liberec,,Kovošrot",50.762786865234375,15.01736068725586,LI,CZ
"Liberec,,Kovošrot",50.7626838684082,15.017563819885254,LI,CZ
"Liberec,,Ostašov škola",50.76514434814453,15.010660171508789,LI,CZ
"Liberec,,Ostašov škola",50.76499557495117,15.010376930236816,LI,CZ
"Liberec,,Karlovská",50.77151870727539,14.998414993286133,LI,CZ
"Liberec,,Českolipská",50.77463912963867,14.99295711517334,LI,CZ
"Liberec,,Karlov",50.77688980102539,14.988011360168457,LI,CZ
"Liberec,,Karlov",50.7768440246582,14.987959861755371,LI,CZ
"Liberec,,Machnín",50.789207458496094,14.991231918334961,LI,CZ
"Liberec,,Machnín",50.788848876953125,14.990793228149414,LI,CZ
"Liberec,,Machnín žel. zast.",50.78776168823242,14.984936714172363,LI,CZ
"Liberec,,Machnín žel. zast.",50.78777313232422,14.985635757446289,LI,CZ
"Liberec,,Hamrštejn",50.784183502197266,14.97640609741211,LI,CZ
"Liberec,,Hamrštejn",50.78404235839844,14.976785659790039,LI,CZ
"Liberec,,Kryštofovo Údolí lom",50.779178619384766,14.95123291015625,LI,CZ
"Liberec,,Kryštofovo Údolí lom",50.77882766723633,14.950653076171875,LI,CZ
"Liberec,,Kryštofovo Údolí",50.77766799926758,14.943023681640625,LI,CZ
"Liberec,,Kryštofovo Údolí",50.77762985229492,14.943161964416504,LI,CZ
"Liberec,,Kryšt. Údolí ob. úřad",50.77366946,14.9324986,LI,CZ
"Liberec,,Novina",50.76359853,14.94020593,LI,CZ
"Liberec,,U Terstu",50.767059326171875,15.089871406555176,LI,CZ
"Liberec,,U Terstu",50.767181396484375,15.089594841003418,LI,CZ
"Liberec,,Vlčí vrch",50.767417907714844,15.095503807067871,LI,CZ
"Liberec,,Vlčí vrch",50.76753234863281,15.095311164855957,LI,CZ
"Liberec,,Harcov kostel",50.76610565185547,15.099054336547852,LI,CZ
"Liberec,,Vřesová",50.76198959350586,15.105072975158691,LI,CZ
"Liberec,,Vřesová",50.76206970214844,15.1049165725708,LI,CZ
"Liberec,,Kadlická",50.76151657104492,15.11020278930664,LI,CZ
"Liberec,,Harcov Myslivna",50.758216857910156,15.116860389709473,LI,CZ
"Liberec,,Tržní náměstí",50.77573013305664,15.062093734741211,LI,CZ
"Liberec,,Tržní náměstí",50.77398681640625,15.061751365661621,LI,CZ
"Liberec,,Žižkovo náměstí",50.779823303222656,15.06877613067627,LI,CZ
"Liberec,,Žižkovo náměstí",50.77963638305664,15.068779945373535,LI,CZ
"Liberec,,Baltská",50.78210619,15.07085432,LI,CZ
"Liberec,,Baltská",50.78188705444336,15.07043743133545,LI,CZ
"Liberec,,U Trianglu",50.78589630126953,15.072988510131836,LI,CZ
"Liberec,,U Trianglu",50.78623580932617,15.073198318481445,LI,CZ
"Liberec,,U Pramenů",50.78881526,15.07575605,LI,CZ
"Liberec,,U Pramenů",50.789302825927734,15.075243949890137,LI,CZ
"Liberec,,U Pramenů",50.78829214,15.0758278,LI,CZ
"Liberec,,U Transformátoru",50.7911262512207,15.074969291687012,LI,CZ
"Liberec,,U Transformátoru",50.79112243652344,15.074776649475098,LI,CZ
"Liberec,,Blanická",50.79495620727539,15.072279930114746,LI,CZ
"Liberec,,Blanická",50.7947998046875,15.072165489196777,LI,CZ
"Liberec,,Škola Kateřinky",50.79801940917969,15.097073554992676,LI,CZ
"Liberec,,Škola Kateřinky",50.79802703857422,15.09676456451416,LI,CZ
"Liberec,,Škola Kateřinky (školní dvůr)",50.79783223,15.09834294,LI,CZ
"Liberec,,Kateřinky učiliště",50.796993255615234,15.102669715881348,LI,CZ
"Liberec,,Kateřinky učiliště",50.79688327,15.10186535,LI,CZ
"Liberec,,Rudolfov elektrárna",50.794734954833984,15.10917854309082,LI,CZ
"Liberec,,Rudolfov elektrárna",50.794830322265625,15.108914375305176,LI,CZ
"Liberec,,Rudolfov has.zbroj.",50.79100799560547,15.112693786621094,LI,CZ
"Liberec,,Rudolfov",50.78633499145508,15.111165046691895,LI,CZ
"Liberec,,Husova",50.77164077758789,15.071029663085938,LI,CZ
"Liberec,,Husova",50.77178192138672,15.071211814880371,LI,CZ
"Liberec,,Technická univerzita",50.77250693,15.07664185,LI,CZ
"Liberec,,Technická univerzita",50.77256969,15.07638436,LI,CZ
"Liberec,,Březová alej",50.77417802,15.08574192,LI,CZ
"Liberec,,Březová alej",50.77436447143555,15.084626197814941,LI,CZ
"Liberec,,Lesní správa",50.773643493652344,15.091980934143066,LI,CZ
"Liberec,,Lesní správa",50.7735710144043,15.09183120727539,LI,CZ
"Liberec,,Zahrádky",50.77636199,15.09951573,LI,CZ
"Liberec,,Zahrádky",50.77601623535156,15.09920883178711,LI,CZ
"Liberec,,Harcov Střelnice",50.777801513671875,15.10317325592041,LI,CZ
"Liberec,,Harcov Střelnice",50.77783203125,15.102991104125977,LI,CZ
"Liberec,,Melantrichova",50.757381439208984,15.058762550354004,LI,CZ
"Liberec,,Melantrichova",50.757266998291016,15.058921813964844,LI,CZ
"Liberec,,Čechova",50.75503158569336,15.055094718933105,LI,CZ
"Liberec,,Čechova",50.75509262084961,15.055291175842285,LI,CZ
"Liberec,,Mostecká",50.7513542175293,15.056578636169434,LI,CZ
"Liberec,,Mostecká",50.752113342285156,15.056384086608887,LI,CZ
"Liberec,,Rochlice",50.746978759765625,15.063115119934082,LI,CZ
"Liberec,,Rochlice",50.74725276,15.06311145,LI,CZ
"Liberec,,Rochlice",50.74723409,15.06229069,LI,CZ
"Liberec,,Rochlice",50.74662780761719,15.062291145324707,LI,CZ
"Liberec,,Kamenická",50.74370711,15.0609335,LI,CZ
"Liberec,,Kamenická",50.74361885,15.05886015,LI,CZ
"Liberec,,Doubská",50.743553161621094,15.05487060546875,LI,CZ
"Liberec,,Doubská",50.74310302734375,15.0551176071167,LI,CZ
"Liberec,,Doubí mlýn",50.73947525024414,15.056194305419922,LI,CZ
"Liberec,,Doubí mlýn",50.74021530151367,15.056136131286621,LI,CZ
"Liberec,,Doubí pošta",50.73450469970703,15.056886672973633,LI,CZ
"Liberec,,Doubí pošta",50.735107421875,15.057151794433594,LI,CZ
"Liberec,,Doubí obilná",50.7304801940918,15.054977416992188,LI,CZ
"Liberec,,Doubí obilná",50.73002624511719,15.054402351379395,LI,CZ
"Liberec,,Pilínkov křižovatka",50.725555419921875,15.046879768371582,LI,CZ
"Liberec,,Pilínkov křižovatka",50.72539520263672,15.04668140411377,LI,CZ
"Liberec,,Pilínkov",50.724998474121094,15.04058837890625,LI,CZ
"Liberec,,Pilínkov",50.724700927734375,15.040834426879883,LI,CZ
"Liberec,,Minkovice statek",50.71913528442383,15.055238723754883,LI,CZ
"Liberec,,Minkovice statek",50.71913528442383,15.05538558959961,LI,CZ
"Liberec,,Minkovice žel. přejezd",50.7136116027832,15.05465316772461,LI,CZ
"Liberec,,Minkovice žel. přejezd",50.7135009765625,15.05463695526123,LI,CZ
"Liberec,,Šimonovice",50.70784378051758,15.053977966308594,LI,CZ
"Liberec,,Šimonovice",50.70792353,15.05422261,LI,CZ
"Liberec,,Doubí sídliště",50.73725891113281,15.05334186553955,LI,CZ
"Liberec,,Doubí sídliště",50.73710250854492,15.053893089294434,LI,CZ
"Liberec,,Mařanova",50.73720169067383,15.057656288146973,LI,CZ
"Liberec,,Mařanova",50.73708724975586,15.057967185974121,LI,CZ
"Liberec,,Vesec U Střediska",50.73720169067383,15.062263488769531,LI,CZ
"Liberec,,Vesec U Střediska",50.73720169067383,15.062555313110352,LI,CZ
"Liberec,,Vesec samoobsluha",50.73820495605469,15.064131736755371,LI,CZ
"Liberec,,Vesec samoobsluha",50.738128662109375,15.064319610595703,LI,CZ
"Liberec,,Jeřmanická",50.74114990234375,15.068718910217285,LI,CZ
"Liberec,,Jeřmanická",50.7413215637207,15.069026947021484,LI,CZ
"Liberec,,Slovanská",50.745948791503906,15.065224647521973,LI,CZ
"Liberec,,Slovanská",50.74532699584961,15.065681457519531,LI,CZ
"Liberec,,U Dvora",50.774898529052734,15.054764747619629,LI,CZ
"Liberec,,U Dvora",50.7747802734375,15.05436897277832,LI,CZ
"Liberec,,Dopravní hřiště",50.776790618896484,15.053669929504395,LI,CZ
"Liberec,,Dopravní hřiště",50.77658462524414,15.053537368774414,LI,CZ
"Liberec,,Vrchlického",50.78031546,15.05396646,LI,CZ
"Liberec,,Vrchlického",50.78003308,15.05398389,LI,CZ
"Liberec,,Hrdinů",50.78226089477539,15.050581932067871,LI,CZ
"Liberec,,Hrdinů",50.78232955932617,15.050405502319336,LI,CZ
"Liberec,,Letná",50.785552978515625,15.051946640014648,LI,CZ
"Liberec,,Letná",50.78477478027344,15.052026748657227,LI,CZ
"Liberec,,Pavlovice křižovatka",50.789642333984375,15.04466724395752,LI,CZ
"Liberec,,Pavlovice křižovatka",50.789180755615234,15.044583320617676,LI,CZ
"Liberec,,Pavlovice křižovatka",50.78938293457031,15.04568099975586,LI,CZ
"Liberec,,Pavlovice křižovatka",50.78944396972656,15.04452133178711,LI,CZ
"Liberec,,Obzor",50.79298400878906,15.056631088256836,LI,CZ
"Liberec,,Janův most",50.795249938964844,15.059744834899902,LI,CZ
"Liberec,,Janův most",50.79527282714844,15.059334754943848,LI,CZ
"Liberec,,Nad Pianovkou",50.79581832885742,15.064998626708984,LI,CZ
"Liberec,,Nad Pianovkou",50.7957649230957,15.064757347106934,LI,CZ
"Liberec,,Pod Záložnou",50.79841565,15.07105079,LI,CZ
"Liberec,,Pod Záložnou",50.79852924,15.07092472,LI,CZ
"Liberec,,Kateřinky lesní správa",50.79725646972656,15.085203170776367,LI,CZ
"Liberec,,Kateřinky lesní správa",50.79722742,15.08474078,LI,CZ
"Liberec,,Ruprechtická",50.77770575,15.06174621,LI,CZ
"Liberec,,Ruprechtická",50.77780921,15.0616416,LI,CZ
"Liberec,,U Jelena",50.780887603759766,15.064078330993652,LI,CZ
"Liberec,,U Jelena",50.77997970581055,15.063117980957031,LI,CZ
"Liberec,,U Beránka",50.78459548950195,15.065260887145996,LI,CZ
"Liberec,,U Beránka",50.783931732177734,15.065200805664062,LI,CZ
"Liberec,,Hlávkova",50.78628921508789,15.063090324401855,LI,CZ
"Liberec,,Hlávkova",50.785823822021484,15.063819885253906,LI,CZ
"Liberec,,Ruprechtice sídliště",50.78740310668945,15.058123588562012,LI,CZ
"Liberec,,Ruprechtice sídliště",50.787139892578125,15.057908058166504,LI,CZ
"Liberec,,Zelná",50.77268600463867,15.032891273498535,LI,CZ
"Liberec,,Zelná",50.77247619628906,15.033153533935547,LI,CZ
"Liberec,,Globus",50.77736282348633,15.031188011169434,LI,CZ
"Liberec,,Globus",50.77748107910156,15.03093147277832,LI,CZ
"Liberec,,Globus",50.77759552001953,15.030856132507324,LI,CZ
"Liberec,,U Radčického potoka",50.79343568,15.04173016,LI,CZ
"Liberec,,Radčice rozcestí",50.800819396972656,15.055509567260742,LI,CZ
"Liberec,,Jedlová",50.80290136,15.06006178,LI,CZ
"Liberec,,Ruprechtice náměstí",50.78947448730469,15.067401885986328,LI,CZ
"Liberec,,Krásná Studánka kovárna",50.800323486328125,15.037363052368164,LI,CZ
"Liberec,,Krásná Studánka kovárna",50.7999267578125,15.037313461303711,LI,CZ
"Liberec,,Krásná Studánka Švestková",50.80370330810547,15.036737442016602,LI,CZ
"Liberec,,Krásná Studánka Švestková",50.80228805541992,15.036755561828613,LI,CZ
"Liberec,,Na Vršku",50.79563003,15.02855292,LI,CZ
"Liberec,,Na Vršku",50.7960205078125,15.029003143310547,LI,CZ
"Liberec,,Stráž nad Nisou Neumannova",50.78901672363281,15.029495239257812,LI,CZ
"Liberec,,Stráž nad Nisou Neumannova",50.78906452,15.02882075,LI,CZ
"Liberec,,Stráž nad Nisou Kateřinská",50.78972409,15.03734347,LI,CZ
"Liberec,,Stráž nad Nisou Kateřinská",50.78975801,15.03679093,LI,CZ
"Liberec,,Hrubínova",50.76211166381836,15.090420722961426,LI,CZ
"Liberec,,Hrubínova",50.762115478515625,15.090734481811523,LI,CZ
"Liberec,,U Terstu",50.766868591308594,15.089037895202637,LI,CZ
"Liberec,,U Terstu",50.76660688,15.08884455,LI,CZ
"Liberec,,Garáže ČSAD",50.74509811401367,15.051140785217285,LI,CZ
"Liberec,,Sametová",50.75891876220703,15.073529243469238,LI,CZ
"Liberec,,Sametová",50.75891876220703,15.074044227600098,LI,CZ
"Liberec,,U Lomu",50.76282501220703,15.074761390686035,LI,CZ
"Liberec,,U Lomu",50.76293182373047,15.074628829956055,LI,CZ
"Liberec,,Tržní náměstí",50.77361297607422,15.061883926391602,LI,CZ
"Liberec,,U Radčického potoka",50.794246673583984,15.041566848754883,LI,CZ
"Liberec,,Lidové sady - ZOO",50.777587890625,15.08138656616211,LI,CZ
"Liberec,,Lidové sady - ZOO",50.777442932128906,15.081521034240723,LI,CZ
"Liberec,,Riegrova",50.77630615234375,15.078843116760254,LI,CZ
"Liberec,,Riegrova",50.77641677856445,15.07923412322998,LI,CZ
"Liberec,,Botanická zahrada",50.77595138549805,15.074516296386719,LI,CZ
"Liberec,,Muzeum - Galerie Lázně",50.77421188354492,15.068305969238281,LI,CZ
"Liberec,,NC Géčko",50.77617263793945,15.029256820678711,LI,CZ
"Liberec,,Rybníček",50.76559829711914,15.052528381347656,LI,CZ
"Liberec,,Rybníček",50.765262603759766,15.05189037322998,LI,CZ
"Liberec,,Viadukt",50.764503479003906,15.042619705200195,LI,CZ
"Liberec,,Viadukt",50.76492691040039,15.043957710266113,LI,CZ
"Liberec,,Krkonošská",50.76084899902344,15.042240142822266,LI,CZ
"Liberec,,Krkonošská",50.760047912597656,15.042404174804688,LI,CZ
"Liberec,,Staré pekárny",50.75751495361328,15.043174743652344,LI,CZ
"Liberec,,Staré pekárny",50.75746154785156,15.04313850402832,LI,CZ
"Liberec,,Vápenka",50.755165100097656,15.040975570678711,LI,CZ
"Liberec,,Vápenka",50.75577163696289,15.042292594909668,LI,CZ
"Liberec,,Janův důl",50.752845764160156,15.036084175109863,LI,CZ
"Liberec,,Janův důl",50.752994537353516,15.037522315979004,LI,CZ
"Liberec,,Kubelíkova",50.750728607177734,15.032023429870605,LI,CZ
"Liberec,,Kubelíkova",50.751033782958984,15.032551765441895,LI,CZ
"Liberec,,Dolní Hanychov",50.74742126464844,15.027822494506836,LI,CZ
"Liberec,,Dolní Hanychov",50.747703552246094,15.028010368347168,LI,CZ
"Liberec,,Dolní Hanychov",50.74748229980469,15.028240203857422,LI,CZ
"Liberec,,Malodoubská",50.74399185180664,15.025327682495117,LI,CZ
"Liberec,,Malodoubská",50.74343490600586,15.024454116821289,LI,CZ
"Liberec,,Hanychov kostel",50.741580963134766,15.021220207214355,LI,CZ
"Liberec,,Hanychov kostel",50.74201965332031,15.021347999572754,LI,CZ
"Liberec,,Spáleniště",50.74026870727539,15.016921997070312,LI,CZ
"Liberec,,Spáleniště",50.7401123046875,15.017046928405762,LI,CZ
"Liberec,,Horní Hanychov",50.73794937133789,15.012177467346191,LI,CZ
"Liberec,,Horní Hanychov",50.7381591796875,15.012431144714355,LI,CZ
"Liberec,,Mlýnská",50.76414108276367,15.063531875610352,LI,CZ
"Liberec,,Mlýnská",50.76445770263672,15.061966896057129,LI,CZ
"Liberec,,Fügnerova",50.76625442504883,15.056205749511719,LI,CZ
"Liberec,,Rybníček",50.76436996459961,15.051607131958008,LI,CZ
"Liberec,,Rybníček",50.76453399658203,15.0519437789917,LI,CZ
"Liberec,,Textilana",50.76498794555664,15.06787109375,LI,CZ
"Liberec,,Textilana",50.76493835449219,15.067463874816895,LI,CZ
"Liberec,,Nová Ruda",50.756675720214844,15.079954147338867,LI,CZ
"Liberec,,Nová Ruda",50.756561279296875,15.079987525939941,LI,CZ
"Liberec,,Sídliště Nové Vratislavice",50.75264057,15.07917654,LI,CZ
"Liberec,,Sídliště Nové Vratislavice",50.75289809,15.07905048,LI,CZ
"Liberec,,Pivovarská",50.74879837036133,15.082610130310059,LI,CZ
"Liberec,,Lékárna",50.7457275390625,15.085367202758789,LI,CZ
"Liberec,,Lékárna",50.74602127075195,15.085183143615723,LI,CZ
"Liberec,,Vratislavice n.N. kostel",50.742835998535156,15.093812942504883,LI,CZ
"Liberec,,Vratislavice n.N. kostel",50.74293899536133,15.092778205871582,LI,CZ
"Liberec,,Vratislavice n.N. výhybna",50.740962982177734,15.102465629577637,LI,CZ
"Liberec,,Vratislavice n.N. výhybna",50.74110412597656,15.10204792022705,LI,CZ
"Liberec,,Vratislavice n.N. výhybna",50.74082238,15.10194715,LI,CZ
"Jablonec n.Nisou,Proseč n.Nisou,Za Tratí",50.73105239868164,15.111188888549805,LI,CZ
"Jablonec n.Nisou,Proseč n.Nisou,Za Tratí",50.73091506958008,15.1112642288208,LI,CZ
"Jablonec n.Nisou,,Měnírna",50.72209548950195,15.148130416870117,JN,CZ
"Jablonec n.Nisou,,Měnírna",50.72138595581055,15.147561073303223,JN,CZ
"Jablonec n.Nisou,,Brandl",50.72822952270508,15.152021408081055,JN,CZ
"Jablonec n.Nisou,,Liberecká",50.72567367553711,15.160298347473145,JN,CZ
"Jablonec n.Nisou,,Liberecká",50.72573471069336,15.160155296325684,JN,CZ
"Jablonec n.Nisou,,Tyršovy sady",50.723045349121094,15.16390609741211,JN,CZ
"Jablonec n.Nisou,,Tyršovy sady",50.72294235229492,15.164320945739746,JN,CZ
"Liberec,,ZŠ Vrchlického",50.782230377197266,15.058032989501953,LI,CZ
"Liberec,,Hlávkova",50.78556823730469,15.062724113464355,LI,CZ
"Liberec,,Pivovarská",50.7481689453125,15.083205223083496,LI,CZ
"Liberec,,Pavlovice křižovatka",50.78913497924805,15.044365882873535,LI,CZ
"Liberec,,Vratislavice n.N. kostel",50.743228912353516,15.091967582702637,LI,CZ
"Liberec,,Vratislavice n.N. kostel",50.742881774902344,15.093549728393555,LI,CZ
"Liberec,,Bedřichov",50.795040130615234,15.142823219299316,JN,CZ
"Liberec,,Bedřichov Maliník",50.7912712097168,15.130751609802246,JN,CZ
"Liberec,,Bedřichov Maliník",50.79118347167969,15.130403518676758,JN,CZ
"Liberec,,Bedřichov odb.",50.79277420043945,15.13352108001709,JN,CZ
"Liberec,,Nová Ruda",50.755916595458984,15.080288887023926,LI,CZ
"Liberec,,Rudolfov",50.78624725341797,15.111878395080566,LI,CZ
"Liberec,,Rudolfov",50.786155700683594,15.111963272094727,LI,CZ
"Liberec,,Vratislavice n.N. výhybna",50.74089050292969,15.102059364318848,LI,CZ
"Liberec,,Botanická zahrada",50.77585220336914,15.075732231140137,LI,CZ
"Liberec,,Botanická zahrada",50.77574157714844,15.075648307800293,LI,CZ
"Liberec,Vratislavice n.Nisou,Vratislavická Kyselka",50.73491030134695,15.105934242576534,LI,CZ
"Liberec,Vratislavice n.Nisou,Vratislavická Kyselka",50.734839851105264,15.10620916900056,JN,CZ
"Jablonec n.Nisou,Proseč n.Nisou,Nový Svět",50.722474198213405,15.130378140714939,JN,CZ
"Jablonec n.Nisou,Proseč n.Nisou,Nový Svět",50.72225005565763,15.130732192304905,JN,CZ
"Jablonec n.Nisou,,Zelené Údolí",50.72120240384118,15.144708084128021,JN,CZ
"Jablonec n.Nisou,,Zelené Údolí",50.72139513685168,15.14442511107695,JN,CZ
"Jablonec n.Nisou,Proseč n.Nisou,Proseč n.N. pošta",50.72810040819317,15.11612311577804,LI,CZ
"Jablonec n.Nisou,Proseč n.Nisou,Proseč n.N. pošta",50.728389040395555,15.115927314519952,LI,CZ
"Jablonec n.Nisou,Proseč n.Nisou,U Šamotky",50.72435326112126,15.124876259055755,LI,CZ
"Jablonec n.Nisou,Proseč n.Nisou,U Šamotky",50.724348167188445,15.124991594043395,LI,CZ
"Liberec,,UCT",50.73014182480512,15.04738010032279,LI,CZ
"Liberec,,Sokolská",50.7720833,15.0560828,LI,CZ
