"Olomouc,Nová Ulice",49.5774307250977,17.2308406829834,OC,CZ
"Olomouc,Nová Ulice",49.5778007507324,17.2301998138428,OC,CZ
"Olomouc,Pionýrská",49.5775184631348,17.2383403778076,OC,CZ
"Olomouc,Pionýrská",49.5782012939453,17.2385597229004,OC,CZ
"Olomouc,Fakultní nemocnice",49.580638885498,17.239990234375,OC,CZ
"Olomouc,Fakultní nemocnice",49.581298828125,17.2402191162109,OC,CZ
"Olomouc,Wolkerova",49.5852317810059,17.2424392700195,OC,CZ
"Olomouc,Wolkerova",49.5849494934082,17.2421607971191,OC,CZ
"Olomouc,Výstaviště Flora",49.5893211364746,17.2453498840332,OC,CZ
"Olomouc,Výstaviště Flora",49.5892791748047,17.2450294494629,OC,CZ
"Olomouc,Náměstí Hrdinů",49.5952606201172,17.2472496032715,OC,CZ
"Olomouc,Okresní soud",49.5917015075684,17.2493305206299,OC,CZ
"Olomouc,Okresní soud",49.5917015075684,17.2500400543213,OC,CZ
"Olomouc,Tržnice",49.5893211364746,17.2536392211914,OC,CZ
"Olomouc,Tržnice",49.5890998840332,17.2542991638184,OC,CZ
"Olomouc,Envelopa",49.5896415710449,17.2628498077393,OC,CZ
"Olomouc,Envelopa",49.5896186828613,17.2620105743408,OC,CZ
"Olomouc,Vejdovského",49.5904083251953,17.2696895599365,OC,CZ
"Olomouc,Vejdovského",49.5906105041504,17.2702903747559,OC,CZ
"Olomouc,Hlavní nádraží",49.5917701721191,17.2777805328369,OC,CZ
"Olomouc,Hlavní nádraží",49.5923156738281,17.2776584625244,OC,CZ
"Olomouc,Fibichova",49.5894813537598,17.2787609100342,OC,CZ
"Olomouc,Fibichova",49.5897903442383,17.2785091400146,OC,CZ
"Olomouc,Neředín,kremat.",49.595458984375,17.2180500030518,OC,CZ
"Olomouc,Neředín,kremat.",49.5953788757324,17.2164001464844,OC,CZ
"Olomouc,Hřbitovy",49.5960083007813,17.2237396240234,OC,CZ
"Olomouc,Hřbitovy",49.595890045166,17.222240447998,OC,CZ
"Olomouc,U Kovárny",49.5964508056641,17.2285594940186,OC,CZ
"Olomouc,U Kovárny",49.5965194702148,17.2279396057129,OC,CZ
"Olomouc,Pražská",49.5965309143066,17.2315902709961,OC,CZ
"Olomouc,Pražská",49.5965690612793,17.2309608459473,OC,CZ
"Olomouc,Šibeník",49.5962715148926,17.2380599975586,OC,CZ
"Olomouc,Šibeník",49.5965690612793,17.2375602722168,OC,CZ
"Olomouc,Nádraží město",49.5952682495117,17.2423095703125,OC,CZ
"Olomouc,Nádraží město",49.5951881408691,17.2416896820068,OC,CZ
"Olomouc,Palackého",49.595760345459,17.246410369873,OC,CZ
"Olomouc,Palackého",49.5959281921387,17.2457103729248,OC,CZ
"Olomouc,U Sv. Mořice",49.5953712463379,17.2503890991211,OC,CZ
"Olomouc,U Sv. Mořice",49.595588684082,17.2521305084229,OC,CZ
"Olomouc,Nám. Republiky",49.5961990356445,17.2574100494385,OC,CZ
"Olomouc,Nám. Republiky",49.5961608886719,17.2568607330322,OC,CZ
"Olomouc,U Dómu",49.5969200134277,17.2608890533447,OC,CZ
"Olomouc,U Dómu",49.5970001220703,17.2611770629883,OC,CZ
"Olomouc,Žižkovo nám.",49.5959815979004,17.2653999328613,OC,CZ
"Olomouc,Žižkovo nám.",49.5961685180664,17.2649707794189,OC,CZ
"Olomouc,U Bystřičky",49.5946388244629,17.2703304290771,OC,CZ
"Olomouc,U Bystřičky",49.5943603515625,17.2714805603027,OC,CZ
"Olomouc,U Kapličky",49.5751991271973,17.2480449676514,OC,CZ
"Olomouc,U Kapličky",49.5748558044434,17.247896194458,OC,CZ
"Olomouc,Rožňavská",49.5770721435547,17.2506618499756,OC,CZ
"Olomouc,Rožňavská",49.5770378112793,17.2497673034668,OC,CZ
"Olomouc,Zikova",49.5775680541992,17.256706237793,OC,CZ
"Olomouc,Zikova",49.5776023864746,17.2555618286133,OC,CZ
"Olomouc,Trnkova",49.5798492431641,17.2570838928223,OC,CZ
"Olomouc,Trnkova",49.5801315307617,17.2568664550781,OC,CZ
"Olomouc,V Kotlině",49.583683013916,17.2596473693848,OC,CZ
"Olomouc,V Kotlině",49.5833473205566,17.2598819732666,OC,CZ
"Olomouc,Šantovka",49.5879325866699,17.2578430175781,OC,CZ
"Olomouc,Šantovka",49.5876541137695,17.2580986022949,OC,CZ
"Olomouc,Okresní soud",49.5922012329102,17.2492904663086,OC,CZ
"Olomouc,Náměstí Hrdinů",49.5947608947754,17.2471694946289,OC,CZ
"Olomouc,Aut.nádraží podchod",49.5889282226563,17.2845497131348,OC,CZ
"Olomouc,Aut.nádraží podchod",49.5887298583984,17.2837696075439,OC,CZ
"Olomouc,Hodolanská",49.5920715332031,17.2857398986816,OC,CZ
"Olomouc,Hodolanská",49.5910682678223,17.2863807678223,OC,CZ
"Olomouc,Husův sbor",49.5941886901855,17.2829494476318,OC,CZ
"Olomouc,Husův sbor",49.5932006835938,17.2843208312988,OC,CZ
"Olomouc,Bělidla",49.5968399047852,17.2784004211426,OC,CZ
"Olomouc,Bělidla",49.596549987793,17.2786998748779,OC,CZ
"Olomouc,Pavlovická",49.60205078125,17.2777996063232,OC,CZ
"Olomouc,Pavlovičky",49.6014289855957,17.2762908935547,OC,CZ
"Olomouc,Civilní obrana",49.5975303649902,17.2987003326416,OC,CZ
"Olomouc,Civilní obrana",49.5974311828613,17.2991600036621,OC,CZ
"Olomouc,Pavelkova",49.5932731628418,17.3003559112549,OC,CZ
"Olomouc,Pavelkova",49.5935249328613,17.3006038665771,OC,CZ
"Olomouc,Lipenská",49.5898704528809,17.298999786377,OC,CZ
"Olomouc,Lipenská",49.5908317565918,17.3002395629883,OC,CZ
"Olomouc,Aut.nádraží podchod",49.5886917114258,17.2847995758057,OC,CZ
"Olomouc,Aut.nádraží podchod",49.5884895324707,17.284688949585,OC,CZ
"Olomouc,Trnkova",49.5797004699707,17.2572193145752,OC,CZ
"Olomouc,Trnkova",49.5794410705566,17.2574996948242,OC,CZ
"Olomouc,Povel, škola",49.5800094604492,17.2489109039307,OC,CZ
"Olomouc,Povel, škola",49.5799789428711,17.2487297058105,OC,CZ
"Olomouc,Hotelový dům",49.582218170166,17.2454891204834,OC,CZ
"Olomouc,Fakultní nemocnice",49.5807609558105,17.239709854126,OC,CZ
"Olomouc,Fakultní nemocnice",49.5804786682129,17.240119934082,OC,CZ
"Olomouc,Pionýrská",49.5775299072266,17.2379894256592,OC,CZ
"Olomouc,Pionýrská",49.5771408081055,17.2383308410645,OC,CZ
"Olomouc,Nová Ulice",49.5777015686035,17.230920791626,OC,CZ
"Olomouc,Nová Ulice",49.5775108337402,17.2309703826904,OC,CZ
"Olomouc,Okružní",49.5812301635742,17.2260704040527,OC,CZ
"Olomouc,Okružní",49.5806694030762,17.2264995574951,OC,CZ
"Olomouc,Profesora Fuky",49.5841369628906,17.2254695892334,OC,CZ
"Olomouc,Profesora Fuky",49.5841331481934,17.2247543334961,OC,CZ
"Olomouc,Karafiátová",49.5868911743164,17.2300796508789,OC,CZ
"Olomouc,Karafiátová",49.5863304138184,17.2298698425293,OC,CZ
"Olomouc,Stupkova",49.5887107849121,17.2316303253174,OC,CZ
"Olomouc,Stupkova",49.5881004333496,17.2304992675781,OC,CZ
"Olomouc,Jílová",49.5906715393066,17.2320804595947,OC,CZ
"Olomouc,Jílová",49.5900001525879,17.2321796417236,OC,CZ
"Olomouc,Kmochova",49.5931282043457,17.2313499450684,OC,CZ
"Olomouc,Kmochova",49.5930404663086,17.2311305999756,OC,CZ
"Olomouc,Foerstrova",49.5949897766113,17.2325496673584,OC,CZ
"Olomouc,Foerstrova",49.5947914123535,17.2322101593018,OC,CZ
"Olomouc,Šibeník",49.5975914001465,17.2368793487549,OC,CZ
"Olomouc,Šibeník",49.5978317260742,17.236759185791,OC,CZ
"Olomouc,Gymnázium Hejčín",49.6007385253906,17.2369804382324,OC,CZ
"Olomouc,Gymnázium Hejčín",49.6005592346191,17.2368698120117,OC,CZ
"Olomouc,Ladova",49.6024703979492,17.2418804168701,OC,CZ
"Olomouc,Ladova",49.6028099060059,17.2410202026367,OC,CZ
"Olomouc,Na Trati",49.602668762207,17.2360706329346,OC,CZ
"Olomouc,Na Trati",49.6022796630859,17.2363395690918,OC,CZ
"Olomouc,Svatoplukova",49.6053504943848,17.2320899963379,OC,CZ
"Olomouc,Svatoplukova",49.6055603027344,17.231330871582,OC,CZ
"Olomouc,Řepčín, Máchova",49.6087608337402,17.2283592224121,OC,CZ
"Olomouc,Řepčín, Máchova",49.608039855957,17.2287406921387,OC,CZ
"Olomouc,Řepčín, železárny",49.6122512817383,17.225700378418,OC,CZ
"Olomouc,Ladova",49.6022796630859,17.2432498931885,OC,CZ
"Olomouc,Na Střelnici",49.5980911254883,17.2515296936035,OC,CZ
"Olomouc,Na Střelnici",49.5989799499512,17.2513904571533,OC,CZ
"Olomouc,Náměstí Hrdinů",49.5942916870117,17.2471504211426,OC,CZ
"Olomouc,Náměstí Hrdinů",49.5965881347656,17.2472095489502,OC,CZ
"Olomouc,Tržnice",49.5897216796875,17.2526092529297,OC,CZ
"Olomouc,Tržnice",49.5895118713379,17.253589630127,OC,CZ
"Olomouc,Envelopa",49.5905914306641,17.2613296508789,OC,CZ
"Olomouc,Envelopa",49.590518951416,17.2609195709229,OC,CZ
"Olomouc,17. listopadu",49.5948715209961,17.2651195526123,OC,CZ
"Olomouc,17. listopadu",49.5948181152344,17.2647495269775,OC,CZ
"Olomouc,Hlavní nádraží",49.5921211242676,17.2773494720459,OC,CZ
"Olomouc,Hlavní nádraží",49.5921287536621,17.2776298522949,OC,CZ
"Olomouc,Hlavní nádraží",49.5918617248535,17.2774696350098,OC,CZ
"Olomouc,Na Špici",49.5997200012207,17.2741603851318,OC,CZ
"Olomouc,Na Špici",49.5983009338379,17.2745094299316,OC,CZ
"Olomouc,Na Pile",49.6041488647461,17.2797107696533,OC,CZ
"Olomouc,Na Pile",49.6046600341797,17.2799396514893,OC,CZ
"Olomouc,Chválkovická - Epava",49.6070213317871,17.2822093963623,OC,CZ
"Olomouc,Chválkovická - Epava",49.6072387695313,17.2821407318115,OC,CZ
"Olomouc,Na Rohu",49.6115303039551,17.2866897583008,OC,CZ
"Olomouc,Na Rohu",49.6116981506348,17.2865505218506,OC,CZ
"Olomouc,Kubatova",49.6147003173828,17.2918605804443,OC,CZ
"Olomouc,Týneček",49.6225204467773,17.2952003479004,OC,CZ
"Olomouc,Selské náměstí",49.6142387390137,17.293119430542,OC,CZ
"Olomouc,Selské náměstí",49.6141815185547,17.292839050293,OC,CZ
"Olomouc,Domov seniorů",49.6157302856445,17.2965297698975,OC,CZ
"Olomouc,Domov seniorů",49.6159782409668,17.2967700958252,OC,CZ
"Olomouc,Samotišky",49.6255493164063,17.326789855957,OC,CZ
"Olomouc,Samotišky",49.6256484985352,17.3266296386719,OC,CZ
"Olomouc,Droždín, škola",49.6162910461426,17.3307209014893,OC,CZ
"Olomouc,Droždín, dol. konec",49.617259979248,17.328950881958,OC,CZ
"Olomouc,Droždínská zatáčka",49.6195602416992,17.3362102508545,OC,CZ
"Olomouc,Droždínská zatáčka",49.6211318969727,17.3346195220947,OC,CZ
"Olomouc,Svatý Kopeček, bazil.",49.6289405822754,17.3410701751709,OC,CZ
"Olomouc,Svatý Kopeček, bazil.",49.6287002563477,17.3402404785156,OC,CZ
"Olomouc,Svatý Kopeček, ZOO",49.6302604675293,17.347770690918,OC,CZ
"Olomouc,Svatý Kopeček, ZOO",49.6304397583008,17.347900390625,OC,CZ
"Olomouc,Radíkov, zahrádky",49.6354713439941,17.3578796386719,OC,CZ
"Olomouc,Radíkov, zahrádky",49.6355209350586,17.3578300476074,OC,CZ
"Olomouc,Radíkov",49.6364707946777,17.363109588623,OC,CZ
"Olomouc,Radíkov",49.6360511779785,17.3629608154297,OC,CZ
"Olomouc,U Lesa",49.6296691894531,17.3577194213867,OC,CZ
"Olomouc,Lošov",49.6208000183105,17.3628597259521,OC,CZ
"Olomouc,Lošov, Svolinského",49.6202011108398,17.3640804290771,OC,CZ
"Olomouc,Lošov, Svolinského",49.6198310852051,17.3639793395996,OC,CZ
"Olomouc,Erenburgova",49.5995101928711,17.2320594787598,OC,CZ
"Olomouc,Erenburgova",49.5995101928711,17.2322406768799,OC,CZ
"Olomouc,Foerstrova, pošta",49.59130859375,17.2354393005371,OC,CZ
"Olomouc,Foerstrova, pošta",49.5915489196777,17.2355194091797,OC,CZ
"Olomouc,Dvořákova",49.5895118713379,17.2383193969727,OC,CZ
"Olomouc,Dvořákova",49.588939666748,17.2394008636475,OC,CZ
"Olomouc,Zenit",49.5810203552246,17.2507095336914,OC,CZ
"Olomouc,Zenit",49.5819892883301,17.2472991943359,OC,CZ
"Olomouc,Velkomoravská",49.5812301635742,17.2585601806641,OC,CZ
"Olomouc,Velkomoravská",49.5810699462891,17.2550106048584,OC,CZ
"Olomouc,U Teplárny",49.5855102539063,17.2686901092529,OC,CZ
"Olomouc,U Teplárny",49.5853004455566,17.2688407897949,OC,CZ
"Olomouc,Vejdovského",49.5905799865723,17.2708396911621,OC,CZ
"Olomouc,Vejdovského",49.5897407531738,17.2703094482422,OC,CZ
"Olomouc,Kosmonautů",49.5918388366699,17.2747802734375,OC,CZ
"Olomouc,Hlavní nádraží",49.5922584533691,17.2775707244873,OC,CZ
"Olomouc,Fibichova",49.5888404846191,17.2769107818604,OC,CZ
"Olomouc,Fibichova",49.5889701843262,17.2772197723389,OC,CZ
"Olomouc,ČSAD",49.5862808227539,17.2903099060059,OC,CZ
"Olomouc,ČSAD",49.5868110656738,17.2901992797852,OC,CZ
"Olomouc,Pekárny",49.5820693969727,17.2931995391846,OC,CZ
"Olomouc,Pekárny",49.5827217102051,17.293140411377,OC,CZ
"Olomouc,U Mlýna",49.5751800537109,17.2948608398438,OC,CZ
"Olomouc,U Mlýna",49.5757484436035,17.2948703765869,OC,CZ
"Olomouc,Holice",49.5716514587402,17.2956695556641,OC,CZ
"Olomouc,Keplerova",49.5696907043457,17.2912902832031,OC,CZ
"Olomouc,Keplerova",49.5689086914063,17.2912693023682,OC,CZ
"Olomouc,Průmyslová",49.5734481811523,17.290210723877,OC,CZ
"Olomouc,Průmyslová",49.5736198425293,17.2901992797852,OC,CZ
"Olomouc,Nový Dvůr",49.547908782959,17.2788600921631,OC,CZ
"Olomouc,Vejdovského",49.5903701782227,17.2686901092529,OC,CZ
"Olomouc,Zora",49.5861511230469,17.2751407623291,OC,CZ
"Olomouc,Konzum",49.5819702148438,17.2733497619629,OC,CZ
"Olomouc,Konzum",49.5816192626953,17.2734203338623,OC,CZ
"Olomouc,Přichystalova",49.5774917602539,17.2700004577637,OC,CZ
"Olomouc,Nový Svět",49.5823402404785,17.2740993499756,OC,CZ
"Olomouc,Nový Svět",49.5824699401855,17.2738494873047,OC,CZ
"Olomouc,Holická, Grapo",49.5807113647461,17.2788105010986,OC,CZ
"Olomouc,Holická, Grapo",49.5808906555176,17.2789192199707,OC,CZ
"Olomouc,Šlechtitelů",49.5758018493652,17.2790088653564,OC,CZ
"Olomouc,Šlechtitelů",49.5745582580566,17.2786197662354,OC,CZ
"Olomouc,Panelárna",49.6030883789063,17.2922706604004,OC,CZ
"Olomouc,Panelárna",49.602970123291,17.2926292419434,OC,CZ
"Olomouc,Presbeton",49.6014213562012,17.2896099090576,OC,CZ
"Olomouc,Presbeton",49.6011695861816,17.2896595001221,OC,CZ
"Olomouc,Dopravní stavby",49.5993804931641,17.2890300750732,OC,CZ
"Olomouc,Dopravní stavby",49.5994300842285,17.2891292572021,OC,CZ
"Olomouc,Olma",49.5869903564453,17.2998695373535,OC,CZ
"Olomouc,Pasteurova",49.5991287231445,17.2720394134521,OC,CZ
"Olomouc,U Bristolu",49.598030090332,17.2668991088867,OC,CZ
"Olomouc,U Bristolu",49.5980987548828,17.2667007446289,OC,CZ
"Olomouc,Na Letné",49.6004409790039,17.2622394561768,OC,CZ
"Olomouc,Na Letné",49.6005592346191,17.262659072876,OC,CZ
"Olomouc,Náměstí Hrdinů",49.5968017578125,17.2471809387207,OC,CZ
"Olomouc,Rooseveltova",49.5858116149902,17.255199432373,OC,CZ
"Olomouc,Rooseveltova",49.5850410461426,17.2560501098633,OC,CZ
"Olomouc,Za Poštou",49.5823097229004,17.2565994262695,OC,CZ
"Olomouc,Za Poštou",49.5826301574707,17.2567691802979,OC,CZ
"Olomouc,U Rybářského stavu",49.5769004821777,17.2576599121094,OC,CZ
"Olomouc,U Rybářského stavu",49.576961517334,17.2579708099365,OC,CZ
"Olomouc,Nové Sady",49.5721206665039,17.2591800689697,OC,CZ
"Olomouc,Nové Sady",49.5722694396973,17.2593307495117,OC,CZ
"Olomouc,Andělská",49.5685997009277,17.2608737945557,OC,CZ
"Olomouc,Andělská",49.5688934326172,17.2608985900879,OC,CZ
"Olomouc,Čistička",49.5659294128418,17.2625408172607,OC,CZ
"Olomouc,Ahold",49.5624694824219,17.261510848999,OC,CZ
"Olomouc,Černovír",49.6181602478027,17.2580509185791,OC,CZ
"Olomouc,Černovír",49.6181602478027,17.2582397460938,OC,CZ
"Olomouc,Na Sezníku",49.6164894104004,17.257640838623,OC,CZ
"Olomouc,Frajtovo náměstí",49.6125106811523,17.2567195892334,OC,CZ
"Olomouc,Frajtovo náměstí",49.6134490966797,17.2563896179199,OC,CZ
"Olomouc,Farmak",49.6116218566895,17.2637901306152,OC,CZ
"Olomouc,Stratilova",49.6110496520996,17.2590599060059,OC,CZ
"Olomouc,Stratilova",49.6110191345215,17.2596492767334,OC,CZ
"Olomouc,Jablonského",49.6080589294434,17.2598495483398,OC,CZ
"Olomouc,Jablonského",49.6078109741211,17.260160446167,OC,CZ
"Olomouc,Klášterní Hradisko",49.6047897338867,17.2634105682373,OC,CZ
"Olomouc,Klášterní Hradisko",49.6041297912598,17.2647094726563,OC,CZ
"Olomouc,Černá cesta",49.5992088317871,17.267240524292,OC,CZ
"Olomouc,Černá cesta",49.5996704101563,17.2671298980713,OC,CZ
"Olomouc,Lipenská",49.5896301269531,17.2995300292969,OC,CZ
"Olomouc,Peugeot",49.5901298522949,17.3152904510498,OC,CZ
"Olomouc,Peugeot",49.5905914306641,17.3157901763916,OC,CZ
"Olomouc,Bystrovany, Lidl sklad",49.5924110412598,17.313570022583,OC,CZ
"Olomouc,Bystrovany, U Bystřičky",49.594409942627,17.3233604431152,OC,CZ
"Olomouc,Bystrovany, U Bystřičky",49.5936508178711,17.3232002258301,OC,CZ
"Olomouc,Bystrovany, škola",49.5967216491699,17.3238391876221,OC,CZ
"Olomouc,Bystrovany, škola",49.5964508056641,17.3237590789795,OC,CZ
"Olomouc,Bystrovany, Horizont",49.6024703979492,17.3244705200195,OC,CZ
"Olomouc,Bystrovany, Horizont",49.6023788452148,17.3242206573486,OC,CZ
"Olomouc,Droždín, U Cihelny",49.6151390075684,17.3292808532715,OC,CZ
"Olomouc,Droždín, U Cihelny",49.6139984130859,17.3285999298096,OC,CZ
"Olomouc,Droždín, škola",49.6160697937012,17.3315200805664,OC,CZ
"Olomouc,Droždín, Horní Úlehla",49.6129913330078,17.3340301513672,OC,CZ
"Olomouc,Droždín, Horní Úlehla",49.612678527832,17.3343906402588,OC,CZ
"Olomouc,Droždín, Bukovanská",49.6106872558594,17.3369922637939,OC,CZ
"Olomouc,Bukovany",49.6057891845703,17.3454704284668,OC,CZ
"Olomouc,Centrum Haná",49.5738906860352,17.2290325164795,OC,CZ
"Olomouc,Centrum Haná",49.5739974975586,17.2292404174805,OC,CZ
"Olomouc,Tabulový vrch",49.5832481384277,17.2225608825684,OC,CZ
"Olomouc,Tabulový vrch",49.5834312438965,17.2228107452393,OC,CZ
"Olomouc,Svornosti",49.5941505432129,17.2349605560303,OC,CZ
"Olomouc,Svornosti",49.5941390991211,17.2340202331543,OC,CZ
"Olomouc,Náměstí Hrdinů",49.5938491821289,17.2472190856934,OC,CZ
"Olomouc,Náměstí Hrdinů",49.5942497253418,17.2474403381348,OC,CZ
"Olomouc,Tržnice",49.5898513793945,17.2523593902588,OC,CZ
"Olomouc,Tržnice",49.5896682739258,17.2532501220703,OC,CZ
"Olomouc,Smetanovy sady",49.5860900878906,17.254430770874,OC,CZ
"Olomouc,Smetanovy sady",49.5853309631348,17.252950668335,OC,CZ
"Olomouc,U Botanické zahrady",49.5847396850586,17.2492504119873,OC,CZ
"Olomouc,U Botanické zahrady",49.5837593078613,17.2494297027588,OC,CZ
"Olomouc,U Kapličky",49.5743598937988,17.2482395172119,OC,CZ
"Olomouc,Jižní",49.5708084106445,17.2477893829346,OC,CZ
"Olomouc,Slavonínská",49.5706596374512,17.2531204223633,OC,CZ
"Olomouc,Farmak",49.6116485595703,17.263370513916,OC,CZ
"Olomouc,Farmak",49.6115684509277,17.2628307342529,OC,CZ
"Olomouc,Frajtovo náměstí",49.6130294799805,17.2558097839355,OC,CZ
"Olomouc,Lazce, kaple",49.6103897094727,17.2519207000732,OC,CZ
"Olomouc,Lazce, kaple",49.6102104187012,17.2520503997803,OC,CZ
"Olomouc,Lazce",49.6070213317871,17.2521495819092,OC,CZ
"Olomouc,Lazce",49.607349395752,17.252269744873,OC,CZ
"Olomouc,Finanční úřad",49.6017684936523,17.2521305084229,OC,CZ
"Olomouc,Finanční úřad",49.6038093566895,17.2525005340576,OC,CZ
"Olomouc,U Kapličky",49.574031829834,17.2480201721191,OC,CZ
"Olomouc,Jižní",49.5704498291016,17.2476501464844,OC,CZ
"Olomouc,Slavonín, Dům seniorů",49.5690612792969,17.2408409118652,OC,CZ
"Olomouc,Slavonín, křižovatka",49.5687484741211,17.2366790771484,OC,CZ
"Olomouc,Slavonín, křižovatka",49.5686683654785,17.2370796203613,OC,CZ
"Olomouc,Kyselovská",49.5642318725586,17.2366199493408,OC,CZ
"Olomouc,Kyselovská",49.5647010803223,17.2365303039551,OC,CZ
"Olomouc,Slavonín, Cihelna",49.560791015625,17.2420997619629,OC,CZ
"Olomouc,Slavonín, Cihelna",49.5606689453125,17.2427005767822,OC,CZ
"Olomouc,Nemilany",49.5573806762695,17.2486591339111,OC,CZ
"Olomouc,Tomkova",49.6043510437012,17.2397193908691,OC,CZ
"Olomouc,Tomkova",49.6040992736816,17.2392807006836,OC,CZ
"Olomouc,Řepčínská",49.6064186096191,17.2351493835449,OC,CZ
"Olomouc,Řepčínská",49.6061210632324,17.2354507446289,OC,CZ
"Olomouc,Řepčín, škola",49.6073799133301,17.231409072876,OC,CZ
"Olomouc,Řepčín, škola",49.6071281433105,17.2304992675781,OC,CZ
"Olomouc,Řepčín, železárny",49.6126594543457,17.2254295349121,OC,CZ
"Olomouc,Poděbrady",49.623161315918,17.2185497283936,OC,CZ
"Olomouc,Poděbrady",49.6228485107422,17.2188205718994,OC,CZ
"Olomouc,Horka, U Přejezdu",49.6302108764648,17.2086200714111,OC,CZ
"Olomouc,Horka, U Přejezdu",49.6303291320801,17.2083606719971,OC,CZ
"Olomouc,Horka",49.6369705200195,17.2066802978516,OC,CZ
"Olomouc,Horka",49.6370887756348,17.20631980896,OC,CZ
"Olomouc,Horka, škola",49.6388511657715,17.2037200927734,OC,CZ
"Olomouc,Horka, škola",49.6386985778809,17.2038097381592,OC,CZ
"Olomouc,Skrbeň",49.6419410705566,17.1793193817139,OC,CZ
"Olomouc,Tržnice, plocha",49.5889015197754,17.2541904449463,OC,CZ
"Olomouc,Horka, areál Delta",49.6273384094238,17.2052898406982,OC,CZ
"Olomouc,Horka, Obecní úřad",49.6391906738281,17.2097606658936,OC,CZ
"Olomouc,Horka, Obecní úřad",49.6392784118652,17.2095603942871,OC,CZ
"Olomouc,Horka, Sedlisko",49.6398391723633,17.2171096801758,OC,CZ
"Olomouc,Horka, Sedlisko",49.6399116516113,17.2176895141602,OC,CZ
"Olomouc,Horecká",49.6396408081055,17.2310199737549,OC,CZ
"Olomouc,Horecká",49.6399192810059,17.2312507629395,OC,CZ
"Olomouc,Chomoutov, škola",49.6431884765625,17.2306804656982,OC,CZ
"Olomouc,Chomoutov, škola",49.6429595947266,17.2306995391846,OC,CZ
"Olomouc,Aquapark",49.5740737915039,17.2231330871582,OC,CZ
"Olomouc,Horní Lán",49.5737686157227,17.225700378418,OC,CZ
"Olomouc,Hněvotínská",49.585880279541,17.2312507629395,OC,CZ
"Olomouc,Hněvotínská",49.5859794616699,17.2311706542969,OC,CZ
"Olomouc,Lékařská fakulta",49.5876312255859,17.2378196716309,OC,CZ
"Olomouc,Lékařská fakulta",49.5876693725586,17.2373600006104,OC,CZ
"Olomouc,Envelopa",49.5895195007324,17.2625198364258,OC,CZ
"Olomouc,Envelopa",49.5898284912109,17.2632007598877,OC,CZ
"Olomouc,Technologická",49.5775985717773,17.2831993103027,OC,CZ
"Olomouc,Technologický park",49.5679931640625,17.2050533294678,OC,CZ
"Olomouc,Nedvězí",49.5569839477539,17.2117748260498,OC,CZ
"Olomouc,Slavonín, Zolova",49.5691223144531,17.2299365997314,OC,CZ
"Olomouc,Kaufland",49.5880813598633,17.2715396881104,OC,CZ
"Olomouc,Hamerská, ADM",49.5852699279785,17.3075695037842,OC,CZ
"Olomouc,Hamerská, ADM",49.5852088928223,17.3078002929688,OC,CZ
"Olomouc,Hamerská",49.5829811096191,17.3034496307373,OC,CZ
"Olomouc,Staškova",49.5784187316895,17.2985801696777,OC,CZ
"Olomouc,Staškova",49.5789184570313,17.2990493774414,OC,CZ
"Olomouc,Týnecká",49.5752410888672,17.2970752716064,OC,CZ
"Olomouc,Týnecká",49.5754013061523,17.2971801757813,OC,CZ
"Olomouc,Kaufland, sklad",49.5640983581543,17.3070602416992,OC,CZ
"Olomouc,Stiborova",49.5903167724609,17.2242527008057,OC,CZ
"Olomouc,Stiborova",49.5888214111328,17.2238883972168,OC,CZ
"Olomouc,Neředín, krematorium",49.595458984375,17.2165203094482,OC,CZ
"Olomouc,Neředín, krematorium",49.595329284668,17.2173500061035,OC,CZ
"Olomouc,Pod Letištěm",49.5917587280273,17.2005100250244,OC,CZ
"Olomouc,Pod Letištěm",49.5916595458984,17.2003803253174,OC,CZ
"Olomouc,Topolany",49.5853385925293,17.1783504486084,OC,CZ
"Olomouc,Topolany",49.5855903625488,17.178840637207,OC,CZ
"Olomouc,Olomouc CITY",49.6012916564941,17.2199115753174,OC,CZ
"Olomouc,Globus",49.6005096435547,17.2238693237305,OC,CZ
"Olomouc,Kafkova",49.5748481750488,17.2274703979492,OC,CZ
"Olomouc,Slavonín, Zolova",49.5693168640137,17.2301158905029,OC,CZ
"Olomouc,Nedvězí",49.5571899414063,17.2113971710205,OC,CZ
"Olomouc,U Zlaté koule",49.5967903137207,17.2355899810791,OC,CZ
"Olomouc,Týneček",49.6223907470703,17.2954292297363,OC,CZ
"Olomouc,Kubatova",49.6141395568848,17.2924098968506,OC,CZ
"Olomouc,Sigma",49.6075286865234,17.2894191741943,OC,CZ
"Olomouc,AŽD",49.6079597473145,17.2866096496582,OC,CZ
"Olomouc,AŽD",49.6079406738281,17.2859992980957,OC,CZ
"Olomouc,Tyfloservis",49.5797691345215,17.2327499389648,OC,CZ
"Olomouc,FN, Ortopedie",49.5819892883301,17.2369594573975,OC,CZ
"Olomouc,FN, U Lékárny",49.5831413269043,17.2391891479492,OC,CZ
"Olomouc,FN, III. interní klinika",49.5838890075684,17.239200592041,OC,CZ
"Olomouc,FN, Ředitelství",49.5852699279785,17.2400798797607,OC,CZ
"Olomouc,FN, Centrální příjem",49.5846786499023,17.2378692626953,OC,CZ
"Olomouc,FN, Zdravotníků",49.5858688354492,17.238899230957,OC,CZ
"Olomouc,Slavonínská",49.5705299377441,17.2528896331787,OC,CZ
"Olomouc,Dlouhá",49.6007194519043,17.2576293945313,OC,CZ
"Olomouc,Wolkerova",49.5844383239746,17.2422504425049,OC,CZ
