"Absetz,Gh.Tanneneck",49.22741,13.02162,,D
Abzw.Ottenzell,49.203775,13.00327,,D
"Arber Bergbahn,Talstation",49.12147,13.14215,,D
"Arnbruck,Dorfplatz",49.12932,12.99756,,D
"Arrach,Bahnhof",49.19559,13.00248,,D
"Bad Leonfelden,Stadtplatz",48.5223,14.29393,,A
"Bärnau,Post",49.80978,12.43138,,D
"Bayer.Eisenstein,Arbersee",49.09903,13.15914,,D
"Bayer.Eisenstein,Häusl",49.12525,13.19607,,D
"Bayer.Eisenstein,Jugendherberge",49.12611,13.18904,,D
"Bayer.Eisenstein,Local-Bahn-Museum",49.11975,13.20346,,D
"Bayer.Eisenstein,Neuhütte",49.12641,13.18805,,D
"Bayer.Eisenstein,P-Grenzübergang",49.12212,13.2027,,D
Běleč,50.1975961,15.9421532,HK,CZ
"Benešov,Konopiště,Růžová zahrada",49.7784,14.65655,BN,CZ
"Blansko,Areál ČKD",49.35331,16.67353,BK,CZ
"Blansko,Arnoštovo údolí",49.35307,16.66904,BK,CZ
"Blansko,Gellhornova",49.34967,16.65628,BK,CZ
"Blansko,Gellhornova rozcestí",49.35242,16.68259,BK,CZ
"Blansko,průmyslová zóna - jih",49.3721,16.64125,BK,CZ
"Blansko,Starohraběcí huť",49.35653,16.68407,BK,CZ
"Blatnice,CTPark",49.71302,13.17517,PS,CZ
"Blatnice p.Sv.Antonínkem,křiž.",48.94552,17.46264,HO,CZ
"Blučina,obch.stř.",49.07967,16.69353,BO,CZ
"Bodenmais,Bretterschachten Langlaufzentrum",49.0739769,13.1564226,,D
"Bodenmais,Cafe Winklstüberl",49.067333,13.1096273,,D
"Bodenmais,Hochstraße Abzweig Rodelbahn",49.07003,13.13082,,D
"Bodenmais,Hotel Waldeck",49.0673379,13.1113927,,D
"Bodenmais,Joska Arkaden",49.06959,13.09505,,D
"Bodenmais,Mooshof",49.07542,13.079885,,D
"Bodenmais,Rathaus",49.06763,13.10356,,D
"Bodenmais,Seniorenresidenz",49.07369,13.08633,,D
"Bodenmais,Silberberg Sesselbahn Talstation",49.0617,13.11808,,D
"Bohdalice-Pavlovice,Pavlovice",49.21196,17.05991,VY,CZ
"Bor,Nová Hospoda,restaurace",49.74683,12.77561,TC,CZ
"Bor,Vysočany,CPI Park Mlýnec",49.70121,12.73467,TC,CZ
"Borek,samoobsl.",49.693184,18.659689,FM,CZ
"Boršice u Blatnice,rozc.Suchov",48.92766,17.55446,UH,CZ
"Boskovice,Hybešova",49.4872,16.67431,BK,CZ
"Boskovice,Na Výsluní",49.48951,16.66617,BK,CZ
"Boskovice,podnikatelský park",49.49884,16.6657,BK,CZ
"Božičany,KSNP",50.2525483,12.7671453,KV,CZ
"Brennes,Sporthotel",49.134,13.144,,D
"Březina,jeskyně Výpustek",49.29144,16.7269,BK,CZ
"Březina,Lhotky,rozc.1.7",49.28682,16.76438,BK,CZ
"Březina,Táborská",49.28148,16.7493,BK,CZ
"Březina,U pomníku",49.28202,16.75431,BK,CZ
"Březina,u sokolovny",49.28418,16.75947,BK,CZ
"Březno,Střezov",50.39112,13.43454,CV,CZ
"Březová,Jančí,rozc.",49.7747231,17.8579503,OP,CZ
"Březová,Lesní Albrechtice,křiž.",49.8044242,17.8619367,OP,CZ
"Brno,Bratislavská",49.2003861,16.6233219,BM,CZ
"Brno,Camp Žebětín",49.21188,16.47688,BM,CZ
"Brno,Chrpová",49.2113,16.48425,BM,CZ
"Brno,Herčíkova - škola",49.2304173,16.5844513,BM,CZ
"Brno,Letiště - logistický areál",49.15692,16.69894,BM,CZ
"Brno,Tribuna D",49.2114425,16.4619328,BM,CZ
"Brno,Tribuny A-B-C",49.20916,16.453081,BM,CZ
"Brno,U buku",49.27637,16.63033,BM,CZ
"Brno,U jezírka",49.26983,16.62912,BM,CZ
"Brumov,rozc.3.0",49.46573,16.456,BO,CZ
Buchetbühl,49.21147,13.03027,,D
"Bystřice,přeložka",49.74176,14.66557,BN,CZ
"Čebín,Drásovská",49.317,16.47456,BO,CZ
"Čepirohy,areál ALTAMEX",50.47203,13.61756,MO,CZ
"Čepirohy,okály",50.48623,13.62099,MO,CZ
"Čepirohy,zahrádkářská kolonie",50.48521,13.62349,MO,CZ
"Červený Újezd,rozc.",50.05908,14.16639,PZ,CZ
"Česká Lípa,U Hřbitova",50.67171,14.59048,CL,CZ
"České Budějovice,Haklovy Dvory - křižovatka",48.99288,14.41326,CB,CZ
"České Budějovice,Kněžské Dvory - škola",49.00046,14.47595,CB,CZ
"České Budějovice,Kněžské Dvory - sokolovna",49.008106,14.47708755,CB,CZ
"České Budějovice,Letiště České Budějovice-Terminál",48.9502528,14.4358689,CB,CZ
"České Budějovice,U Jižní zastávky",48.95886,14.47602,CB,CZ
"Cheb,Podhradská depo rozc.",50.06799,12.38734,CH,CZ
"Chlumčany,Hradčany,rozcestí",49.63055,13.32875,PJ,CZ
"Chomutov,Přečáply",50.43104,13.47289,CV,CZ
"Chomutov,Přečáply,starý cukrovar",50.43594,13.46741,CV,CZ
"Chrastava,Andělská Hora,žel.zast.",50.79698,14.95822,LI,CZ
"Citice,SÚS",50.16151,12.62346,SO,CZ
"Čížkov,Přešín,Krahulice",49.56443,13.63483,PJ,CZ
"Čížová,Krašovice,náves",49.3377647,14.0996828,PI,CZ
"Děpoltovice,Nivy,hájovna",50.28271,12.84019,KV,CZ
"Děpoltovice,rozcestí koupaliště",50.28929,12.82031,KV,CZ
"Dobřany,Šlovice,na vršku",49.66715,13.34666,PJ,CZ
"Doubravník,Prudká rozc.1.0",49.42198,16.37005,BO,CZ
"Drachselsried,Dorfplatz",49.10668,13.01158,,D
"Drásov,závod",49.3273,16.47688,BO,CZ
"Dražovice,ZŠ",49.19368,16.94631,VY,CZ
"Drietoma,Jednota",48.8935327,17.9542715,TN,SK
"Drosendorf,Schule",48.864879,15.6225327,,A
"Duchcov,Nové sady",50.62074,13.74026,TP,CZ
"Dušníky,teletník",50.41499,14.19398,LT,CZ
Eck,49.163775,12.9901,,D
Engelshütt,49.20685,13.03124,,D
"Falkenstein im Weinviertel,Marktplatz",48.72031,16.58522,,A
"Francova Lhota,Pulčín",49.22011,18.07685,VS,CZ
Frathau,49.09687,13.03115,,D
"Frýdek-Místek,Místek,osmá ZŠ",49.67829,18.33534,FM,CZ
"Frýdek-Místek,Místek,ul.17.listopadu",49.67823,18.33203,FM,CZ
"Grün,Haus Nr.5",49.849109999999996,12.371715,,D
Haberbühl,49.08982,13.04386,,D
Haibühl,49.204745,13.007545,,D
"Havlíčkův Brod,Baštínov",49.5784781906889,15.6062198579203,HB,CZ
"Havlíčkův Brod,Občiny",49.5915003,15.5481125,HB,CZ
Heimhof (Ri Schwarzenbach),49.8118868,12.4129215,,D
"Herrnbaumgarten,Ortsmitte",48.69649,16.68145,,A
"Herrnbaumgarten,Sportplatz",48.69813,16.68874,,A
"Hlásná Třebaň,lávka",49.92032,14.20121,BE,CZ
"Hnojník,Elpro",49.69656,18.54116,FM,CZ
"Hodslavice,bytovky",49.53675,18.02949,NJ,CZ
"Holíč,Kátovská",48.8199464,17.1635933,SI,SK
"Holíč,Sasinkova",48.8137244,17.1598111,SI,SK
"Höll,Gasthaus Hölzlwirt",49.4169389,12.71274,,D
"Holubice,žel.st.",49.17883,16.82247,VY,CZ
"Hora Svatého Václava,Načetín,rozcestí",49.52036,12.75216,DO,CZ
"Horní Jiřetín,Dolní Jiřetín,odb.Centrum",50.55505,13.59229,MO,CZ
"Horšovský Týn,Horní Metelsko,kaplička",49.5659,12.89325,DO,CZ
"Hošťálková,Kovex",49.35271,17.86174,VS,CZ
"Hostouň,Mírkovice",49.57971,12.79317,DO,CZ
"Hradec Králové,Charbuzice",50.22658,15.74432,HK,CZ
"Hradec Králové,Charbuzice křižovatka",50.22442,15.75035,HK,CZ
"Hradec Králové,Divec křižovatka",50.2344056,15.9207517,HK,CZ
"Hradec Králové,Divec Obecní úřad",50.2400024,15.921358,HK,CZ
"Hradec Králové,FN jídelna",50.1963,15.82583,HK,CZ
"Hradec Králové,FN Neurologická klinika",50.19976,15.82501,HK,CZ
"Hradec Králové,FN Pavilon profesora Bašteckého",50.1972,15.82449,HK,CZ
"Hradec Králové,FN Pohotovost - Emergency",50.19913,15.82843,HK,CZ
"Hradec Králové,Křižovatka Běleč",50.21315,15.90904,HK,CZ
"Hradec Králové,Lochenice Konzum",50.27021,15.81849,HK,CZ
"Hradec Králové,Lochenice kostel",50.27276,15.81985,HK,CZ
"Hradec Králové,Lochenice zastávka",50.26699,15.81654,HK,CZ
"Hradec Králové,OD TESCO a ATRIUM",50.21367,15.81875,HK,CZ
"Hradec Králové,Plotiště škola",50.2259,15.80375,HK,CZ
"Hradec Králové,Předměřice Cukrovar",50.2526561,15.8135686,HK,CZ
"Hradec Králové,Předměřice Na Staré",50.2556875,15.8144817,HK,CZ
"Hradec Králové,Předměřice PANELÁRNA",50.2566703,15.818929,HK,CZ
"Hradec Králové,Předměřice pošta",50.2588351,15.8144534,HK,CZ
"Hradec Králové,Předměřice U Mikšů",50.2614814,15.8146267,HK,CZ
"Hradec Králové,Rusek - Jednota",50.25468,15.85109,HK,CZ
"Hradec Králové,SLEZSKÉ PŘ.- CIHELNA",50.221197,15.864335,HK,CZ
"Hradec Králové,Slezské Př.- nádraží",50.22114,15.85944,HK,CZ
"Hradec Králové,Stěžery CIS",50.21602,15.74792,HK,CZ
"Hradec Králové,Stěžery kostel",50.21455,15.75023,HK,CZ
"Hradec Králové,Stěžery zastávka",50.2217,15.74874,HK,CZ
"Hradec Králové,STĚŽÍRKY",50.22476,15.73754,HK,CZ
"Hradec Králové,U Lupínků",50.23472,15.85128,HK,CZ
"Hradec Králové,Vysoká hostinec",50.1550126,15.8178724,HK,CZ
"Hradec Králové,Vysoká Obecní úřad",50.1536205,15.8246129,HK,CZ
"Hranice,nemoc.",49.555468,17.744757,PR,CZ
"Hranice,pod školou",50.30636,12.17647,CH,CZ
"Hranice,Trojmezí,návrší",50.30011,12.1542453,CH,CZ
"Hulín,Záhlinice,u přejezdu",49.2921106,17.4907569,KM,CZ
"Humpolec,mléčné lahůdky",49.5380783,15.3564719,PE,CZ
"Humpolec,Rozkoš,rozc.Vilémov",49.53596,15.384,PE,CZ
"Hustopeče,Kaufland",48.94945,16.72464,BV,CZ
Hvožďany,49.50046,12.76749,DO,CZ
Irlsaign,49.20682,13.02074,,D
"Istebna,Bucznik",49.57429,18.89371,,PL
"Istebna,Centrum",49.56382,18.8958,,PL
"Istebna,Kubalonka",49.60353,18.90174,,PL
"Istebna,Olza",49.57462,18.9055,,PL
"Jablonec n.Nisou,Pasecké nám.",50.73411,15.18926,JN,CZ
"Jablonec n.Nisou,Pod sídlištěm",50.73025,15.18513,JN,CZ
"Jamolice,MŠ",49.0720917,16.258284,ZN,CZ
"Janov,horní část",50.5921460208988,13.5600924329128,MO,CZ
"Janov,Krušnohor",50.5930360363886,13.5703819285382,MO,CZ
"Jarpice,horní zastávka",50.32112,14.08967,KD,CZ
"Jastrzębie-Zdrój,Armii Krajowej Word",49.94337,18.56437,,PL
"Jastrzębie-Zdrój,Hala Sportowa",49.944385,18.57825,,PL
"Jastrzębie-Zdrój,Piłsudskiego - Os. Pionierów",49.95117,18.60081,,PL
"Jastrzębie-Zdrój,Podhalańska Cmentarz",49.94017,18.59752,,PL
"Jastrzębie-Zdrój,Podhalańska-Rondo Ruptawskie",49.93943,18.59412,,PL
"Jaworzynka,Skrzyzowanie",49.54931,18.88258666666667,,PL
"Jaworzynka,Trzycatek",49.5238051,18.8571395,,PL
"Jihlava,Doornite",49.4133606,15.6118058,JI,CZ
"Jihlava,M.Beranov,Nové stavení",49.4003,15.63167,JI,CZ
"Jihlava,Na Stráni",49.4129142,15.5997181,JI,CZ
"Jihlava,Rantířovská",49.3974813258364,15.5608319819077,JI,CZ
"Jihlava,V.Beranov,Nové Domky",49.40483,15.64936,JI,CZ
"Jihlava,V.Beranov,zast.",49.4019,15.67221,JI,CZ
"Jihlava,V Zahrádkách",49.4091606,15.6024056,JI,CZ
"Jirkov,Kaufland",50.48482,13.44304,CV,CZ
"Kadaň,Prunéřov 1",50.40159,13.27738,CV,CZ
"Kadaň,Prunéřov 2",50.4113,13.25744,CV,CZ
"Kadaň,Tušimice",50.37537,13.3240222,CV,CZ
KARLA,50.00771,17.47393,BR,CZ
"Karlovy Vary,Globus",50.21777,12.80647,KV,CZ
"Karlovy Vary,hotel Thermal",50.22979,12.87524,KV,CZ
"Karlovy Vary,Kpt.Jaroše",50.22536,12.83913,KV,CZ
"Karlovy Vary,Mattoniho nábřeží",50.23941,12.88913,KV,CZ
"Karlovy Vary,Na Pasece",50.25251,12.88242,KV,CZ
"Karlovy Vary,Nádraží Dalovice",50.25603,12.88562,KV,CZ
"Karlovy Vary,Rybáře,Sokolovská",50.2340011,12.8560153,KV,CZ
"Karlštejn,žel.st.",49.93234,14.17584,BE,CZ
"Kasejovice,Újezd,rozcestí",49.4758,13.75128,PJ,CZ
"Kasejovice,Újezdský rybník",49.48157,13.75851,PJ,CZ
"Kdyně,Rýznberská",49.3991,13.03779,DO,CZ
"Kladno,Kožovská",50.11672,14.12051,KD,CZ
"Kladno,pod mostem",50.15743,14.13266,KD,CZ
"Klatovy,Městské lázně",49.40006,13.27643,KT,CZ
"Klučenice,ObÚ",49.553,14.21207,PB,CZ
"Kolín,Na 15 kopách",50.0136015,15.2037895,KO,CZ
"Kolinec,u žel.st.",49.2954978,13.4355592,KT,CZ
"Kořenov,Příchovice,U Čápa",50.74134,15.34708,JN,CZ
"Kosmonosy,Škoda 14.brána",50.4206189,14.95005,MB,CZ
"Kosmonosy,Škoda Hala M8",50.4190939,14.9498533,MB,CZ
"Kostelec,Lšelín",49.6678,13.00776,TC,CZ
"Kostelec n.Orl.,Technické služby",50.11787,16.23133,RK,CZ
"Kostolná-Záriečie,nová štvrť",48.8791063,17.9671341,TN,SK
"Kotovice,u rybníka",49.67214,13.15445,PJ,CZ
"Kovářská,Elektropřístroj",50.43483,13.04966,CV,CZ
"Kravaře,Kouty,žel.st.",49.93119,18.03832,OP,CZ
"Krnov,Ježník,domov důchodců",50.09383,17.64938,BR,CZ
"Krnov,st.hranice CLO",50.1150628042269,17.6940956095075,BR,CZ
"Kroměříž,Bělidla",49.29982,17.39945,KM,CZ
"Křtiny,arboretum",49.31861,16.74457,BK,CZ
"Křtiny,náměstí",49.29698,16.74388,BK,CZ
"Kuchařovice,H & M",48.8753661,16.0813008,ZN,CZ
"Kuřim,Knínická",49.29524,16.52305,BO,CZ
"Kuřim,kult.dům",49.30767,16.5318,BO,CZ
"Kuřimská Nová Ves,Prosatín,rozc.1.0",49.33908,16.29407,BO,CZ
"Lam,Abzw Bahnhof",49.19343,13.05373,,D
"Lam,Bahnhof I",49.19149,13.05167,,D
"Lam,Marktplatz",49.19876,13.0486,,D
"Lam,Postamt",49.19587,13.05318,,D
Lázně I,50.21953,12.88097,KV,CZ
"Leszna Górna,CLO",49.70026,18.71383,,PL
"Lidečko,Pulčín lom",49.2163,18.06595,VS,CZ
"Lidečko,Pulčín Spina",49.21226,18.07341,VS,CZ
"Lipovec,dolní konec",49.39196,16.7978,BK,CZ
"Litoměřice,Koupaliště",50.53056,14.12266,LT,CZ
"Litoměřice,Lodní náměstí",50.53092,14.13072,LT,CZ
"Litomyšl,sportovní areál",49.8646964,16.3195897,SY,CZ
"Litomyšl,Z.Kopala",49.86211,16.31095,SY,CZ
"Litvínov,Chudeřín,Janáčkova",50.59587,13.5889,MO,CZ
"Litvínov,Chudeřín,požární stanice",50.59869,13.59635,MO,CZ
"Litvínov,Janov,Osada Poslušnost",50.59517,13.55621,MO,CZ
Lodermühl,49.8584449,12.3538413,,D
Loket,49.6548,15.1134,BN,CZ
"Loket,Alberovice",49.64552,15.10595,BN,CZ
"Loket,u dálnice",49.67513,15.1189,BN,CZ
"Loket,Všebořice",49.6953207,15.1485978,BN,CZ
"Loučná n.Des.,Kouty n.Des.,žel.st.",50.08824,17.09137,SU,CZ
"Loučná n.Des.,Rejhotice,žel.st.",50.08824,17.09137,SU,CZ
"Lovčice,prostř.zast.",49.06728,17.0624,HO,CZ
"Mackovice,rozc.2.6",48.90082,16.29337,ZN,CZ
Mais,49.07905,13.0682,,D
"Malý Háj,Lesná,rozc.",50.57942447854943,13.420452296736428,MO,CZ
"Mariánské Lázně,Antoníčkův pramen",49.9509369,12.7156308,CH,CZ
"Mariánské Lázně,Dopravní podnik",49.94878,12.71096,CH,CZ
"Mariánské Lázně,Klimentov",49.96445,12.66534,CH,CZ
"Mariánské Lázně,Klimentov sídliště",49.96451,12.672,CH,CZ
"Mariánské Lázně,Koliba",49.97456,12.71286,CH,CZ
"Mariánské Lázně,Lékárna",49.95780116237164,12.706248703713612,CH,CZ
"Mariánské Lázně,Sídliště",49.9503,12.70952,CH,CZ
"Mariánské Lázně,Škola",49.9529149,12.7098503,CH,CZ
"Mariánské Lázně,Úšovice,škola",49.95294,12.70989,CH,CZ
"Mariánské Lázně,V.Hleďsebe - Prádelna",49.9626468,12.6778817,CH,CZ
"Mariánské Lázně,Velká Hleďsebe - Růžek",49.96198,12.66764,CH,CZ
"Marklowice,Kępka",49.882854,18.5849082,,PL
"Marklowice,Pętla",49.884941,18.5771203,,PL
Mastník,49.18144,15.82564,TR,CZ
"Měnín,obch.stř.",49.07967,16.69353,BO,CZ
"Měrovice n.Hanou,rest.",49.3427964,17.2449131,PR,CZ
"Mestečko,Jednota",49.17436,18.2583845,PU,SK
"Milevsko,Nádraží ČD",49.44196,14.37724,PI,CZ
"Milevsko,Nádražní",49.4438,14.372,PI,CZ
"Milevsko,U věžáku",49.4430322,14.3726609,PI,CZ
"Mirošov,Spojovací",49.68767,13.66761,RO,CZ
"Mladá Boleslav,Michalovice,Třešňovka",50.4410172,14.8834208,MB,CZ
"Mladý Smolivec,rozc.Chloumek",49.49848,13.73747,PJ,CZ
"Mníšek p.Brdy,závod",49.87239,14.2717,PZ,CZ
Moravecké Pavlovice,49.42798,16.25636,ZR,CZ
"Mořina,Trněný Újezd,rozc.Kozolupy",49.9699744,14.2177267,BE,CZ
"Most,Vtelno,Benedikt",50.492138098056145,13.673700205929547,MO,CZ
"Mýto,Kařízek,nádraží",49.8014869,13.7686281,RO,CZ
NC Černice,49.69949,13.42689,PM,CZ
"Němčice,hrad Nový Herštejn",49.40773,13.06942,DO,CZ
"Němčovice,Pařezová",49.87726,13.56651,RO,CZ
"Nemilkov,rozc.1.0",50.464095364677924,13.609574241317858,MO,CZ
"Netunice,náves",49.6162275,13.4304902,PJ,CZ
Neurittsteig,49.24133,13.05247,,D
"Oberried,Kindergarten",49.09771,13.03851,,D
"Oleksovice,host.",48.90176,16.2504,ZN,CZ
"Opava,Podvihov,Kom.Chal.",49.8802296,17.9658825,OP,CZ
"Opava,Podvihov,Kom.Chal.hlavní",49.8797356483396,17.9644244326252,OP,CZ
"Opava,Podvihov,Kom.Chal.vodárna",49.8900251,17.9596486,OP,CZ
"Osek,Nový Dvůr,rozcestí",49.78985,13.58745,RO,CZ
"Ostopovice,U Kaple",49.16109,16.54564,BO,CZ
"Ostrava,Proskovice,has.zbroj.",49.74938,18.20235,OV,CZ
"Ostrava,Svinov,PZ Dubí",49.82283,18.21405,OV,CZ
"Ostrov,Škoda 42",50.33164,12.95581,KV,CZ
"Otrokovice,Baťov,Senior",49.21476,17.5064,ZL,CZ
"Otrokovice,prům.areál",49.22405,17.52206,ZL,CZ
"Pardubice,Dukla,KD",50.0252,15.76377,PA,CZ
"Pardubice,Fáblovka",50.05956,15.77462,PA,CZ
"Pardubice,letiště",50.0178567,15.7258272,PA,CZ
"Pardubice,Nové Srnojedy",50.0384,15.70523,PA,CZ
"Pardubice,Staré Srnojedy",50.03781,15.69685,PA,CZ
"Petrovice u Karv.,Dolní Markl.,škola",49.88218,18.54992,KA,CZ
"Philippsreut,Ortsmitte",48.86836,13.68001,,D
"Philippsreut,Tussetkapelle",48.86341,13.67723,,D
"Plánice,Bližanovy,točna",49.4214,13.50603,KT,CZ
Plazy,50.41465,14.97461,MB,CZ
"Plzeň,Františkánská",49.74497,13.37781,PM,CZ
"Podbřežice,rozc.1.0",49.20813,16.92055,VY,CZ
"Pomezí n.Ohří,Hraničná",50.0820161,12.2872306,CH,CZ
"Pomezí n.Ohří,Hraničná,točna",50.0806769,12.2852964,CH,CZ
"Poysdorf,Dreifaltigkeitsplatz",48.66831,16.62952,,A
"Prace,Aloise Slováka",49.13479,16.76457,BO,CZ
"Praha,Dvořákovo nábřeží",50.0923712,14.41927405,AB,CZ
"Praha,Hotel Hilton",50.0885025,14.4317572,AB,CZ
"Praha,Na příkopě",50.0857981,14.4261306,AB,CZ
"Praha,Resslova",50.0758842,14.4174203,AB,CZ
"Praha,U Waltrovky",50.0563299,14.3693472,AB,CZ
"Praha,Za Hanspaulkou",50.10649,14.37694,AB,CZ
"Psáře,u dálnice",49.75098,14.97387,BN,CZ
"Púchov,1.mája I.",49.120075,18.323543,PU,SK
"Ráby,křižovatka",50.07063,15.80201,PA,CZ
"Račice-Pístovice,Pístovice",49.27382,16.89519,VY,CZ
"Říčky v Orl.h.,Karosa",50.2154592,16.4654067,RK,CZ
"Říčky v Orl.h.,Konšel",50.2126331,16.4627547,RK,CZ
"Říčky v Orl.h.,Perla",50.20941,16.4686,RK,CZ
"Rittsteig,Dorfplatz",49.24979,13.04428,,D
"Rojetín,rozc.0.5",49.37043,16.25446,BO,CZ
"Rosice,kamenolom",49.20488,16.3416,BO,CZ
"Rosice,Litostrovská",49.18749,16.3757,BO,CZ
"Rosice,Okrouhlík",49.20051,16.36322,BO,CZ
"Rosice,Těstárny",49.17877,16.38475,BO,CZ
"Rousínov,aut.st.",49.2030126,16.8850268,VY,CZ
"Rozdrojovice,rozc.k přehradě",49.250282,16.515923,BO,CZ
"Rožnov p.Radh.,1.máje",49.46204835,18.1311039,VS,CZ
"Rožnov p.Radh.,Koryčanské paseky",49.4642413,18.1265033,VS,CZ
"Rožnov p.Radh.,U bazénu",49.4646907,18.1281533,VS,CZ
"Sadov,Lesov,Sedmidomky",50.2622689,12.9140418,KV,CZ
"Samopše,Přívlaky",49.85223,14.92597,KH,CZ
"Šanov,pož.zbroj.",48.80216,16.37403,ZN,CZ
"Šaratice,ObÚ",49.1158917,16.80128,VY,CZ
"Schrattenberg (NÖ),Kirche",48.72367,16.72254,,A
Schwarzenbach b.Tirschenreuth,49.8396767,12.3809632,,D
"Sejřek,Bor,rozc.1.5",49.43223,16.2894,ZR,CZ
"Skalica,AS",48.84611,17.22337,SI,SK
"Skalica,Mallého",48.84324,17.22258,SI,SK
"Skalica,žel.st.",48.85003,17.21892,SI,SK
"Slatinice,Lípy,rozc.u studánky",49.5435637,17.1035116,OL,CZ
"Slavičín,ZŠ Vlára",49.09056,17.88118,ZL,CZ
"Sloup,koupaliště",49.41882,16.73511,BK,CZ
"Soběšice,Damíč",49.2043533,13.6612178,KT,CZ
"Spořice,V Loužích",50.4511908,13.3914681,CV,CZ
Srbsko,49.93711,14.13124,BE,CZ
"Staré Hamry,Gruň",49.48578,18.47716,FM,CZ
"Staré Město,Bratří Mrštíků",49.07578,17.43021,UH,CZ
"Štítary,penzion M",48.91251,15.81883,ZN,CZ
"Stošíkovice na Louce,rozc.1.7",48.88985,16.1967,ZN,CZ
"Strakonice,ul.5.května",49.2548002,13.9078225,ST,CZ
"Strašice,Vojenský Újezd Brdy",49.7213303,13.7300033,RO,CZ
"Strážov,Opálka,u mostu",49.3040161,13.2364769,KT,CZ
"Strážov,Viteň",49.28719,13.25941,KT,CZ
"Strhaře,rozc.2.0",49.426007,16.4260237,BO,CZ
"Střítež,hájenka",49.43313,16.27553,ZR,CZ
"Střítež,rozc.Moravecké Pavlovice",49.43451,16.26407,ZR,CZ
"Studénka,Butovice,Vagónka vrát.2",49.71059,18.06442,NJ,CZ
"Tännersreuth,Abzw",49.8336194,12.3944936,,D
"Těšovice,obecní úřad",50.18115,12.67419,SO,CZ
"Thurnhoflift,Haltestelle",49.13001,13.14149,,D
"Tirschenreuth,Gewerbeg.Süd",49.8684,12.34125,,D
"Tirschenreuth,Murrschrottpl/BRK I",49.88117,12.33853,,D
"Tirschenreuth,ZOB Großparkplatz",49.87694,12.33324,,D
"Tišnov,Hájek,rozc.1.4",49.37288,16.46556,BO,CZ
"Tišnovská Nová Ves,rozc.2.0",49.36792,16.31826,BO,CZ
"Třebíč,Marie Majerové",49.22214,15.88268,TR,CZ
"Trenčín,Hasičská",48.89632,18.04141,TN,SK
"Trenčín,Old Herold",48.8991456,18.0298906,TN,SK
"Tři Sekery,střed",49.94011,12.61963,CH,CZ
"Troubelice,kult.dům",49.8160706,17.0797731,OC,CZ
"Tupesy,u hřiště",49.08993,17.37565,UH,CZ
"Tymákov,garáž ČSAD konečná",49.71759,13.51637,PM,CZ
Údlice,50.43963,13.46036,CV,CZ
"Újezd nade Mží,rozcestí",49.80443,13.20667,PS,CZ
"Unkovice,rozc.0.5",49.01552,16.60467,BO,CZ
Unterrehberg,49.10163,13.02362,,D
"Unterried,Gh.Köppl",49.09326,13.04286,,D
"Ústí nad Labem,Chlumec přejezd",50.6904445,13.9457613,UL,CZ
"Ústí nad Labem,Předlice Jateční",50.66173,14.0041,UL,CZ
"Ústí nad Labem,Stradov",50.69374,13.9214,UL,CZ
"Ústí nad Labem,U Pomníku",50.69022,13.91091,UL,CZ
"Ústí nad Labem,Zalužanská",50.69664,13.93306,UL,CZ
"Ustroň,Polana",49.69625,18.8292,,PL
"Ustroň,Skrzyzowanie I",49.72218,18.80779,,PL
"Ustroň,Zawodzie,Sanatorium",49.72129,18.82443,,PL
"Ustroň,Zdrój",49.72135,18.81561,,PL
"Vejprnice,Tyršova",49.72721,13.2794,PS,CZ
"Velká n.Veličkou,záv.",48.88983,17.51283,HO,CZ
"Velký Valtinov,Paseky",50.73919,14.7392,CL,CZ
"Věžná,Jabloňov",49.46125,16.25556,ZR,CZ
"Věžná,rozc.Bor",49.44599,16.28789,ZR,CZ
"Vlašim,Terminál",49.70022,14.89838,BN,CZ
"Vlašim,u kozla",49.70891,14.90053,BN,CZ
"Vrábče,Kroclovská",48.9173469,14.3739386,CB,CZ
"Vrádište,rázc.",48.82833566666667,17.18951266666667,SI,SK
"Vranov,křiž.",49.31022,16.61236,BO,CZ
"Vranov n.Dyjí,parkoviště před hrází/skalka",48.9012681,15.8174544,ZN,CZ
"Vranov n.Dyjí,Pevnostní muzeum V´RUN OFF",48.8940811,15.8012133,ZN,CZ
"Vranov n.Dyjí,pláž",48.91455,15.81216,ZN,CZ
"Vranov n.Dyjí,zámek parkoviště",48.89725,15.8086,ZN,CZ
"Vsetín,ul.4. května",49.3426535,17.989293,VS,CZ
"Výrovice,host.",48.92865,16.12023,ZN,CZ
"Výrovice,rozc.2.0",48.91696,16.10341,ZN,CZ
VYSOKÁ,50.1535797,15.8245469,HK,CZ
"Waldmünchen,Bahnhof",49.37794,12.69643,,D
"Waldmünchen,TV-Halle",49.3768966,12.703312,,D
"Wisla,dw.aut.",49.65816,18.85529,,PL
"Wisla,Glebce,Kaluza",49.61836,18.88395,,PL
"Wisla,Labajów,Centrum",49.61203,18.85066,,PL
"Wisla,Oaza",49.64731353333334,18.867641133333333,,PL
"Záluží,areál Hlubina",50.5771231947013,13.6018908353803,MO,CZ
"Záluží,Důl Julius IV",50.5485139239494,13.6108384216478,MO,CZ
"Zebrzydowice,Jagodowa",49.88061,18.59118,,PL
"Zebrzydowice,Poziomkowa",49.8953818,18.6027365,,PL
"Zebrzydowice,Skotnica",49.8778439,18.5992767,,PL
"Zebrzydowice,Skrzyżowanie",49.879128,18.602187,,PL
"Zebrzydowice,Słowicza",49.8903452,18.6012826,,PL
"Želešice,host.",49.11682,16.58154,BO,CZ
"Zlín,Bratří Jaroňků",49.22551,17.67585,ZL,CZ
"Zlín,Díly II.",49.22723,17.67924,ZL,CZ
"Zlín,Dřevnická",49.2276,17.69702,ZL,CZ
"Zlín,Dvacátá",49.22423,17.65857,ZL,CZ
"Zlín,Jaroslavice,dolní konec",49.214,17.69738,ZL,CZ
"Zlín,Jaroslavice,pož.zbroj.",49.21038,17.70416,ZL,CZ
"Zlín,Klabalská",49.24054,17.65614,ZL,CZ
"Zlín,Kostelec,U Pomníku",49.26022,17.70233,ZL,CZ
"Zlín,Lazy,Pod Vodojemem",49.2227779,17.678899,ZL,CZ
"Zlín,Lešetín I.",49.22731,17.67249,ZL,CZ
"Zlín,Lhotka,rozc.",49.22611,17.58201,ZL,CZ
"Zlín,Louky,prům.zóna",49.214516,17.619247,ZL,CZ
"Zlín,Lužkovice,Kosov",49.22382,17.72486,ZL,CZ
"Zlín,Lužkovice,Pod Jurým",49.22378,17.7294,ZL,CZ
"Zlín,Lužkovice,prům.zóna-točna",49.22581,17.73205,ZL,CZ
"Zlín,M.Knesla",49.22496,17.69881,ZL,CZ
"Zlín,Malenovice,cihelna",49.21122,17.61024,ZL,CZ
"Zlín,Malenovice,Jar.Staši",49.2060715,17.593638,ZL,CZ
"Zlín,Malenovice,Kamenec I",49.19908,17.59708,ZL,CZ
"Zlín,Malenovice,Kamenec II",49.20021,17.59861,ZL,CZ
"Zlín,Malenovice,paseky",49.1925,17.65714,ZL,CZ
"Zlín,Mokrá II.",49.24026,17.65278,ZL,CZ
"Zlín,Padělky I.",49.2323,17.67592,ZL,CZ
"Zlín,Padělky IX",49.23182,17.68261,ZL,CZ
"Zlín,Památník Tomáše Bati",49.21947,17.66496,ZL,CZ
"Zlín,Paseky hřiště",49.24251,17.66272,ZL,CZ
"Zlín,Paseky točna",49.24519,17.66487,ZL,CZ
"Zlín,Podhoří,Svat.Čecha",49.215876,17.634466000000003,ZL,CZ
"Zlín,Podvesná VI",49.22828,17.68317,ZL,CZ
"Zlín,Podvesná X",49.22671,17.68641,ZL,CZ
"Zlín,Podvesná XII.",49.22876,17.68866,ZL,CZ
"Zlín,Podvesná XVI.",49.22843,17.69269,ZL,CZ
"Zlín,Příluky,Cecilka",49.22301,17.71906,ZL,CZ
"Zlín,Příluky,nová zast.",49.22063,17.71439,ZL,CZ
"Zlín,Příluky,Pekárenská",49.2221915,17.715937,ZL,CZ
"Zlín,Příluky,Průmyslová zóna točna",49.22581,17.73205,ZL,CZ
"Zlín,Příluky,točna",49.2257859,17.7320053,ZL,CZ
"Zlín,Randýskové",49.21839,17.64355,ZL,CZ
"Zlín,U Majáku,Ke Křibům",49.20173,17.65495,ZL,CZ
"Zlín,U Majáku,točna",49.20188,17.653,ZL,CZ
"Zlín,Vodní",49.22843,17.66518,ZL,CZ
"Zlín,Vršava,Januštice-tenisové kurty",49.23937,17.68903,ZL,CZ
"Zlín,Zálešná V",49.23078,17.68805,ZL,CZ
"Znojmo,Družstevní stanice STK",48.851108,16.068207,ZN,CZ
"Znojmo,kostel sv.Mikuláše",48.85453,16.04647,ZN,CZ
"Znojmo,Masarykovo nám.",48.85454,16.04986,ZN,CZ
"Znojmo,Městská plovárna Louka-Loucký klášter",48.84062,16.05818,ZN,CZ
"Znojmo,Přehrada-údolí Dyje",48.85374,16.04354,ZN,CZ
"Znojmo,Ulice Přemyslovců",48.85615,16.046,ZN,CZ
