"Rychnov, koupaliště",49.8397658,16.6426567,SY,CZ
"Rychnov, kostel",49.82781,16.6396739,SY,CZ
"Rychnov, zbrojnice",49.8275233,16.6378306,SY,CZ
"Rychnov, okály",49.8338658,16.6391017,SY,CZ
"Rychnov, dolní",49.8477631,16.6479842,SY,CZ
"Rychnov, horní",49.8276142,16.6242731,SY,CZ
"Dolní Malá Úpa, Spálený Mlýn",50.7064692,15.8059692,TU,CZ
"Horní Malá Úpa, Pomezní Boudy",50.7447997,15.8205192,TU,CZ
"Pardubice, Rosice, Pošta",50.043133,15.739892,PA,CZ
"Bylany",49.95655,15.73399,CR,CZ
"Krakovec, ZOLL",49.95478,23.11422,,UA
"Shehyni, ZOLL",49.79969,22.94774,,UA
"Breitenau, ZOLL",50.78301,13.89839,,DE
"Krásný Les, CLO",50.78301,13.89839,UL,CZ
"Rudná, škola",49.65849,16.57753,SY,CZ
"Vysoká, náves",49.66467,16.80863,SY,CZ
"Komořany",50.52644822573004,13.571568582513276,MO,CZ
"Komořany",50.526657183558164,13.571946752688191,MO,CZ
"Komořany",50.52667934603033,13.572728225362601,MO,CZ
"Komořany,tábor 7",50.52790995935337,13.56887782098741,MO,CZ
"Komořany,tábor 7",50.52807016143752,13.56897577346407,MO,CZ
"Komořany,KSK",50.530590686809205,13.562610340909242,MO,CZ
"Komořany,KSK",50.53131604907332,13.562318339742301,MO,CZ
"Komořany,Obránců míru",50.53468259038641,13.550508835531797,MO,CZ
"Komořany,hradlo",50.53456053602066,13.580505564108893,MO,CZ
"Komořany,hradlo",50.53426776992811,13.57991691379588,MO,CZ
"Komořany,Nejedlý I",50.53979427821952,13.585815499809069,MO,CZ
"Komořany,Nejedlý I",50.539498553474345,13.585281194051984,MO,CZ
"Komořany,Nejedlý II",50.54475984267869,13.587834679681935,MO,CZ
"Komořany,Nejedlý II",50.54431221619105,13.587968992887813,MO,CZ
"Komořany,Obránců míru",50.53490776358619,13.550630156292295,MO,CZ
"Komořany,DUK",50.52185626031852,13.57447828244945,MO,CZ
"Komořany,DUK",50.52185626031852,13.57447828244945,MO,CZ
"Kroměříž, Nádraží",49.301325,17.403332,KM,CZ
"Kvítkovice,hřbitov",49.19293,17.54161,ZL,CZ
"Kvítkovice,hřbitov",49.19293,17.54161,ZL,CZ
"Kvítkovice,Napajedelská",49.1975174,17.5371475,ZL,CZ
"Kvítkovice,Napajedelská",49.19852,17.5371361,ZL,CZ
"Kvítkovice,náves",49.197197,17.5433254,ZL,CZ
"Kvítkovice,náves",49.197197,17.5433254,ZL,CZ
"Kvítkovice,Zlínská",49.1989555,17.5385723,ZL,CZ
"Kvítkovice,Zlínská",49.1991653,17.5381031,ZL,CZ
"Cheb,Dřenice,camp",50.06788,12.42875,CH,CZ
"Dřenice,camp",50.06788,12.42875,CH,CZ
"Dřenice,koupaliště",50.06788,12.42875,CH,CZ
"Želechovice,,host.",49.2169952,17.7450562,ZL,CZ
"Želechovice,,host.",49.2169571,17.744936,ZL,CZ
"Želechovice,,Kozačka",49.1877174,17.75578,ZL,CZ
"Želechovice,,Kozačka",49.187664,17.7557869,ZL,CZ
"Želechovice,,křiž.",49.21883,17.74623,ZL,CZ
"Želechovice,,křiž.",49.21896,17.7450371,ZL,CZ
"Želechovice,,most",49.2073822,17.7397785,ZL,CZ
"Želechovice,,most",49.2074051,17.7397137,ZL,CZ
"Želechovice,,Oborky",49.19344,17.7471714,ZL,CZ
"Želechovice,,Oborky",49.1934052,17.7471657,ZL,CZ
"Želechovice,,Paseky",49.1991425,17.7393456,ZL,CZ
"Želechovice,,Paseky",49.19902,17.7394085,ZL,CZ
"Želechovice,,Příční",49.2187538,17.7408581,ZL,CZ
"Želechovice,,sklady",49.2175865,17.7576485,ZL,CZ
"Želechovice,,sklady",49.2175179,17.75771,ZL,CZ
"Želechovice,,střed",49.2177162,17.7458973,ZL,CZ
"Želechovice,,škola",49.21717,17.7539,ZL,CZ
"Želechovice,,škola",49.2157822,17.7586918,ZL,CZ
"Želechovice,,zbrojnice",49.19622,17.74182,ZL,CZ
"Želechovice,,ZD",49.2121,17.7418,ZL,CZ
"Želechovice,,ZD",49.21208,17.7416916,ZL,CZ
"Želechovice,,Zel.údolí",49.1815,17.7734489,ZL,CZ
"Želechovice,,Zel.údolí",49.18148,17.7733479,ZL,CZ
"Želechovice,,točna u školy",49.21613,17.75698,ZL,CZ
"Petrovice,Krásný Les,Adolfov",50.7356491,13.90600967,UL,CZ
"Praha,,Letiště Václava Havla",50.10741,14.26923,AB,CZ
