"Arber Bergbahn,Talstation",49.12147,13.14215,,D,S
"Bad Leonfelden,Stadtplatz",48.5223,14.29393,,A,S
"Bärnau,Post",49.80978,12.43138,,D,S
Bayer.Eisenstein,49.12228,13.20319,,D,T
"Bayer.Eisenstein,Arbersee",49.09903,13.15914,,D,S
"Bayer.Eisenstein,Häusl",49.12525,13.19607,,D,S
"Bayer.Eisenstein,Local-Bahn-Museum",49.11975,13.20346,,D,S
"Bayer.Eisenstein,Neuhütte",49.12641,13.18805,,D,S
"Bayer.Eisenstein,P-Grenzübergang",49.12212,13.2027,,D,S
"Bílovec,Stará Ves,Požaha rozc.",49.75639,18.01581,NJ,CZ,T
"Blatnice p.Sv.Antonínkem,křiž.",48.94552,17.46264,HO,CZ,S
"Bodenmais,Hochstraße Abzweig Rodelbahn",49.07003,13.13082,,D,S
"Bodenmais,Rathaus",49.06763,13.10356,,D,S
"Bodenmais,Schönebene",49.06683,13.09964,,D,T
"Bodenmais,Silberberg Sesselbahn Talstation",49.0617,13.11808,,D,S
"Brennes,Sporthotel",49.134,13.144,,D,S
"Březina,jeskyně Výpustek",49.29144,16.7269,BK,CZ,S
"Březina,Lhotky,rozc.1.7",49.28682,16.76438,BK,CZ,S
"Březina,škola",49.28218,16.75067,BK,CZ,T
"Březina,Táborská",49.28148,16.7493,BK,CZ,S
"Březina,U pomníku",49.28202,16.75431,BK,CZ,S
"Březina,u sokolovny",49.28418,16.75947,BK,CZ,S
"Čepirohy,areál ALTAMEX",50.47203,13.61756,MO,CZ,S
"Čepirohy,okály",50.48623,13.62099,MO,CZ,S
"Čepirohy,zahrádkářská kolonie",50.48521,13.62349,MO,CZ,S
"České Budějovice,Kněžské Dvory - škola",49.00046,14.47595,CB,CZ,S
"České Budějovice,Kněžské Dvory - sokolovna",48.97447,14.47434,CB,CZ,T
"České Budějovice,Letiště České Budějovice-Terminál",48.97447,14.47434,CB,CZ,T
"České Budějovice,U Jižní zastávky",48.95886,14.47602,CB,CZ,S
"Drietoma,Jednota",48.89441,17.95635,TN,SK,T
"Drosendorf,Schule",48.86842,15.61969,,A,T
"Falkenstein im Weinviertel,Marktplatz",48.72031,16.58522,,A,S
"Frýdek-Místek,Místek,osmá ZŠ",49.67829,18.33534,FM,CZ,S
"Frýdek-Místek,Místek,ul.17.listopadu",49.67823,18.33203,FM,CZ,S
"Furth i.W.,Bahnhof",49.30816,12.84528,,D,T
"Grün,Haus Nr.5",49.849109999999996,12.371715,,D,S
"Holíč,Kátovská",48.80789,17.16214,SI,SK,T
"Holíč,Sasinkova",48.80789,17.16214,SI,SK,T
"Höll,Gasthaus Hölzlwirt",49.42001,12.70558,,D,T
"Hranice,nemoc.",49.54796,17.73469,PR,CZ,T
"Jaworzynka,Skrzyzowanie",49.54931,18.88258666666667,,PL,S
KARLA,50.00771,17.47393,BR,CZ,S
"Karlovy Vary,hotel Thermal",50.2301,12.86659,KV,CZ,T
"Klatovy,Městské lázně",49.40006,13.27643,KT,CZ,S
"Kostolná-Záriečie,nová štvrť",48.87747,17.96944,TN,SK,T
Lázně I,50.2301,12.86659,KV,CZ,T
"Litomyšl,sportovní areál",49.87203,16.31052,SY,CZ,T
"Litomyšl,Z.Kopala",49.86211,16.31095,SY,CZ,S
Loket,49.6548,15.1134,BN,CZ,S
"Loket,Alberovice",49.64552,15.10595,BN,CZ,S
"Loket,u dálnice",50.186,12.75405,BN,CZ,T
"Marklowice,Kępka",50.01859,18.51308,,PL,T
"Marklowice,Pętla",50.01859,18.51308,,PL,T
"Milevsko,Nádraží ČD",49.44196,14.37724,PI,CZ,S
"Milevsko,Nádražní",49.4438,14.372,PI,CZ,S
"Milevsko,U věžáku",49.45089,14.36,PI,CZ,T
Muzeum,50.20923,15.83277,HK,CZ,T
NC Černice,49.69949,13.42689,PM,CZ,S
"Nemilkov,rozc.1.0",49.25399,13.37738,MO,CZ,S
"Olbramice,Hataše",49.61349,17.00147,OL,CZ,T
"Petrovice u Karv.,Dolní Markl.,škola",49.88218,18.54992,KA,CZ,S
"Philippsreut,Ortsmitte",48.86836,13.68001,,D,S
"Philippsreut,Tussetkapelle",48.86341,13.67723,,D,S
"Plánice,Bližanovy,točna",49.4214,13.50603,KT,CZ,S
"Praha,Aranžérská",50.08355,14.43414,AB,CZ,T
"Praha,Pod Ořechem",50.08355,14.43414,AB,CZ,T
"Schrattenberg (NÖ),Kirche",48.72367,16.72254,,A,S
"Skalica,AS",48.84611,17.22337,SI,SK,S
"Skalica,Mallého",48.84324,17.22258,SI,SK,S
"Skalica,žel.st.",48.85003,17.21892,SI,SK,S
"Spořice,V Loužích",50.44093,13.39182,CV,CZ,T
"Thurnhoflift,Haltestelle",49.13001,13.14149,,D,S
"Tirschenreuth,Gewerbeg.Süd",49.8684,12.34125,,D,S
"Tirschenreuth,Murrschrottpl/BRK I",49.88117,12.33853,,D,S
"Tirschenreuth,ZOB Großparkplatz",49.87694,12.33324,,D,S
"Tišnov,Hájek,rozc.1.4",49.37288,16.46556,BO,CZ,S
"Trenčín,Hasičská",48.89227,18.03875,TN,SK,T
"Trenčín,Old Herold",48.89227,18.03875,TN,SK,T
"Trenčín,Záblatie,cint.",48.89227,18.03875,TN,SK,T
"Ustroň,Polana",49.69625,18.8292,,PL,S
"Ustroň,Skrzyzowanie I",49.72218,18.80779,,PL,S
"Ustroň,Zawodzie,Sanatorium",49.72129,18.82443,,PL,S
"Ustroň,Zdrój",49.72135,18.81561,,PL,S
"Vrádište,rázc.",48.82401,17.19216,SI,SK,T
VYSOKÁ,50.15337,15.82474,HK,CZ,T
"Waldmünchen,Bahnhof",49.37794,12.69643,,D,S
"Wendern,Abzw",49.83071,12.4118,,D,T
"Wisla,dw.aut.",49.65816,18.85529,,PL,S
"Wisla,Glebce,Kaluza",49.61836,18.88395,,PL,S
"Wisla,Labajów,Centrum",49.61203,18.85066,,PL,S
"Záluží,zdrav.stř.",49.84269,13.86049,MO,CZ,T
"Zebrzydowice,Jagodowa",49.89066,19.67033,,PL,T
"Zebrzydowice,Poziomkowa",49.89066,19.67033,,PL,T
"Zebrzydowice,Skotnica",49.89066,19.67033,,PL,T
"Zebrzydowice,Skrzyżowanie",49.89066,19.67033,,PL,T
"Zebrzydowice,Słowicza",49.89066,19.67033,,PL,T
"Znojmo,kostel sv.Mikuláše",48.85453,16.04647,ZN,CZ,S
"Znojmo,náměstí Svobody",48.8555,16.0488,ZN,CZ,T
"Znojmo,Přehrada-údolí Dyje",48.85374,16.04354,ZN,CZ,S
"Znojmo,Ulice Přemyslovců",48.85615,16.046,ZN,CZ,S
