"Havraň,Joseph II",50.42480995954402,13.593435882750464,MO,CZ
"Záluží,areál Hlubina",50.57699238512973,13.602002305718024,MO,CZ
"Záluží,CHEMOPETROL",50.560249166599064,13.60167072313729,MO,CZ
"Litvínov,Citadela",50.60816937612773,13.62790660818377,MO,CZ
"Litvínov,u dílen",50.60486692070967,13.62622681186328,MO,CZ
"Litvínov,stadion",50.604045617665214,13.62270407652893,MO,CZ
"Litvínov,poliklinika",50.60144848358573,13.613945253556867,MO,CZ
"Záluží,Důl Julius IV",50.54853200546182,13.610710396035646,MO,CZ
"Litvínov,obchodní dům",50.59759417323896,13.61268523372689,MO,CZ
"Záluží,areál Hlubina",50.57723688865676,13.601768034909913,MO,CZ
"Záluží,Petrochemie",50.57074292958833,13.604156289935021,MO,CZ
"Záluží,Petrochemie",50.571228901101804,13.604180381652446,MO,CZ
"Záluží,CHEMOPETROL",50.5603837545489,13.601781026756875,MO,CZ
"Záluží,CHEMOPETROL",50.56074718395397,13.601609728469827,MO,CZ
"Záluží,Zdravotní středisko",50.55574219905548,13.602470317933085,MO,CZ
"Záluží,Zdravotní středisko",50.55587821350634,13.602279905080419,MO,CZ
"Záluží,Důl Julius IV",50.548495689787046,13.610966447163152,MO,CZ
"Litvínov,Báňské stavby",50.58866099940712,13.603987783372649,MO,CZ
"Litvínov,Báňské stavby",50.588488166145225,13.603907578706242,MO,CZ
"Litvínov,Citadela",50.60796839831169,13.626622330307452,MO,CZ
"Litvínov,stadion",50.60398395143665,13.622470119500798,MO,CZ
"Litvínov,u dílen",50.60476849402288,13.62620234435319,MO,CZ
"Litvínov,Technické služby",50.60325919612638,13.618224471613674,MO,CZ
"Litvínov,Technické služby",50.60326816380818,13.618674922876652,MO,CZ
"Litvínov,poliklinika",50.601422415305336,13.614260706030253,MO,CZ
"Litvínov,nádraží",50.59363927643864,13.609818061893442,MO,CZ
"Litvínov,obchodní dům",50.59777869078323,13.61319680188399,MO,CZ
"Litvínov,nádraží",50.59352306797709,13.609733690699732,MO,CZ
"Most,Souš",50.525561418413155,13.629875564164728,MO,CZ
"Most,Souš",50.525402552108076,13.630039563511055,MO,CZ
"Most,Souš,Matylda",50.52561618836448,13.624602506072778,MO,CZ
"Most,Souš,Matylda",50.52508679226105,13.624349079889692,MO,CZ
"Most,Souš,Tvrzova",50.51961697629561,13.616069245182915,MO,CZ
"Most,Souš,Tvrzova",50.51930412193951,13.616258644156895,MO,CZ
"Most,Souš,Národního odboje",50.52199687086801,13.617701908588451,MO,CZ
"Most,Souš,Národního odboje",50.52203753577459,13.618384378843636,MO,CZ
"Most,Souš,Finské domky",50.523453970260086,13.622722393772978,MO,CZ
"Most,Souš,Finské domky",50.52367915210135,13.62357825854156,MO,CZ
"Most,Autodrom",50.51381112432981,13.618819777636807,MO,CZ
"Most,Autodrom",50.5141509624808,13.618130894242876,MO,CZ
"Most,Pod Resslem",50.511936683709386,13.62343226969125,MO,CZ
"Most,Pod Resslem",50.511492448520116,13.623769550541642,MO,CZ
"Most,1.ZŠ",50.510375657588845,13.626574261115096,MO,CZ
"Most,1.ZŠ",50.50945329622087,13.627911598589533,MO,CZ
"Most,Nemocnice",50.50870226315938,13.626873230733421,MO,CZ
"Most,Nemocnice",50.50814270751975,13.627579882390377,MO,CZ
"Most,Luna",50.507694033077286,13.632000123498491,MO,CZ
"Most,Luna",50.507355258664184,13.63211272604286,MO,CZ
"Most,J.Skupy",50.50664111681508,13.635240022497191,MO,CZ
"Most,J.Skupy",50.50637202569636,13.636222516156227,MO,CZ
"Most,Obchodní dům PRIOR",50.50610306557778,13.639662420533245,MO,CZ
"Most,Obchodní dům PRIOR",50.505295378279804,13.639821587547727,MO,CZ
"Most,Obchodní dům PRIOR",50.505236914713386,13.641396448531788,MO,CZ
"Most,Obchodní dům PRIOR",50.50601870044872,13.641178217588562,MO,CZ
"Most,Sportovní hala",50.511112196895766,13.641968607040708,MO,CZ
"Most,sportovní hala",50.51033607266978,13.642999528514904,MO,CZ
"Most,sportovní hala",50.510843486517494,13.64325397788742,MO,CZ
"Most,zimní stadion",50.51332010266219,13.645382130241023,MO,CZ
"Most,zimní stadion",50.51365234128767,13.645885742900909,MO,CZ
"Most,Chomutovská",50.51508560595494,13.64527641394165,MO,CZ
"Most,Chomutovská",50.51497246582429,13.645546549820525,MO,CZ
"Most,Gymnázium",50.51353699990242,13.63571554856782,MO,CZ
"Most,Gymnázium",50.51340428547114,13.635638371884955,MO,CZ
"Most,Čs.armády",50.51251834688694,13.636999210308428,MO,CZ
"Most,Čs.armády",50.51251369221907,13.637000292954562,MO,CZ
"Most,Zahražany",50.51424744457322,13.63155888837873,MO,CZ
"Most,Zahražany",50.51425304404922,13.630769511238613,MO,CZ
"Most,Široký vrch",50.512436138159586,13.627112737505037,MO,CZ
"Most,Široký vrch",50.51230060397925,13.627039407543483,MO,CZ
"Most,RICO",50.51694650084514,13.648645967163837,MO,CZ
"Most,RICO",50.516695496722036,13.648492582076669,MO,CZ
"Most,Děkanský kostel",50.518815312080015,13.649469656551938,MO,CZ
"Most,Děkanský kostel",50.51898911913215,13.649187704398726,MO,CZ
"Most,Kostelní hřbitov",50.520636988807176,13.654853839901913,MO,CZ
"Most,Kostelní hřbitov",50.52009897244001,13.65404457292501,MO,CZ
"Most,TESCO",50.51252850582036,13.651102400439843,MO,CZ
"Most,TESCO",50.512205620874916,13.651394247915105,MO,CZ
"Most,TESCO",50.512199673823694,13.652254648512548,MO,CZ
"Most,TESCO",50.51178935120477,13.652841061143048,MO,CZ
"Most,Nádraží",50.51054122617744,13.657932707256206,MO,CZ
"Most,Nádraží",50.51077024233135,13.657695059526644,MO,CZ
"Most,Rudolická,MUS",50.50890880288567,13.65823370482458,MO,CZ
"Most,nádraží",50.508846601947646,13.658471729068557,MO,CZ
"Most,nádraží",50.50907645215756,13.658262192201033,MO,CZ
"Most,nádraží",50.509138806313906,13.658331466476033,MO,CZ
"Most,Rudolická,MUS",50.50813119408301,13.659354955389182,MO,CZ
"Most,Pod Lajsníkem",50.50549218113939,13.662339651432873,MO,CZ
"Most,Pod Lajsníkem",50.50544803238621,13.662093965279205,MO,CZ
"Most,Sever",50.50793919670346,13.655351891052238,MO,CZ
"Most,Sever",50.507468892738686,13.654288234007048,MO,CZ
"Most,Okresní soud",50.50541780628973,13.649737276462597,MO,CZ
"Most,Okresní soud",50.50564425755156,13.649512052370339,MO,CZ
"Most,Sukova,blok 508",50.50348779433526,13.654299293508094,MO,CZ
"Most,Sukova,blok 508",50.503327080312715,13.654310946827255,MO,CZ
"Most,Sukova,blok 501",50.500584215005766,13.65884880200028,MO,CZ
"Most,Sukova,blok 501",50.50074980571669,13.658896432524655,MO,CZ
"Most,Sukova,blok 558",50.499006138997736,13.660072367735921,MO,CZ
"Most,Sukova,blok 558",50.49937162087288,13.661184246734653,MO,CZ
"Most,Okružní,Shell",50.49852407124449,13.662004191022497,MO,CZ
"Most,Okružní,Shell",50.49852407124449,13.662004191022497,MO,CZ
"Most,Krym",50.50241631558128,13.663165103072354,MO,CZ
"Most,Krym",50.50240743337673,13.662791169990243,MO,CZ
"Most,14.ZŠ",50.495929315664775,13.656290394443936,MO,CZ
"Most,14.ZŠ",50.495665463072235,13.65595467950051,MO,CZ
"Most,Kahan",50.49166423617826,13.651861138973558,MO,CZ
"Most,Kahan",50.492002613942056,13.651265380685228,MO,CZ
"Most,Zd.Štěpánka",50.49433446085674,13.64342455054015,MO,CZ
"Most,Zd.Štěpánka",50.494503853235685,13.64351517173863,MO,CZ
"Most,10.ZŠ",50.49383768904257,13.639712812176409,MO,CZ
"Most,Dopravní podnik",50.49259415046932,13.635625156569292,MO,CZ
"Most,Dopravní podnik",50.49229040367353,13.635141991417246,MO,CZ
"Most,Pionýrů",50.49347438715839,13.632697707484306,MO,CZ
"Most,Čs.mládeže",50.49455575107184,13.635564363225228,MO,CZ
"Most,Čs.mládeže",50.49454102411207,13.635205122065527,MO,CZ
"Most,Čs.mládeže",50.495104241362675,13.635436154994315,MO,CZ
"Most,Čs.mládeže",50.49603497697069,13.635893840705663,MO,CZ
"Most,Dopravní podnik",50.49228488050828,13.63551239131171,MO,CZ
"Most,Dopravní podnik",50.49202201912006,13.635420175179771,MO,CZ
"Most,1. náměstí",50.50089180573423,13.638867721872634,MO,CZ
"Most,1. náměstí",50.501220428220016,13.639070193364569,MO,CZ
"Most,1.náměstí",50.50132292515565,13.638767685182442,MO,CZ
"Most,1.náměstí",50.5006916120796,13.638093116074668,MO,CZ
"Most,Halasova",50.501515002853786,13.633247707891739,MO,CZ
"Most,Halasova",50.50123216867158,13.633917467773912,MO,CZ
"Most,obchodní dům PRIOR",50.50541625219436,13.640319590062072,MO,CZ
"Most,obchodní dům PRIOR",50.50596212986176,13.640693863867376,MO,CZ
"Most,Obchodní dům PRIOR",50.504902513262344,13.639624681328758,MO,CZ
"Most,1.náměstí",50.50032480020912,13.64051855548247,MO,CZ
"Most,Dům peněžnictví",50.500296230817,13.64250785566725,MO,CZ
"Most,Kino Kosmos",50.49816337716124,13.640506723149219,MO,CZ
"Most,Velebudická",50.48709743781909,13.650672261076496,MO,CZ
"Most,Velebudická škola",50.486108558697666,13.650575091077869,MO,CZ
"Most,Velebudická",50.486743928319875,13.652585970171584,MO,CZ
"Most,Velebudická",50.486803695590645,13.65189730811103,MO,CZ
"Most,Velebudice,škola",50.485074008604506,13.65194104724467,MO,CZ
"Most,Velebudice,škola",50.484661723131424,13.65289197245894,MO,CZ
"Most,Severografia",50.48775737527934,13.640266573766587,MO,CZ
"Most,Severografia",50.48791710420912,13.64082489078414,MO,CZ
"Most,Velebudice,rozcestí",50.48581661557979,13.634677006350934,MO,CZ
"Most,Velebudice,rozcestí",50.48576578430554,13.634933959971042,MO,CZ
"Most,Čepirohy,zahrádkářská kolonie",50.4852159125181,13.623513754422193,MO,CZ
"Most,Čepirohy,okály",50.48617625003137,13.621013215272033,MO,CZ
"Most,Ovocné sady",50.484360003026325,13.660329113821952,MO,CZ
"Most,Ovocné sady",50.484103712167574,13.66029622430979,MO,CZ
"Most,Vtelno",50.48942258319753,13.672014943398862,MO,CZ
"Most,Vtelno",50.48921116214954,13.672174615817994,MO,CZ
"Most,Průběžná",50.49803082237584,13.624877895332752,MO,CZ
"Most,Za Krematoriem",50.49776331716233,13.62064679366212,MO,CZ
"Most,Nové krematorium",50.50038351683341,13.624451286358056,MO,CZ
"Most,Pod Městským hřbitovem",50.50146310814311,13.629113013507272,MO,CZ
"Most,Staré krematorium",50.50232217668124,13.62646145068196,MO,CZ
"Most,Městský hřbitov",50.503019563348474,13.628635228044425,MO,CZ
"Most,sídliště ČD",50.533743421971465,13.628284027820303,MO,CZ
"Most,sídliště ČD",50.533757038869055,13.628432299614007,MO,CZ
"Most,rozcestí Kopisty",50.542633454912995,13.617986885503827,MO,CZ
"Most,rozcestí Kopisty",50.54235533665217,13.618483303511987,MO,CZ
"Most,Souš,Vrbenský I",50.5285049206106,13.60698242071853,MO,CZ
"Most,Souš,Vrbenský I",50.528227921243946,13.607475328614385,MO,CZ
"Most,Třebušice,DTS Vrbenský",50.5239778276633,13.584031376611355,MO,CZ
"Most,Třebušice,DTS Vrbenský",50.52356422966265,13.584482555834684,MO,CZ
"Most,Komořany",50.52644822573004,13.571568582513276,MO,CZ
"Most,Komořany",50.526657183558164,13.571946752688191,MO,CZ
"Most,Komořany",50.52667934603033,13.572728225362601,MO,CZ
"Most,Komořany,tábor 7",50.52790995935337,13.56887782098741,MO,CZ
"Most,Komořany,tábor 7",50.52807016143752,13.56897577346407,MO,CZ
"Most,Komořany,KSK",50.530590686809205,13.562610340909242,MO,CZ
"Most,Komořany,KSK",50.53131604907332,13.562318339742301,MO,CZ
"Most,Komořany,Obránců míru",50.53468259038641,13.550508835531797,MO,CZ
"Most,Ervěnice,závod ČSA",50.52338513885415,13.543013674650954,MO,CZ
"Most,Ervěnice,závod ČSA",50.52338513885415,13.543013674650954,MO,CZ
"Most,Komořany,hradlo",50.53456053602066,13.580505564108893,MO,CZ
"Most,Komořany,hradlo",50.53426776992811,13.57991691379588,MO,CZ
"Most,Komořany,Nejedlý I",50.53979427821952,13.585815499809069,MO,CZ
"Most,Komořany,Nejedlý I",50.539498553474345,13.585281194051984,MO,CZ
"Most,Rudolice,rozcestí",50.50676987856099,13.668935511630737,MO,CZ
"Most,Rudolice,rozcestí",50.50684149790381,13.669239861143074,MO,CZ
"Most,Rudolice,u mostu",50.50770075567002,13.667993827783175,MO,CZ
"Most,Rudolice,u mostu",50.50816320976399,13.668221020029808,MO,CZ
"Most,čistící stanice",50.50646492048925,13.676694701495489,MO,CZ
"Most,čistící stanice",50.50659474467919,13.676285673335828,MO,CZ
"Chanov,otočka",50.5043884528641,13.683209533326025,MO,CZ
"Chanov,otočka",50.504518529467475,13.68322663415857,MO,CZ
"Obrnice,koupaliště",50.505124228014836,13.691883705394014,MO,CZ
"Obrnice,koupaliště",50.50497876433861,13.691316144025716,MO,CZ
"Obrnice,škola",50.50444352181975,13.696492248117876,MO,CZ
"Obrnice,škola",50.504098995058165,13.696599446497956,MO,CZ
"Obrnice,sídliště",50.50302283926792,13.700001744623973,MO,CZ
"Obrnice,sídliště",50.502867668819654,13.700072819450405,MO,CZ
"Patokryje,lávka",50.499761341949664,13.700887615026417,MO,CZ
"Patokryje,lávka",50.49996004538146,13.70118270642837,MO,CZ
České Zlatníky,50.51268395901052,13.699871529503058,MO,CZ
České Zlatníky,50.51268341241497,13.699871041641208,MO,CZ
"Most,Benedikt",50.492201113238835,13.67350066028194,MO,CZ
"Most,Benedikt",50.49207508287345,13.673899751577155,MO,CZ
"Most,Čepirohy,závodní klub",50.47945988772378,13.61835674943187,MO,CZ
"Most,Čepirohy,závodní klub",50.4795737289889,13.618712126878632,MO,CZ
"Most,Čepirohy,Hrabák",50.47597947846328,13.6160464352596,MO,CZ
"Most,Čepirohy,Hrabák",50.476167416385294,13.616381006370407,MO,CZ
"Most,Čepirohy,areál ALTAMEX",50.47214185547978,13.617505174126544,MO,CZ
"Most,Čepirohy,areál ALTAMEX",50.47214185547978,13.617505174126544,MO,CZ
"Nemilkov,rozcestí",50.46374784222687,13.60915392625096,MO,CZ
"Nemilkov,rozcestí",50.46395776073195,13.609432955942902,MO,CZ
"Bylany,DOMES",50.46737429266988,13.603723617693422,MO,CZ
"Bylany,DOMES",50.46737429266988,13.603723617693422,MO,CZ
"Most,Rudolice,náměstí",50.510721718452395,13.663893534177442,MO,CZ
"Most,18.ZŠ",50.49503574107798,13.665384768268131,MO,CZ
"Most,18.ZŠ",50.49483310149026,13.665016513056587,MO,CZ
"Most,Vodárna",50.492472284205704,13.662586973184657,MO,CZ
"Most,Vodárna",50.49215287078693,13.660410385967593,MO,CZ
"Most,Speciální škola",50.49818408467841,13.650920738277259,MO,CZ
"Most,Speciální škola",50.49832949244982,13.651142866274407,MO,CZ
"Most,Aquadrom",50.4964131611136,13.648917824294395,MO,CZ
"Most,Aquadrom",50.49671619277082,13.649286686332362,MO,CZ
"Most,1.náměstí",50.50114830065427,13.639261472015852,MO,CZ
Havraň,50.45016046811579,13.599119981796367,MO,CZ
Havraň,50.44966044493087,13.598507834958806,MO,CZ
"Havraň,škola",50.444583229706446,13.594797749522966,MO,CZ
"Havraň,škola",50.44449543539073,13.594941260668197,MO,CZ
"Havraň,Nemak",50.42276073308457,13.581624101569998,MO,CZ
"Havraň,Nemak",50.42250750235789,13.581968663941321,MO,CZ
"Havraň,Joseph I",50.42500428447691,13.588705607998326,MO,CZ
"Havraň,Joseph I",50.42486891904759,13.588953243093272,MO,CZ
"Havraň,Joseph II",50.42480995954402,13.593435882750464,MO,CZ
"Obrnice,odb.Vtelno",50.497467880010284,13.691013739940539,MO,CZ
"Sedlec,pivovar",50.485854440644694,13.71645206408069,MO,CZ
"Sedlec,pivovar",50.48572968422598,13.71655148518305,MO,CZ
"Sedlec,obec",50.48314801051781,13.713255424539382,MO,CZ
"Sedlec,obec",50.483077821224995,13.713204439488605,MO,CZ
"Korozluky,obecní úřad",50.478801195030485,13.722378165919459,MO,CZ
"Korozluky,obecní úřad",50.47848494197946,13.722591522499663,MO,CZ
Skršín,50.46656946663471,13.75330887255806,MO,CZ
Skršín,50.466601674830585,13.753511976836934,MO,CZ
"Skršín,Chrámce",50.46815496463524,13.773899514335056,MO,CZ
"Skršín,Dobrčice",50.47903876299938,13.764662193099454,MO,CZ
"Most,Vtelenská",50.499299949771995,13.66748226781363,MO,CZ
"Most,Vtelenská",50.49926822549364,13.668857597965284,MO,CZ
"Most,Zázvorová",50.495681824419606,13.67327067610362,MO,CZ
"Most,Zázvorová",50.4943750608803,13.67295829074226,MO,CZ
"Havraň,Saběnice",50.445733652882936,13.584797117016324,MO,CZ
"Havraň,Saběnice",50.44565176093651,13.584896938696627,MO,CZ
"Most,Tenisové kurty",50.49584006408064,13.618969035991626,MO,CZ
"Komořany,Nejedlý II",50.54475984267869,13.587834679681935,MO,CZ
"Komořany,Nejedlý II",50.54431221619105,13.587968992887813,MO,CZ
"D.Jiřetín,hornická kolonie",50.549263189119834,13.589247626121505,MO,CZ
"D.Jiřetín,hornická kolonie",50.548871498752476,13.589015670850232,MO,CZ
"D.Jiřetín,rozcestí",50.55510851591087,13.589600290000124,MO,CZ
"D.Jiřetín,rozcestí",50.554963789248525,13.590212678824678,MO,CZ
"D.Jiřetín,odb.Centrum",50.555121495129406,13.592044380336771,MO,CZ
"D.Jiřetín,odb.Centrum",50.554977649322595,13.59252712483879,MO,CZ
"Záluží,CHEMOPETROL",50.56053145487227,13.601460922396614,MO,CZ
"Litvínov,nádraží",50.59374873693665,13.610227505912945,MO,CZ
"Litvínov,nádraží",50.593659167074236,13.609350785367647,MO,CZ
"Litvínov,poliklinika",50.601632634084936,13.614100034639232,MO,CZ
"Litvínov,poliklinika",50.60152948499326,13.61428217248042,MO,CZ
"Litvínov,Partyzán",50.60590013673935,13.610479638964225,MO,CZ
"Litvínov,Partyzán",50.60600323241318,13.610581662669041,MO,CZ
"Meziboří,radnice",50.61997323367339,13.604581074994513,MO,CZ
"Meziboří,sanatorium",50.62127535242112,13.598237371973136,MO,CZ
"Meziboří,stadion",50.62337930058171,13.594482081798853,MO,CZ
"Meziboří,kulturní dům",50.62210765915905,13.598786789826995,MO,CZ
"Meziboří,penziony",50.62194448738798,13.603600204711155,MO,CZ
"Meziboří,městský úřad",50.62003261676388,13.606978967488457,MO,CZ
"Litvínov,Citadela",50.60808960651851,13.626771049874394,MO,CZ
"Litvínov,Citadela",50.60862803771051,13.627644398123667,MO,CZ
"Litvínov,Koldům",50.611396385299926,13.636163563383088,MO,CZ
"Litvínov,Koldům",50.611769241844534,13.637412109486345,MO,CZ
Horní Lom,50.61197963046821,13.646543048900742,MO,CZ
Horní Lom,50.61200388890589,13.646989816142192,MO,CZ
"Lom,Horní Lom,rozcestí",50.61175168302532,13.647852955637301,MO,CZ
"Lom,Horní Lom,rozcestí",50.61138133220038,13.647851082462065,MO,CZ
"Lom,Geologický průzkum",50.60403116114194,13.651235570133634,MO,CZ
"Lom,Geologický průzkum",50.60490921395314,13.65098802933283,MO,CZ
"Lom,škola",50.60058860075791,13.652929439672938,MO,CZ
"Lom,škola",50.60020756884891,13.653271989697364,MO,CZ
"Lom,Červený kříž",50.597378306938644,13.654478632081101,MO,CZ
"Lom,Červený kříž",50.597361714634914,13.654661240868275,MO,CZ
"Lom,náměstí",50.59440823080443,13.656690891422382,MO,CZ
"Lom,náměstí",50.594073537974914,13.657338612111346,MO,CZ
"Lom,městský hřbitov",50.597538967548765,13.663198011615005,MO,CZ
"Lom,městský hřbitov",50.597538967548765,13.663198011615005,MO,CZ
"Lom,rozcestí M.Radčice",50.58994400263947,13.663198201240636,MO,CZ
Loučná,50.613156790204705,13.650593326442324,MO,CZ
Loučná,50.61334890822297,13.650794790405955,MO,CZ
"Loučná,konečná",50.615155114171074,13.657484484722977,MO,CZ
"Loučná,konečná",50.615155114171074,13.657484484722977,MO,CZ
"Osek,autokempink",50.622659623741534,13.686682450929393,TP,CZ
"Osek,autokempink",50.62255832719146,13.687008330890901,TP,CZ
"Osek,Hrdlovská",50.627489510560416,13.690465316016894,TP,CZ
"Osek,Národní dům",50.6253908384221,13.691343772910894,TP,CZ
"Osek,náměstí",50.621838692564076,13.693287183155196,TP,CZ
"Osek,náměstí",50.62228413469587,13.69221284605013,TP,CZ
"Osek,zbrojnice",50.62282259387559,13.69671406704598,TP,CZ
"Osek,zbrojnice",50.622811024109986,13.697235095905047,TP,CZ
"Osek,kolonie",50.62176337091676,13.704536447203878,TP,CZ
"Osek,kolonie",50.62306912313972,13.70416071767656,TP,CZ
"Litvínov,Jiráskova",50.599092792603365,13.617200649048211,MO,CZ
"Litvínov,Jiráskova",50.59913343803303,13.616793464652481,MO,CZ
"Litvínov,průmyslová zóna",50.59962889335299,13.624168067278497,MO,CZ
"Litvínov,průmyslová zóna",50.59962889335299,13.624168067278497,MO,CZ
"Litvínov,sportovní škola",50.606343143017526,13.618328323065674,MO,CZ
"Litvínov,sportovní škola",50.606453356399825,13.61922378197682,MO,CZ
"Litvínov,mototechna",50.60459622786426,13.614621387641362,MO,CZ
"Litvínov,mototechna",50.604865047605905,13.61548193384468,MO,CZ
"Litvínov,Máj",50.603218893997685,13.610947682902086,MO,CZ
"Litvínov,Máj",50.60334905965506,13.610371412502996,MO,CZ
"Litvínov,Máj,věžové domy",50.60316213494054,13.60869803372982,MO,CZ
"Litvínov,Máj,věžové domy",50.60287613126088,13.608115352873984,MO,CZ
"Litvínov,náměstí Míru",50.59900322294754,13.609816943883645,MO,CZ
"Litvínov,náměstí Míru",50.59874490908955,13.609701106349887,MO,CZ
"Litvínov,Krušnohor",50.600822733056454,13.602365036251303,MO,CZ
"Litvínov,Krušnohor",50.600803104054364,13.602671479732141,MO,CZ
"Litvínov,Bílý sloup",50.599192734290845,13.60234287739947,MO,CZ
"Litvínov,Bílý sloup",50.5990482190787,13.60224981301919,MO,CZ
"Litvínov,požární stanice",50.59879185287237,13.596399179583045,MO,CZ
"Litvínov,požární stanice",50.598623258000686,13.596396509729805,MO,CZ
"Litvínov,Šumná,Stavařov",50.60300320492599,13.59688628914116,MO,CZ
"Litvínov,Šumná,Stavařov",50.60301923998888,13.59702073438732,MO,CZ
"Litvínov,Šumná,průmyslový areál",50.60600550802051,13.59374068582975,MO,CZ
"Litvínov,Šumná,průmyslový areál",50.605095416951364,13.593961724650008,MO,CZ
"Litvínov,Šumná",50.60913555254289,13.591157668291693,MO,CZ
"Litvínov,Šumná",50.60913555254289,13.591157668291693,MO,CZ
"Litvínov,Chudeřín",50.59730519415995,13.593822247870778,MO,CZ
"Litvínov,Chudeřín",50.59705662531177,13.592991728752315,MO,CZ
"Litvínov,Janáčkova",50.59594477735307,13.58967130430231,MO,CZ
"Litvínov,Janáčkova",50.595812639861194,13.588212502929636,MO,CZ
"Hamr,škola",50.59468796088996,13.584447652054536,MO,CZ
"Hamr,škola",50.5948310821788,13.58543491488068,MO,CZ
"Hamr,sídliště",50.5934053874936,13.579532521781518,MO,CZ
"Hamr,sídliště",50.59322012110741,13.578753358117574,MO,CZ
Hamr,50.59245960102517,13.573927121764582,MO,CZ
Hamr,50.592421221656956,13.574579476018847,MO,CZ
"Janov,pekárny",50.59112308812753,13.568991498391307,MO,CZ
"Janov,pekárny",50.59054993622726,13.568383216837793,MO,CZ
Janov,50.587541193318955,13.56415873948749,MO,CZ
Janov,50.587272545714704,13.564097617198982,MO,CZ
"Janov,konečná",50.58865868108658,13.564015489779786,MO,CZ
"Janov,konečná",50.58856367126103,13.563406324180031,MO,CZ
"Janov,sportovní hala",50.58998521352418,13.565245785890559,MO,CZ
"Janov,sportovní hala",50.58976779653544,13.564765696138268,MO,CZ
"Janov,sportovní hala",50.59089895501898,13.566020303625875,MO,CZ
"Janov,Krušnohor",50.59303596019608,13.570381928538183,MO,CZ
"Janov,blok D3",50.59104827237594,13.560142108214334,MO,CZ
"Janov,blok D3",50.590674543544026,13.56077902349791,MO,CZ
"Janov,škola",50.59284006360351,13.5631616183116,MO,CZ
"Janov,škola",50.59288990757282,13.564322261612448,MO,CZ
"Janov,horní část",50.59222104630034,13.560309923808612,MO,CZ
"Janov,horní část",50.59207084269335,13.559874942721482,MO,CZ
Osada Poslušnost,50.59509635530255,13.55628683711708,MO,CZ
Osada Poslušnost,50.5952402910058,13.55599395328876,MO,CZ
Křížatky,50.603194865621795,13.554974562956495,MO,CZ
Křížatky,50.6032845118736,13.555084811628717,MO,CZ
"H.Jiřetín,rozcestí",50.58401809389913,13.536984633127004,MO,CZ
"H.Jiřetín,rozcestí",50.58383821783337,13.536409533167127,MO,CZ
"H.Jiřetín,rozcestí",50.584004233923174,13.535671077473298,MO,CZ
"H.Jiřetín,rozcestí",50.5839855097953,13.535878398762824,MO,CZ
"H.Jiřetín,Triola",50.586400008576426,13.53402745748551,MO,CZ
"H.Jiřetín,Triola",50.58630228581126,13.53386737038162,MO,CZ
"H.Jiřetín,požární zbrojnice",50.578041892308036,13.541005871270007,MO,CZ
"H.Jiřetín,požární zbrojnice",50.577832833310346,13.540571512355534,MO,CZ
"H.Jiřetín, P.Holého",50.572925136472826,13.539290360774501,MO,CZ
"H.Jiřetín, P.Holého",50.57253335847423,13.539869311267818,MO,CZ
"Černice,mlékárna",50.56655631228334,13.527061844293984,MO,CZ
"Černice,mlékárna",50.56668825294794,13.527591879151487,MO,CZ
Černice,50.56601091178399,13.520810159956865,MO,CZ
Černice,50.56601091178399,13.520810159956865,MO,CZ
"H.Jiřetín,u nádraží",50.5712171299418,13.544958190027677,MO,CZ
"H.Jiřetín,u nádraží",50.57132412576902,13.546309996546528,MO,CZ
"H.Jiřetín,pošta",50.570509935800075,13.551960142616664,MO,CZ
"H.Jiřetín,pošta",50.570626786935726,13.552252105195409,MO,CZ
"H.Jiřetín,pekařství",50.566174049854666,13.557850766715292,MO,CZ
"H.Jiřetín,pekařství",50.56597150301831,13.557960851799994,MO,CZ
"Most,Komořany,Obránců míru",50.53490776358619,13.550630156292295,MO,CZ
"Most,Zimní stadion",50.514117196062536,13.647316748920908,MO,CZ
"Most,Zimní stadion",50.513687445296306,13.647724917079543,MO,CZ
"Obrnice,odb.Vtelno",50.497467880010284,13.691013739940539,MO,CZ
"Most,Komořany,DUK",50.52185626031852,13.57447828244945,MO,CZ
"Most,Komořany,DUK",50.52185626031852,13.57447828244945,MO,CZ
"Litvínov,Ruská ul.",50.600272295900545,13.607687739021676,MO,CZ
"Litvínov,3.ZŠ",50.61065718892503,13.63028864226263,MO,CZ
"Černice, mlékárna",50.56655631228334,13.527061844293984,MO,CZ
"Černice, mlékárna",50.56668825294794,13.527591879151487,MO,CZ
"Záluží, CHEMOPETROL",50.56066115383798,13.601330256166197,MO,CZ
"Most,Velebudická",50.48698027395692,13.651020512985406,MO,CZ
"Skršín,Chrámce",50.46815496463524,13.773899514335056,MO,CZ
"Most,Jezero Most",50.52698683131621,13.649741025806954,MO,CZ
