Albrechtice n.Vlt.,49.25578,14.308166,PI,CZ
"Albrechtice n.Vlt.,,rozc.0.3",49.25172,14.30639,PI,CZ
"Albrechtice n.Vlt.,Chřešťovice",49.321213,14.288838,PI,CZ
"Albrechtice n.Vlt.,Jehnědno",49.30025,14.304905,PI,CZ
"Albrechtice n.Vlt.,Jehnědno,U křížku",49.308353,14.300154,PI,CZ
"Albrechtice n.Vlt.,Údraž",49.28165,14.309113,PI,CZ
"Albrechtice n.Vlt.,Údraž,chalupy",49.291058,14.306081,PI,CZ
"Albrechtice n.Vlt.,Všeteč,rozc.",49.25283,14.301955,PI,CZ
"Babice,Zvěřetice,rozc.1.0",49.034702,14.248368,PT,CZ
Balkova Lhota,49.451668,14.606495,TA,CZ
"Balkova Lhota,,Černý Les",49.453465,14.591586,TA,CZ
"Balkova Lhota,,Knížata rozc.1.0",49.455345,14.588471,TA,CZ
"Balkova Lhota,,Výrec",49.445526,14.603256,TA,CZ
Báňovice,49.01176,15.490069,JH,CZ
"Bavorov,,nám.",49.121624,14.078505,ST,CZ
"Bavorov,Blanice,rozc.1.0",49.101765,14.061734,ST,CZ
"Bavorov,Svinětice",49.1412,14.097047,ST,CZ
Bečice,49.216854,14.501576,CB,CZ
Bednárec,49.195793,15.092,JH,CZ
"Bednárec,,Kop.myslivna",49.181267,15.11155,JH,CZ
Bednáreček,49.21066,15.142346,JH,CZ
"Bechyně,,aut.nádr.",49.302147,14.476099,TA,CZ
"Bechyně,,žel.st.",49.29996,14.477202,TA,CZ
"Bechyně,Senožaty",49.31991,14.479753,TA,CZ
Běleč,49.54335,14.83622,TA,CZ
"Běleč,Bzová,rozc.",49.555576,14.846164,TA,CZ
"Běleč,Elbančice,rozc.1.0",49.545296,14.84332,TA,CZ
Benešov n.Černou,48.729393,14.627152,CK,CZ
"Benešov n.Černou,,pila",48.721756,14.628798,CK,CZ
"Benešov n.Černou,,U čerp.st.",48.731354,14.63137,CK,CZ
"Benešov n.Černou,Černé Údolí",48.693737,14.666348,CK,CZ
"Benešov n.Černou,Dluhoště,samoty",48.73079,14.583742,CK,CZ
"Benešov n.Černou,Ličov",48.73008,14.572536,CK,CZ
"Benešov n.Černou,Valtéřov",48.739166,14.644488,CK,CZ
"Bernartice,,nám.",49.368763,14.380118,PI,CZ
"Bernartice,Bílinka",49.356773,14.377603,PI,CZ
"Bernartice,Kolíšov,rozc.",49.374744,14.412698,PI,CZ
"Bernartice,Srlín",49.378983,14.449571,PI,CZ
"Bernartice,Struhováček,rybník",49.37644,14.428851,PI,CZ
"Bernartice,Svatkovice",49.343407,14.367471,PI,CZ
Besednice,48.789677,14.555861,CK,CZ
"Besednice,,Mlýnek",48.77892,14.544041,CK,CZ
"Besednice,,škola",48.787113,14.55003,CK,CZ
"Besednice,Malče,rozc.",48.782475,14.526025,CK,CZ
"Blatná,,Hříbárna",49.413685,13.872799,ST,CZ
"Blatná,,Lapač",49.413692,13.903086,ST,CZ
"Blatná,,Lhotka rozc.1.0",49.415485,13.852633,ST,CZ
"Blatná,,Na Sahaře",49.43678,13.864875,ST,CZ
"Blatná,,Palackého",49.428143,13.881873,ST,CZ
"Blatná,,Písecká",49.417515,13.885393,ST,CZ
"Blatná,,Riegrova",49.433407,13.871403,ST,CZ
"Blatná,,SOU",49.42044,13.877281,ST,CZ
"Blatná,,Vorlíčkova",49.42169,13.882177,ST,CZ
"Blatná,,Vrbenská",49.42411,13.862732,ST,CZ
"Blatná,,žel.st.",49.4308,13.873218,ST,CZ
"Blatná,Blatenka",49.400593,13.854622,ST,CZ
"Blatná,Hněvkov",49.400894,13.904829,ST,CZ
"Blatná,Skaličany",49.437366,13.915567,ST,CZ
Blažejov,49.14161,15.09558,JH,CZ
"Blažejov,Dvoreček",49.14814,15.104593,JH,CZ
"Blažejov,Mutyněves",49.163635,15.125823,JH,CZ
"Blažejov,Oldřiš",49.155125,15.110019,JH,CZ
"Bohdalovice,,rozc.1.5",48.75602,14.279069,CK,CZ
"Bohdalovice,Veleslavice",48.75128,14.268891,CK,CZ
"Bohumilice,,rozc.0.5",49.106197,13.809454,PT,CZ
Borek,49.02048,14.498487,CB,CZ
"Borek,,rozc.Úsilné",49.015797,14.494833,CB,CZ
"Borek,,rozc.Úsilné 1.0",49.015015,14.496039,CB,CZ
"Borek,,Točna",49.02584,14.502504,CB,CZ
Borkovice,49.206764,14.640718,TA,CZ
Borotín,49.505978,14.612905,TA,CZ
"Borotín,,starý zámek",49.499825,14.635324,TA,CZ
"Borotín,,škola",49.503944,14.616426,TA,CZ
Borová Lada,48.98996,13.660033,PT,CZ
"Borová Lada,,České Chalupy",48.993427,13.66663,PT,CZ
"Borová Lada,,Hrabická Lada",49.001736,13.671804,PT,CZ
"Borová Lada,,Zahrádky",48.972218,13.676037,PT,CZ
"Borová Lada,Nový Svět",49.006935,13.669909,PT,CZ
"Borová Lada,Svinná Lada",48.99552,13.654618,PT,CZ
"Borová Lada,Šindlov,rozc.0.5",49.02241,13.666391,PT,CZ
"Borovany,,aut.nádr.",48.90078,14.642486,CB,CZ
"Borovany,,žel.st.",48.89176,14.642679,CB,CZ
"Borovany,Dvorec",48.880356,14.660357,CB,CZ
"Borovany,Třebeč",48.874516,14.677377,CB,CZ
"Borovany,Třebeč,Brouskův mlýn",48.87466,14.695746,CB,CZ
"Borovany,Vrcov",48.91634,14.664326,CB,CZ
Borovnice,48.912086,14.519348,CB,CZ
"Borovnice,,Na svážnici",48.905792,14.523849,CB,CZ
"Boršov n.Vlt.,,Podjezd",48.924423,14.438935,CB,CZ
"Boršov n.Vlt.,,U Mostu",48.9216,14.436701,CB,CZ
"Boršov n.Vlt.,,žel.st.",48.92603,14.444207,CB,CZ
"Boršov n.Vlt.,Březí",48.916782,14.430007,CB,CZ
"Bořetín,,rozc.0.2",49.187435,15.213379,JH,CZ
Bošilec,49.149,14.646222,CB,CZ
"Bošilec,,rozc.",49.154453,14.633323,CB,CZ
Branišov,48.97864,14.3959,CB,CZ
"Branišov,,Jednota",48.97895,14.407389,CB,CZ
Bratronice,49.366215,13.841523,ST,CZ
Brloh,48.928555,14.220265,CK,CZ
"Brloh,,Stržíšek",48.939342,14.215782,CK,CZ
"Brloh,Jaronín",48.95369,14.208642,CK,CZ
"Brloh,Sedm Chalup",48.946667,14.212841,CK,CZ
"Břehov,,rozc.1.0",49.030434,14.331562,CB,CZ
"Březina,,ČSAD",49.2902,14.913706,JH,CZ
"Březnice,,ZD",49.253323,14.51249,TA,CZ
Budislav,49.29398,14.839201,TA,CZ
"Budislav,Hlavňov",49.306686,14.841339,TA,CZ
Budíškovice,49.07606,15.531031,JH,CZ
"Budíškovice,Manešovice",49.06188,15.519088,JH,CZ
"Budíškovice,Zavadilka",49.073265,15.508241,JH,CZ
"Bujanov,,Nažidla",48.692898,14.461834,CK,CZ
"Bujanov,Skoronice",48.711132,14.476631,CK,CZ
"Bujanov,Suchdol,rozc.",48.677567,14.450437,CK,CZ
"Bujanov,Zdíky,rozc.0.4",48.707497,14.472243,CK,CZ
Cehnice,49.214924,14.028724,ST,CZ
"Cehnice,Dunovice,rozc.1.0",49.208473,14.04757,ST,CZ
Čakov,48.97956,14.30866,CB,CZ
"Čakov,,ve Vráži",48.98028,14.324739,CB,CZ
Čejkovice,49.0142,14.381881,CB,CZ
Čepřovice,49.15554,13.974846,ST,CZ
"Čepřovice,Jiřetice",49.145443,13.983086,ST,CZ
"Čepřovice,Koječín",49.136593,13.992402,ST,CZ
Černá v Pošumaví,48.738125,14.109135,CK,CZ
"Černá v Pošumaví,Plánička",48.72152,14.131225,CK,CZ
"Černá v Pošumaví,Plánička,háj.",48.71658,14.132733,CK,CZ
Červený Hrádek,49.12309,15.539314,JH,CZ
"Červený Hrádek,,rozc.Dolní Vilímeč",49.12442,15.529766,JH,CZ
"České Budějovice,,Alešova",48.97002,14.481232,CB,CZ
"České Budějovice,,Aloise Kříže",48.96964,14.497588,CB,CZ
"České Budějovice,,Antala Staška",48.952698,14.467009,CB,CZ
"České Budějovice,,Areál VŠTE",48.996223,14.495135,CB,CZ
"České Budějovice,,aut.nádr.",48.97288,14.487252,CB,CZ
"České Budějovice,,Autocamping",48.967617,14.463752,CB,CZ
"České Budějovice,,Blahoslavova",48.98269,14.487305,CB,CZ
"České Budějovice,,Budvar",48.992817,14.476905,CB,CZ
"České Budějovice,,Centrum Rožnov",48.94897,14.46695,CB,CZ
"České Budějovice,,Čéčova",48.987133,14.466798,CB,CZ
"České Budějovice,,Čechova",48.96658,14.481518,CB,CZ
"České Budějovice,,České Vrbné",49.007378,14.446265,CB,CZ
"České Budějovice,,Čtyři Dvory U hada",48.97874,14.42816,CB,CZ
"České Budějovice,,Dobrovodská",48.97788,14.490653,CB,CZ
"České Budějovice,,Dopravní podnik",48.963985,14.487901,CB,CZ
"České Budějovice,,Družba-IGY",48.9838,14.471861,CB,CZ
"České Budějovice,,Družstevní dům",48.959824,14.490314,CB,CZ
"České Budějovice,,Dubenská",48.981194,14.441266,CB,CZ
"České Budějovice,,Dubičný potok",48.975628,14.499794,CB,CZ
"České Budějovice,,Edvarda Beneše",48.969852,14.500388,CB,CZ
"České Budějovice,,Evžena Rošického",48.984837,14.451898,CB,CZ
"České Budějovice,,Fráni Šrámka",48.982166,14.477506,CB,CZ
"České Budějovice,,Geodezie",48.96738,14.474817,CB,CZ
"České Budějovice,,Globus",49.002697,14.449531,CB,CZ
"České Budějovice,,Grünwaldova",48.965183,14.470763,CB,CZ
"České Budějovice,,Haklovy Dvory",48.99343,14.407107,CB,CZ
"České Budějovice,,Haklovy Dvory-křiž.",48.992805,14.413271,CB,CZ
"České Budějovice,,Havlíčkova kolonie - Aspera",48.961304,14.484208,CB,CZ
"České Budějovice,,Havlíčkova kolonie - Malý jez",48.962486,14.479486,CB,CZ
"České Budějovice,,Hraniční",48.97502,14.509286,CB,CZ
"České Budějovice,,Hrnčířská",48.93909,14.463901,CB,CZ
"České Budějovice,,hřbitov",48.999687,14.482292,CB,CZ
"České Budějovice,,Husova kolonie",48.986584,14.493496,CB,CZ
"České Budějovice,,J.Š.Baara",48.980022,14.477501,CB,CZ
"České Budějovice,,Jana Buděšínského",48.9554,14.468756,CB,CZ
"České Budějovice,,Jánská",48.962704,14.470838,CB,CZ
"České Budějovice,,Jaroslava Bendy",48.983273,14.438621,CB,CZ
"České Budějovice,,Jeronýmova",48.975895,14.481554,CB,CZ
"České Budějovice,,Jihočeská univerzita",48.979008,14.44824,CB,CZ
"České Budějovice,,Jírovcova",48.983017,14.478132,CB,CZ
"České Budějovice,,Kaliště",48.965305,14.575493,CB,CZ
"České Budějovice,,Kaliště-samoty",48.963676,14.565995,CB,CZ
"České Budějovice,,Karla IV.",48.97328,14.478113,CB,CZ
"České Budějovice,,Kněžské Dv.sokolovna",49.008144,14.477066,CB,CZ
"České Budějovice,,Kněžské Dv.škola",49.000465,14.475973,CB,CZ
"České Budějovice,,Kněžské Dv.točna",49.003742,14.476386,CB,CZ
"České Budějovice,,Kněžskodvorská",48.99384,14.474603,CB,CZ
"České Budějovice,,KOH-I-NOOR",48.968655,14.472662,CB,CZ
"České Budějovice,,KOH-I-NOOR - U Vodárny",48.96857,14.468384,CB,CZ
"České Budějovice,,Kovárna",48.9721,14.508472,CB,CZ
"České Budějovice,,Křižíkova",48.964252,14.482947,CB,CZ
"České Budějovice,,Lékařský dům",48.9588,14.470962,CB,CZ
"České Budějovice,,Madeta",48.97879,14.494913,CB,CZ
"České Budějovice,,Máj-Antonína Barcala",48.983955,14.432199,CB,CZ
"České Budějovice,,Máj-Milady Horákové",48.98658,14.440569,CB,CZ
"České Budějovice,,Mariánské nám.",48.979652,14.4724,CB,CZ
"České Budějovice,,Marie Vydrové",48.966145,14.479377,CB,CZ
"České Budějovice,,Metropol",48.972157,14.477768,CB,CZ
"České Budějovice,,Mladé-točna",48.95732,14.492923,CB,CZ
"České Budějovice,,Motor Jikov",48.998135,14.475625,CB,CZ
"České Budějovice,,Na Děkanských polích",48.941143,14.478379,CB,CZ
"České Budějovice,,Nádraží",48.973766,14.487912,CB,CZ
"České Budějovice,,Nákupní centrum Géčko",48.999695,14.449594,CB,CZ
"České Budějovice,,Nám.Bratří Čapků",48.948505,14.464844,CB,CZ
"České Budějovice,,Náměstí Přemysla Otakara II.",48.974014,14.474559,CB,CZ
"České Budějovice,,Nemanice",49.00839,14.489072,CB,CZ
"České Budějovice,,Nerudova",48.984787,14.478227,CB,CZ
"České Budějovice,,Nové Hodějovice",48.951107,14.50154,CB,CZ
"České Budějovice,,Nové Roudné",48.944714,14.481304,CB,CZ
"České Budějovice,,Nové Třebotovice",48.96508,14.542628,CB,CZ
"České Budějovice,,Nové Vráto",48.983646,14.509244,CB,CZ
"České Budějovice,,Nové Vráto U pily",48.985413,14.514818,CB,CZ
"České Budějovice,,Nové Vráto-U SCANIE",48.986843,14.515689,CB,CZ
"České Budějovice,,Okružní - Mane",49.0003,14.491488,CB,CZ
"České Budějovice,,Okružní - rozcestí",49.00281,14.484789,CB,CZ
"České Budějovice,,Okružní-točna",48.990707,14.503691,CB,CZ
"České Budějovice,,Otavská",48.99363,14.4492,CB,CZ
"České Budějovice,,Palackého nám.",48.98254,14.480704,CB,CZ
"České Budějovice,,Papírenská",48.957096,14.468508,CB,CZ
"České Budějovice,,Papírenská-točna",48.95683,14.462428,CB,CZ
"České Budějovice,,Parkoviště Dynamo",48.966766,14.4706,CB,CZ
"České Budějovice,,Parkoviště Jírovcova",48.98696,14.477545,CB,CZ
"České Budějovice,,Pekárny",48.97535,14.505383,CB,CZ
"České Budějovice,,Pětidomí",48.971725,14.494025,CB,CZ
"České Budějovice,,Pod Lékárnou",48.971516,14.498704,CB,CZ
"České Budějovice,,Pohůrka-kulturní dům",48.96304,14.511056,CB,CZ
"České Budějovice,,Pohůrka-U Křížku",48.964462,14.507606,CB,CZ
"České Budějovice,,Pohůrka-U Rybníka",48.96259,14.521935,CB,CZ
"České Budějovice,,Poliklinika Jih",48.966057,14.474963,CB,CZ
"České Budějovice,,Poliklinika Sever",48.97739,14.477278,CB,CZ
"České Budějovice,,Pražské sídliště",48.98877,14.463419,CB,CZ
"České Budějovice,,Průběžná",48.991222,14.465978,CB,CZ
"České Budějovice,,Průmyslová",48.97049,14.484411,CB,CZ
"České Budějovice,,Rozcestí Hlinsko",48.981323,14.503316,CB,CZ
"České Budějovice,,Rožnov",48.94538,14.464809,CB,CZ
"České Budějovice,,Rožnov - točna",48.943233,14.466727,CB,CZ
"České Budějovice,,Samson",48.962353,14.473288,CB,CZ
"České Budějovice,,Senovážné nám.-pošta",48.973984,14.478909,CB,CZ
"České Budějovice,,Skuherského",48.981255,14.485105,CB,CZ
"České Budějovice,,Strakonická - obchodní zóna",48.990593,14.471796,CB,CZ
"České Budějovice,,Stromovka",48.97327,14.465259,CB,CZ
"České Budějovice,,Suché Vrbné",48.9708,14.50297,CB,CZ
"České Budějovice,,Suchomelská",48.993324,14.4717,CB,CZ
"České Budějovice,,Šumava",48.982086,14.445415,CB,CZ
"České Budějovice,,Šumavská",48.96033,14.471946,CB,CZ
"České Budějovice,,Tiskárny",48.975708,14.495663,CB,CZ
"České Budějovice,,Třebotovice rozc.",48.961823,14.558774,CB,CZ
"České Budějovice,,Tyršova",48.96799,14.500768,CB,CZ
"České Budějovice,,U Hvízdala",48.996506,14.448579,CB,CZ
"České Budějovice,,U Chromých",49.00551,14.48682,CB,CZ
"České Budějovice,,U Jižní zast.",48.95893,14.476087,CB,CZ
"České Budějovice,,U Koníčka",48.97202,14.483197,CB,CZ
"České Budějovice,,U nemocnice",48.95995,14.469831,CB,CZ
"České Budějovice,,U parku",48.98141,14.45625,CB,CZ
"České Budějovice,,U soudu",48.970352,14.474801,CB,CZ
"České Budějovice,,U Trojice",48.986145,14.471858,CB,CZ
"České Budějovice,,U výměníku",48.98998,14.450047,CB,CZ
"České Budějovice,,U Zelené ratolesti",48.977993,14.470172,CB,CZ
"České Budějovice,,U Zimního stadionu",48.96979,14.472182,CB,CZ
"České Budějovice,,Václava Talicha",48.984196,14.446634,CB,CZ
"České Budějovice,,Vítězslava Nováka",48.95479,14.478958,CB,CZ
"České Budějovice,,Vltava",48.996426,14.449574,CB,CZ
"České Budějovice,,Vltava střed",48.99158,14.453861,CB,CZ
"České Budějovice,,Voříškův Dvůr",48.993538,14.461349,CB,CZ
"České Budějovice,,Vozovna Horní",48.99373,14.483392,CB,CZ
"České Budějovice,,Vrbenská",48.97676,14.489799,CB,CZ
"České Budějovice,,Vysokoškolské koleje",48.980034,14.453618,CB,CZ
"České Budějovice,,Výstaviště",48.978188,14.460917,CB,CZ
"České Budějovice,,Zavadilka",48.9907,14.428015,CB,CZ
"České Budějovice,,Zavadilka-zahrádky",48.990417,14.431768,CB,CZ
"České Budějovice,,Zvonárna",48.970253,14.515934,CB,CZ
"České Budějovice,,Želivského",48.966503,14.504963,CB,CZ
"České Budějovice,,Žerotínova",48.98482,14.487953,CB,CZ
"České Budějovice,Nové Hodějovice,točna",48.94562,14.504711,CB,CZ
"České Budějovice,Nové Hodějovice,Za hřbitovem",48.95547,14.497846,CB,CZ
"Český Krumlov,,aut.nádr.",48.811623,14.322852,CK,CZ
"Český Krumlov,,Chvalšinská",48.815804,14.307294,CK,CZ
"Český Krumlov,,Kaplická",48.809418,14.33294,CK,CZ
"Český Krumlov,,Plevno",48.822495,14.329425,CK,CZ
"Český Krumlov,,Rechle",48.800896,14.314339,CK,CZ
"Český Krumlov,,Růžek",48.818497,14.314924,CK,CZ
"Český Krumlov,,sídl.Mír",48.823376,14.330385,CK,CZ
"Český Krumlov,,Sv.Trojice",48.820072,14.325343,CK,CZ
"Český Krumlov,,Tovární",48.826485,14.334329,CK,CZ
"Český Krumlov,,Tovární točna",48.834637,14.330389,CK,CZ
"Český Krumlov,,U Supermarketu",48.826057,14.333584,CK,CZ
"Český Krumlov,,žel.st.",48.822132,14.317136,CK,CZ
"Český Krumlov,Dobrkovice",48.815887,14.29624,CK,CZ
"Český Krumlov,Domoradice",48.825836,14.336061,CK,CZ
"Český Krumlov,Drahoslavice,dvůr",48.795315,14.33787,CK,CZ
"Český Krumlov,Horní Brána",48.809204,14.320568,CK,CZ
"Český Krumlov,Plešivec",48.80416,14.312471,CK,CZ
"Český Krumlov,Plešivec,sídl.",48.80081,14.30934,CK,CZ
"Český Krumlov,Spolí",48.798523,14.312452,CK,CZ
"Český Krumlov,Spolí,Kemp",48.79635,14.305087,CK,CZ
"Český Krumlov,Špičák",48.81531,14.315978,CK,CZ
"Český Krumlov,Tavírna",48.80586,14.314664,CK,CZ
"Český Krumlov,Vyšný,kasárna",48.82597,14.307812,CK,CZ
"Český Krumlov,Vyšný,osada",48.83257,14.302865,CK,CZ
"Český Krumlov,Vyšný,rozc.0.3",48.828487,14.303985,CK,CZ
"Český Krumlov,Vyšný,sídliště",48.821873,14.311482,CK,CZ
"Český Rudolec,,pošta",49.068295,15.324397,JH,CZ
"Český Rudolec,,škola",49.072,15.323241,JH,CZ
"Český Rudolec,Markvarec",49.089237,15.317683,JH,CZ
"Český Rudolec,Markvarec,rozc.1.0",49.088943,15.303126,JH,CZ
Čestice,49.167698,13.803634,ST,CZ
"Čestice,,Na Špici",49.176044,13.818871,ST,CZ
"Čestice,,škola",49.16936,13.805591,ST,CZ
"Čestice,Doubravice u Volyně",49.17745,13.828325,ST,CZ
"Čestice,Střídka",49.179028,13.809536,ST,CZ
Číčenice,49.151207,14.225171,ST,CZ
"Číčenice,,cihelna",49.15733,14.271107,ST,CZ
"Číčenice,,ObÚ",49.15313,14.230574,ST,CZ
"Číčenice,,žel.st.",49.153343,14.222104,ST,CZ
"Číčenice,Újezdec,rozc.0.5",49.15409,14.248634,ST,CZ
"Čimelice,,nám.",49.46497,14.068746,PI,CZ
"Čimelice,,žel.st.",49.470055,14.076138,PI,CZ
"Čimelice,Krsice",49.48618,14.070993,PI,CZ
"Čimelice,Krsice,II",49.48052,14.084529,PI,CZ
Číměř,49.06104,15.072691,JH,CZ
"Číměř,Bílá,rozc.1.0",49.07702,15.05797,JH,CZ
"Číměř,Potočná,rozc.0.3",49.040154,15.08957,JH,CZ
Čížkrajice,48.80633,14.636263,CB,CZ
"Čížkrajice,Boršíkov",48.817253,14.634528,CB,CZ
"Čížkrajice,Chvalkov",48.796886,14.635534,CB,CZ
"Čížkrajice,Chvalkov,Domov důchodců",48.79925,14.63429,CB,CZ
"Čížkrajice,Mezilesí,rozc.0.5",48.812366,14.635623,CB,CZ
"Čížkrajice,Mezilesí,u transformátoru",48.81212,14.643791,CB,CZ
"Čížová,,Dobešice",49.328747,14.105852,PI,CZ
"Čkyně,,aut.nádr.",49.114967,13.825537,PT,CZ
Člunek,49.111897,15.128693,JH,CZ
"Člunek,Lomy",49.113205,15.157048,JH,CZ
"Dačice,,aut.nádr.",49.083553,15.43794,JH,CZ
"Dačice,,Havlíčkovo nám.",49.08002,15.432538,JH,CZ
"Dačice,,Jednota LSD",49.075134,15.438019,JH,CZ
"Dačice,,sídliště",49.080917,15.428586,JH,CZ
"Dačice,,Strojírenská",49.08258,15.452682,JH,CZ
"Dačice,,Strojírenská rozc.",49.080215,15.452641,JH,CZ
"Dačice,,U Trojice",49.078735,15.449327,JH,CZ
"Dačice,Bílkov",49.084866,15.477574,JH,CZ
"Dačice,Dolní Němčice",49.0968,15.39491,JH,CZ
"Dačice,Hostkovice",49.083103,15.384297,JH,CZ
"Dačice,Hradišťko",49.060043,15.438662,JH,CZ
"Dačice,Hradišťko,autocamp",49.045914,15.439721,JH,CZ
"Dačice,Karlov",49.081375,15.461635,JH,CZ
"Dačice,Lipolec",49.086407,15.35676,JH,CZ
Dasný,49.01912,14.408131,CB,CZ
Dešná,48.958435,15.546466,JH,CZ
"Dešná,,velkovýkrmna",48.94939,15.538313,JH,CZ
"Dešná,Plačovice",48.9634,15.543591,JH,CZ
"Dešná,Rancířov",48.93298,15.529445,JH,CZ
"Deštná,,areál ZD",49.27059,14.915069,JH,CZ
"Deštná,,Brčík rozc.2.0",49.245377,14.95026,JH,CZ
"Deštná,,nám.",49.265644,14.924809,JH,CZ
"Deštná,,samoty",49.258728,14.938778,JH,CZ
"Deštná,,Táborská",49.26714,14.922479,JH,CZ
"Deštná,Nový Dvůr",49.27742,14.899667,JH,CZ
Dírná,49.24305,14.845291,TA,CZ
"Dírná,,pila",49.240276,14.843033,TA,CZ
"Dírná,Lžín",49.22774,14.795421,TA,CZ
"Dírná,Nová Ves,rozc.0.2",49.264133,14.831964,TA,CZ
"Dírná,Zářičí,rozc.0.8",49.25265,14.837926,TA,CZ
"Dírná,Závsí",49.239235,14.819493,TA,CZ
Dlouhá Lhota,49.35398,14.789857,TA,CZ
"Dobev,Malé Nepodřice",49.30735,14.09475,PI,CZ
"Dobev,Nová Dobev",49.294956,14.04329,PI,CZ
"Dobev,Oldřichov,rozc.1.5",49.307964,14.10411,PI,CZ
"Dobev,Stará Dobev",49.295555,14.049973,PI,CZ
"Dobev,Velké Nepodřice,rozc.",49.305996,14.072596,PI,CZ
"Dobrá Voda u Č.Budějovic,,Domov důchodců",48.968903,14.523067,CB,CZ
"Dobrá Voda u Č.Budějovic,,Točna",48.965115,14.531814,CB,CZ
"Dobrá Voda u Č.Budějovic,,U kapličky",48.965736,14.527443,CB,CZ
"Dobrá Voda u Č.Budějovic,,U Křížku",48.969715,14.520141,CB,CZ
Dobrohošť,49.07831,15.488827,JH,CZ
Dobronice u Bech.,49.343582,14.496737,TA,CZ
"Dobšice,,rozc.1.0",49.222267,14.48157,CB,CZ
Dolní Bukovsko,49.17112,14.580832,CB,CZ
"Dolní Bukovsko,,U cihelny",49.167595,14.574955,CB,CZ
"Dolní Bukovsko,,vodárna",49.17123,14.571849,CB,CZ
"Dolní Bukovsko,Bzí",49.182137,14.539771,CB,CZ
"Dolní Bukovsko,Horní Bukovsko",49.187225,14.570017,CB,CZ
"Dolní Bukovsko,Hvozdno",49.154396,14.559054,CB,CZ
"Dolní Bukovsko,Popovice",49.161343,14.56248,CB,CZ
"Dolní Bukovsko,Radonice",49.14378,14.548382,CB,CZ
"Dolní Bukovsko,Sedlíkovice",49.166187,14.615888,CB,CZ
Dolní Dvořiště,48.654472,14.453382,CK,CZ
"Dolní Dvořiště,,rozc.Rožmberk 4.0",48.629105,14.371602,CK,CZ
"Dolní Dvořiště,Rybník",48.647465,14.434363,CK,CZ
"Dolní Dvořiště,Rychnov n.Malší",48.667824,14.481645,CK,CZ
"Dolní Dvořiště,Štědrkov,osada",48.665108,14.471603,CK,CZ
"Dolní Hořice,,Chýnovská jeskyně",49.434666,14.839541,TA,CZ
"Dolní Hořice,Chotčiny,rozc.0.5",49.44383,14.824496,TA,CZ
"Dolní Hořice,Mašovice",49.446556,14.815451,TA,CZ
Dolní Hrachovice,49.486298,14.798119,TA,CZ
"Dolní Hrachovice,,Vaněčkův mlýn",49.492287,14.79484,TA,CZ
Dolní Novosedly,49.329052,14.196484,PI,CZ
"Dolní Novosedly,,rozc.",49.330093,14.1875,PI,CZ
"Dolní Novosedly,Chrastiny",49.327297,14.213891,PI,CZ
Dolní Pěna,49.110462,15.02237,JH,CZ
Dolní Třebonín,48.855125,14.410508,CK,CZ
"Dolní Třebonín,,rozc. Věncova Hora",48.85668,14.39761,CK,CZ
"Dolní Třebonín,,rozc.0.9",48.86578,14.408831,CK,CZ
"Dolní Třebonín,Horní Třebonín",48.850334,14.411604,CK,CZ
Dolní Žďár,49.100727,14.991896,JH,CZ
"Dolní Žďár,,Lipovská Bašta",49.083668,14.97923,JH,CZ
"Dolní Žďár,Horní Lhota,rozc.0.2",49.090885,14.985406,JH,CZ
Domanín,48.970276,14.741244,JH,CZ
"Domanín,,Odměny rozc.1.0",48.984905,14.756823,JH,CZ
"Domanín,,Vrchy",48.989204,14.761797,JH,CZ
"Doubravice,,rozc.1.0",48.933086,14.50702,CB,CZ
"Doubravice,Nahošín",49.35334,13.841759,ST,CZ
"Doudleby,,rozc.Dolní Stropnice 0.3",48.87995,14.498449,CB,CZ
"Doudleby,Straňany",48.888844,14.499344,CB,CZ
"Doudleby,Straňany,Amerika",48.893288,14.49017,CB,CZ
Drahonice,49.19986,14.075701,ST,CZ
"Drahonice,Albrechtice,rozc.1.0",49.192223,14.092014,ST,CZ
Drahotěšice,49.123947,14.548366,CB,CZ
"Drahotěšice,,rozc.Vlkov 2.6",49.1169,14.555503,CB,CZ
Drahov,49.17539,14.754333,TA,CZ
Dražice,49.429745,14.591979,TA,CZ
"Dražice,,Západ",49.430454,14.581814,TA,CZ
Dražíč,49.30481,14.380852,CB,CZ
"Dražíč,Březí,rozc.",49.31092,14.374159,CB,CZ
Drážov,49.167328,13.741388,ST,CZ
"Drážov,,rozc.1.0",49.160217,13.738991,ST,CZ
"Drážov,,rozc.Vrbice 1.0",49.15172,13.704027,ST,CZ
"Drážov,Dobrš",49.15589,13.752983,ST,CZ
"Drážov,Zálesí,Jednota",49.164276,13.727887,ST,CZ
"Drážov,Zálesí,samoty",49.158424,13.71467,ST,CZ
"Drážov,Zálesí,škola",49.16308,13.723282,ST,CZ
Drhovice,49.43174,14.556384,TA,CZ
Drhovle,49.335773,14.041482,PI,CZ
"Drhovle,Dubí Hora,rozc.1.0",49.35315,14.022012,PI,CZ
"Drhovle,Chlaponice",49.337204,14.0747,PI,CZ
Droužetice,49.287434,13.898055,ST,CZ
"Droužetice,Černíkov",49.302727,13.894811,ST,CZ
Drunče,49.296265,14.936181,JH,CZ
"Drunče,,samoty",49.293747,14.928664,JH,CZ
Dřešín,49.16075,13.776097,ST,CZ
"Dřešín,,chat.obl.",49.150974,13.771557,ST,CZ
"Dřešín,,rozc.0.2",49.16386,13.779143,ST,CZ
"Dřešín,Dřešínek",49.168095,13.772481,ST,CZ
"Dřešín,Hořejšice,rozc.0.2",49.167484,13.767509,ST,CZ
"Dřešín,Chvalšovice",49.14292,13.759418,ST,CZ
"Dřešín,Chvalšovice,rozc.Vacovice 1.8",49.1461,13.766351,ST,CZ
Dříteň,49.14285,14.346248,CB,CZ
"Dříteň,,Pazderna",49.145973,14.350871,CB,CZ
"Dříteň,Chvalešovice",49.164,14.306847,CB,CZ
"Dříteň,Strachovice",49.148705,14.306255,CB,CZ
"Dříteň,Velice",49.12247,14.359947,CB,CZ
Dubné,48.976887,14.359552,CB,CZ
"Dubné,,nová škola",48.973515,14.357096,CB,CZ
"Dubné,Jaronice",48.998337,14.353855,CB,CZ
"Dubné,Křenovice",48.985836,14.358968,CB,CZ
"Dubné,Křenovice,rozc.1.0",48.979137,14.385355,CB,CZ
"Dubné,Třebín",48.96651,14.3909,CB,CZ
"Dubné,Třebín,Jednoty",48.96216,14.389521,CB,CZ
Dunajovice,49.03519,14.694592,JH,CZ
Dvory,49.039307,13.945438,PT,CZ
"Dvory,,samoty",49.05221,13.923883,PT,CZ
Dynín,49.136856,14.633689,CB,CZ
"Dynín,,rozc.",49.142544,14.620301,CB,CZ
Frymburk,48.6641,14.168749,CK,CZ
"Frymburk,,tábor",48.670486,14.16446,CK,CZ
"Frymburk,,U Lískovců",48.65575,14.170673,CK,CZ
"Frymburk,Blatná",48.69523,14.195753,CK,CZ
"Frymburk,Milná",48.694508,14.150604,CK,CZ
"Frymburk,Svatonina Lhota",48.677097,14.177891,CK,CZ
"Frymburk,Vřesná,rozc.0.6",48.68061,14.161537,CK,CZ
Habří,48.94828,14.336329,CB,CZ
Hajany,49.446102,13.836578,ST,CZ
"Hájek,,rozc.0.5",49.11131,14.066529,ST,CZ
Hamr,48.95102,14.915525,JH,CZ
"Hamr,,Kosky",48.949905,14.887078,JH,CZ
"Hamr,,sušárna",48.951195,14.905297,JH,CZ
Hartmanice,49.20787,14.564514,CB,CZ
"Hartmanice,,rozc.",49.207134,14.583039,CB,CZ
Hatín,49.108486,14.910289,JH,CZ
"Hatín,Stajka",49.11671,14.912235,JH,CZ
Heřmaň,48.91453,14.508529,CB,CZ
"Heřmaň,,u lomu",48.918385,14.49792,CB,CZ
Hlavatce,49.295704,14.621426,TA,CZ
Hlavatce,49.067966,14.263701,CB,CZ
"Hlavatce,Vyhnanice,rozc.2.0",49.30013,14.625035,TA,CZ
"Hlincová Hora,,Ke Hřišti",48.985645,14.555331,CB,CZ
"Hlincová Hora,,Okružní",48.98536,14.553934,CB,CZ
"Hlincová Hora,,Východní",48.983967,14.556746,CB,CZ
"Hluboká n.Vlt.,,Barborka",49.053215,14.4575,CB,CZ
"Hluboká n.Vlt.,,Hvězdáře",49.058353,14.426665,CB,CZ
"Hluboká n.Vlt.,,Křivonoska",49.07355,14.414623,CB,CZ
"Hluboká n.Vlt.,,Lovecký zámek rozc.k ZOO",49.041912,14.430278,CB,CZ
"Hluboká n.Vlt.,,pod hotelem",49.05477,14.427709,CB,CZ
"Hluboká n.Vlt.,,pod kostelem",49.0502,14.434624,CB,CZ
"Hluboká n.Vlt.,,Poříčská",49.031178,14.432598,CB,CZ
"Hluboká n.Vlt.,,SOŠ elektrotechnická",49.035446,14.419903,CB,CZ
"Hluboká n.Vlt.,,Sportovní areál",49.050938,14.443932,CB,CZ
"Hluboká n.Vlt.,,škola",49.0551,14.429353,CB,CZ
"Hluboká n.Vlt.,,U Mezinárodní školy",49.045715,14.464384,CB,CZ
"Hluboká n.Vlt.,,U Pulců",49.054855,14.452615,CB,CZ
"Hluboká n.Vlt.,,Zámostí most",49.053898,14.446184,CB,CZ
"Hluboká n.Vlt.,,žel.st.",49.033295,14.419774,CB,CZ
"Hluboká n.Vlt.,,žel.st.rozc.1.0",49.036476,14.431369,CB,CZ
"Hluboká n.Vlt.,Bavorovice,rozc.0.5",49.021866,14.435388,CB,CZ
"Hluboká n.Vlt.,Blaná,hájovna",49.082657,14.411046,CB,CZ
"Hluboká n.Vlt.,Jeznice",49.149204,14.44479,CB,CZ
"Hluboká n.Vlt.,Munice",49.062843,14.406866,CB,CZ
"Hluboká n.Vlt.,Purkarec",49.12892,14.452105,CB,CZ
"Hlupín,,rozc.",49.33435,13.813014,ST,CZ
Hodonice,49.26876,14.489897,TA,CZ
"Hodonice,,rozc.2.0",49.286182,14.481502,TA,CZ
"Hodonice,,Židova strouha",49.27874,14.465488,TA,CZ
Holubov,48.88874,14.323294,CK,CZ
"Holubov,,Artypa",48.894707,14.327577,CK,CZ
"Holubov,,Planinka",48.89182,14.334808,CK,CZ
"Holubov,,rozc.1.0",48.894833,14.32867,CK,CZ
"Holubov,,žel.st.",48.892822,14.32501,CK,CZ
"Holubov,Krasetín",48.88195,14.31566,CK,CZ
"Holubov,Třísov",48.88336,14.346782,CK,CZ
"Holubov,Třísov,Na kopci",48.87777,14.348371,CK,CZ
Homole,48.939095,14.42943,CB,CZ
"Homole,,Diagnostický ústav",48.93952,14.424823,CB,CZ
"Homole,,Zemědělská technika",48.9394,14.43839,CB,CZ
"Homole,Nové Homole",48.935905,14.404543,CB,CZ
"Homole,Nové Homole,Korosecký Dvůr",48.93105,14.39291,CB,CZ
"Horní Kněžeklady,Štipoklasy,rozc.",49.19628,14.515406,CB,CZ
"Horní Meziříčko,,rozc.2.0",49.168022,15.244555,JH,CZ
Horní Němčice,49.15889,15.279237,JH,CZ
"Horní Němčice,,rozc.Maršov",49.153515,15.286083,JH,CZ
Horní Pěna,49.103703,15.043209,JH,CZ
"Horní Pěna,,Hejlíček",49.085552,15.054376,JH,CZ
"Horní Pěna,,rozc.Hrutkov 1.2",49.11414,15.043457,JH,CZ
Horní Planá,48.76566,14.033054,CK,CZ
"Horní Planá,,Lira",48.763847,14.036011,CK,CZ
"Horní Planá,,žel.st.Černá v Pošumaví",48.742542,14.086694,CK,CZ
"Horní Planá,Hůrka na Šumavě",48.75034,14.070435,CK,CZ
"Horní Planá,Jenišov,rozc.",48.755417,14.041477,CK,CZ
"Horní Planá,Karlovy Dvory",48.75132,14.057379,CK,CZ
Horní Poříčí,49.28627,13.784833,ST,CZ
"Horní Poříčí,Dolní Poříčí",49.28632,13.792505,ST,CZ
Horní Radouň,49.256306,15.005695,JH,CZ
"Horní Radouň,,Špýchar",49.253,15.007238,JH,CZ
Horní Skrýchov,49.172737,15.028184,JH,CZ
"Horní Skrýchov,,Hvízdalka",49.171288,15.021966,JH,CZ
Horní Stropnice,48.761032,14.733663,CB,CZ
"Horní Stropnice,Bedřichov",48.75983,14.724773,CB,CZ
"Horní Stropnice,Dobrá Voda",48.741825,14.721871,CB,CZ
"Horní Stropnice,Hojná Voda",48.729267,14.727562,CB,CZ
"Horní Stropnice,Chlupatá Ves,rozc.1.0",48.750862,14.717459,CB,CZ
"Horní Stropnice,Rychnov u N.H.",48.756367,14.677128,CB,CZ
"Horní Stropnice,Rychnov u N.H.,sever",48.767105,14.673519,CB,CZ
"Horní Stropnice,Staré Hutě",48.71683,14.711024,CB,CZ
"Horní Stropnice,Světví",48.76954,14.755586,CB,CZ
Horní Vltavice,48.957565,13.758559,PT,CZ
"Horní Vltavice,,rekr.stř.",48.948605,13.787098,PT,CZ
"Horní Vltavice,,U Nováků",48.96596,13.756013,PT,CZ
"Horní Vltavice,Polka,u mostu",48.947018,13.715167,PT,CZ
Horosedly,49.515766,14.050552,PI,CZ
Hosín,49.038673,14.475914,CB,CZ
"Hosín,,Chýňava",49.042725,14.506686,CB,CZ
"Hosín,,U Školy",49.035816,14.476296,CB,CZ
"Hosín,,VETAS",49.05081,14.511309,CB,CZ
Hoslovice,49.192616,13.763114,ST,CZ
Hospříz,49.128048,15.082887,JH,CZ
Hracholusky,49.058647,14.087684,PT,CZ
"Hracholusky,Obora,rozc.",49.050835,14.121181,PT,CZ
Hrachoviště,48.92792,14.772597,JH,CZ
"Hrazany,Hrazánky,rozc.1.7",49.52427,14.354589,PI,CZ
"Hrdějovice,,Náves",49.017757,14.478025,CB,CZ
"Hrdějovice,,Těšínská",49.022263,14.482468,CB,CZ
"Hrdějovice,,Točna",49.025192,14.486722,CB,CZ
"Hrdějovice,,U Školy",49.01492,14.477151,CB,CZ
Hrejkovice,49.474255,14.289939,PI,CZ
"Hrejkovice,,ObÚ",49.47438,14.292006,PI,CZ
"Hrejkovice,Chlumek,rozc.0.8",49.46857,14.306921,PI,CZ
"Hrejkovice,Chlumek,rybník Zlatina",49.461548,14.330709,PI,CZ
"Hrejkovice,Chlumek,samoty",49.470913,14.300775,PI,CZ
"Hrejkovice,Pechova Lhota",49.495876,14.287595,PI,CZ
"Hrejkovice,Pechova Lhota,rozc.",49.502434,14.293025,PI,CZ
"Hříšice,,obec",49.103104,15.493361,JH,CZ
"Hříšice,Jersice,rozc.2.0",49.120274,15.517071,JH,CZ
Hůry,49.006577,14.53926,CB,CZ
"Husinec,,aut.st.",49.052258,13.988738,PT,CZ
"Husinec,,přehrada",49.03776,13.994982,PT,CZ
"Husinec,,rozc.0.5",49.050014,13.979074,PT,CZ
"Husinec,,sklárna",49.05185,14.001365,PT,CZ
"Husinec,,tržiště",49.049545,13.982308,PT,CZ
"Husinec,Horouty",49.043846,13.956004,PT,CZ
Hvozdec,48.99336,14.62504,CB,CZ
Chlum,49.446472,13.85102,ST,CZ
"Chlum u Třeboně,,garáže ČSAD",48.95905,14.934696,JH,CZ
"Chlum u Třeboně,,Kopaniny",48.980713,14.942453,JH,CZ
"Chlum u Třeboně,,Kouty",48.989464,14.936843,JH,CZ
"Chlum u Třeboně,,sklárny",48.952744,14.926219,JH,CZ
"Chlum u Třeboně,,U Maxů",48.96379,14.927445,JH,CZ
"Chlum u Třeboně,Lutová",48.99086,14.910877,JH,CZ
"Chlum u Třeboně,Lutová,Jednoty",48.98667,14.913133,JH,CZ
"Chlum u Třeboně,Mirochov",49.009117,14.940937,JH,CZ
"Chlum u Třeboně,Mirochov,háj.",48.993896,14.938029,JH,CZ
"Chlum u Třeboně,Mirochov,rozc.0.1",49.00516,14.936392,JH,CZ
"Chlum u Třeboně,Žíteč",49.000824,14.915043,JH,CZ
"Chlum u Třeboně,Žíteč,Jednoty",49.005535,14.917568,JH,CZ
"Chlum,,rozc.1.0",49.43985,13.855133,ST,CZ
Chlumany,49.06677,13.963655,PT,CZ
"Chlumany,,rozc.1.0",49.069233,13.975322,PT,CZ
Chotoviny,49.47781,14.676948,TA,CZ
"Chotoviny,,rozc.2.0",49.472717,14.658309,TA,CZ
"Chotoviny,,zámek",49.47913,14.68068,TA,CZ
"Chotoviny,Moraveč",49.48348,14.655824,TA,CZ
"Chotoviny,Rzavá",49.47896,14.655858,TA,CZ
"Chotoviny,Sedléčko",49.49431,14.681107,TA,CZ
Chotýčany,49.068577,14.522277,CB,CZ
"Chotýčany,,k žel.st.rozc.1.0",49.076103,14.531291,CB,CZ
Choustník,49.333355,14.838131,TA,CZ
"Choustník,Kajetín,rozc.0.5",49.331898,14.823445,TA,CZ
"Choustník,Předboř",49.317764,14.858318,TA,CZ
Chrášťany,49.29664,14.387664,CB,CZ
"Chrášťany,Koloměřice",49.28036,14.398472,CB,CZ
Chrášťovice,49.332523,13.900825,ST,CZ
"Chrášťovice,,náves",49.333748,13.895277,ST,CZ
Chrbonín,49.358746,14.863196,TA,CZ
Chvalovice,49.00873,14.230967,PT,CZ
Chvalšiny,48.85348,14.212246,CK,CZ
"Chvalšiny,Červený Dvůr",48.84412,14.228116,CK,CZ
"Chvalšiny,Střemily",48.87961,14.171802,CK,CZ
"Chýnov,,nám.",49.40652,14.810698,TA,CZ
"Chýnov,,Pacova hora",49.42997,14.825866,TA,CZ
"Chýnov,,rozc.Bítov 1.9",49.397053,14.81982,TA,CZ
"Chýnov,,rozc.Planá",49.402924,14.805779,TA,CZ
"Chýnov,,škola",49.40809,14.811183,TA,CZ
"Chýnov,,žel.st.",49.41379,14.812376,TA,CZ
"Chýnov,Velmovice,rozc.0.5",49.426563,14.817905,TA,CZ
"Chýnov,Záhostice",49.399227,14.816142,TA,CZ
Chyšky,49.523304,14.427452,PI,CZ
"Chyšky,Hněvanice,rozc.Hrazánky 1.4",49.513157,14.35925,PI,CZ
"Chyšky,Květuš",49.519817,14.448953,PI,CZ
"Chyšky,Nosetín",49.533394,14.444853,PI,CZ
"Chyšky,Růžená",49.534653,14.46063,PB,CZ
Jankov,48.966785,14.297705,CB,CZ
"Jankov,Holašovice",48.97083,14.272862,CB,CZ
"Jarošov n.Než.,,obec",49.18856,15.070304,JH,CZ
"Jarošov n.Než.,,rozc.",49.1912,15.064992,JH,CZ
"Jarošov n.Než.,,velkovýkrmna",49.180984,15.095963,JH,CZ
"Jarošov n.Než.,,žel.st.",49.18418,15.080822,JH,CZ
"Jarošov n.Než.,Nekrasín",49.214203,15.070643,JH,CZ
Jilem,49.17675,15.269668,JH,CZ
"Jílovice,,Činatlova háj.",48.940372,14.780691,CB,CZ
"Jílovice,,U Tomášků",48.890335,14.726247,CB,CZ
"Jílovice,,u žel.přejezdu",48.87988,14.701893,CB,CZ
"Jílovice,,západní okraj",48.884148,14.725984,CB,CZ
"Jílovice,Kojákovice",48.93001,14.741252,CB,CZ
"Jílovice,Kramolín",48.90846,14.739793,CB,CZ
"Jílovice,Lipnice",48.91214,14.764888,CB,CZ
"Jílovice,Šalmanovice",48.884094,14.773548,CB,CZ
"Jílovice,Šalmanovice,rozc.0.3",48.88812,14.780827,CB,CZ
"Jindřichův Hradec,,aut.nádr.",49.154087,15.004748,JH,CZ
"Jindřichův Hradec,,bažantnice",49.176308,14.978702,JH,CZ
"Jindřichův Hradec,,bažantnice samoty",49.180473,14.975494,JH,CZ
"Jindřichův Hradec,,hřbitov",49.131187,15.018148,JH,CZ
"Jindřichův Hradec,,Jáchymova",49.140324,15.010935,JH,CZ
"Jindřichův Hradec,,Jarošovská",49.15328,15.012956,JH,CZ
"Jindřichův Hradec,,Jiráskovo předměstí",49.131336,15.013975,JH,CZ
"Jindřichův Hradec,,Jitka a.s.rozc.",49.145466,15.033883,JH,CZ
"Jindřichův Hradec,,Jitka Bobelovka",49.14752,15.036339,JH,CZ
"Jindřichův Hradec,,kasárna",49.13836,15.009111,JH,CZ
"Jindřichův Hradec,,Ke Kanclovu",49.158936,15.022867,JH,CZ
"Jindřichův Hradec,,mlékárna",49.133034,15.015828,JH,CZ
"Jindřichův Hradec,,Na Palici",49.142616,14.993827,JH,CZ
"Jindřichův Hradec,,nábřeží",49.14307,15.004235,JH,CZ
"Jindřichův Hradec,,nám.Masarykovo",49.14607,15.003667,JH,CZ
"Jindřichův Hradec,,nemocnice hlavní brána",49.139587,15.006807,JH,CZ
"Jindřichův Hradec,,Nežárka",49.140503,14.996327,JH,CZ
"Jindřichův Hradec,,obchodní zóna",49.133263,15.010088,JH,CZ
"Jindřichův Hradec,,OC Hvězdárna",49.130215,15.003686,JH,CZ
"Jindřichův Hradec,,Oděva",49.148155,15.00182,JH,CZ
"Jindřichův Hradec,,poliklinika",49.139977,15.002135,JH,CZ
"Jindřichův Hradec,,Pravdova",49.14924,15.003386,JH,CZ
"Jindřichův Hradec,,Pražská",49.15132,14.996505,JH,CZ
"Jindřichův Hradec,,Průmyslová",49.155903,15.017092,JH,CZ
"Jindřichův Hradec,,Rudolfov",49.131508,14.991214,JH,CZ
"Jindřichův Hradec,,sídl. U nádraží",49.150505,15.00845,JH,CZ
"Jindřichův Hradec,,sídl.Hvězdárna",49.13362,15.000114,JH,CZ
"Jindřichův Hradec,,sídl.Hvězdárna MŠ",49.13088,15.000765,JH,CZ
"Jindřichův Hradec,,sídl.Pod Kasárny",49.14988,15.017852,JH,CZ
"Jindřichův Hradec,,sídl.Vajgar-bazén",49.143013,15.021741,JH,CZ
"Jindřichův Hradec,,sídl.Vajgar-Merkur",49.141125,15.016698,JH,CZ
"Jindřichův Hradec,,sídl.Vajgar-trojstředisko",49.13913,15.019629,JH,CZ
"Jindřichův Hradec,,sídliště Otín",49.143543,15.034098,JH,CZ
"Jindřichův Hradec,,Šindelna",49.13537,14.995,JH,CZ
"Jindřichův Hradec,,U cihelny",49.14456,15.026373,JH,CZ
"Jindřichův Hradec,,U malíře",49.166813,15.037464,JH,CZ
"Jindřichův Hradec,,U Václava",49.137005,15.002012,JH,CZ
"Jindřichův Hradec,,Zborovská",49.138294,15.008184,JH,CZ
"Jindřichův Hradec,,Zbuzany",49.15426,14.997161,JH,CZ
"Jindřichův Hradec,Buk",49.135944,14.958606,JH,CZ
"Jindřichův Hradec,Buk,škola",49.132298,14.964775,JH,CZ
"Jindřichův Hradec,Děbolín,Kaple",49.158108,14.955956,JH,CZ
"Jindřichův Hradec,Děbolín,rozc.",49.159546,14.95756,JH,CZ
"Jindřichův Hradec,Děbolín,žel.st.",49.163284,14.950811,JH,CZ
"Jindřichův Hradec,Dolní Radouň,škola",49.20087,15.003491,JH,CZ
"Jindřichův Hradec,Dolní Radouň,váha",49.19392,15.006227,JH,CZ
"Jindřichův Hradec,Dolní Skrýchov",49.162006,15.014132,JH,CZ
"Jindřichův Hradec,Dolní Skrýchov,obec",49.16535,15.01537,JH,CZ
"Jindřichův Hradec,Dolní Skrýchov,točna",49.166935,15.015883,JH,CZ
"Jindřichův Hradec,Horní Žďár,host.",49.11254,14.996548,JH,CZ
"Jindřichův Hradec,Horní Žďár,pískovna",49.11936,15.001306,JH,CZ
"Jindřichův Hradec,Horní Žďár,rozc.",49.11255,14.998473,JH,CZ
"Jindřichův Hradec,Matná",49.143463,14.941543,JH,CZ
"Jindřichův Hradec,Obora,háj.",49.166084,14.988667,JH,CZ
"Jindřichův Hradec,Otín,rozc.0.1",49.138252,15.045588,JH,CZ
"Jindřichův Hradec,Otín,točna",49.13599,15.044373,JH,CZ
"Jindřichův Hradec,Otín,vilky",49.140625,15.03975,JH,CZ
"Jindřichův Hradec,Políkno",49.115604,14.964962,JH,CZ
"Jindřichův Hradec,Radouňka",49.16368,15.001964,JH,CZ
"Jindřichův Hradec,Radouňka,Kopeček",49.158337,15.000678,JH,CZ
"Jinín,,rozc.1.0",49.232727,13.989454,ST,CZ
Jistebnice,49.485634,14.527581,TA,CZ
"Jistebnice,,Tisová rozc.1.0",49.48031,14.547726,TA,CZ
"Jistebnice,,Žofín",49.483265,14.532195,TA,CZ
"Jistebnice,Hodkov",49.4952,14.494949,TA,CZ
"Jistebnice,Hůrka",49.470356,14.54731,TA,CZ
"Jistebnice,Makov",49.45897,14.548072,TA,CZ
"Jistebnice,Makov,Pazderna",49.474743,14.559628,TA,CZ
"Jistebnice,Vlásenice",49.46655,14.565006,TA,CZ
"Jistebnice,Vlásenice,Makov rozc.1.5",49.46758,14.561081,TA,CZ
"Jistebnice,Zvěstonín",49.48767,14.503098,TA,CZ
"Jivno,,cihelna",49.005207,14.562849,CB,CZ
"Jivno,,Na Klaudě",49.00604,14.577538,CB,CZ
Kačlehy,49.10819,15.07509,JH,CZ
Kadov,49.403336,13.77663,ST,CZ
"Kadov,,náves",49.402744,13.77501,ST,CZ
"Kadov,Lnářský Málkov",49.392456,13.774645,ST,CZ
"Kadov,Mračov,rozc.1.0",49.407818,13.832933,ST,CZ
"Kadov,Vrbno",49.40393,13.80784,ST,CZ
"Kájov,,hl.sil.",48.812344,14.260262,CK,CZ
"Kájov,,Křenův dvůr",48.822723,14.257169,CK,CZ
"Kájov,,rozc.0.5",48.816505,14.267618,CK,CZ
"Kájov,Křenov",48.83125,14.245526,CK,CZ
"Kájov,Novosedly",48.79988,14.252694,CK,CZ
"Kájov,Staré Dobrkovice",48.81573,14.285217,CK,CZ
Kamenná,48.77999,14.669183,CB,CZ
"Kamenná,Kondrač",48.784313,14.651714,CB,CZ
"Kamenný Malíkov,,U Doudů",49.20658,15.111877,JH,CZ
"Kamenný Malíkov,,u mostu",49.211124,15.122566,JH,CZ
Kamenný Újezd,48.898136,14.446752,CB,CZ
"Kamenný Újezd,,Důl",48.90865,14.451155,CB,CZ
"Kamenný Újezd,,Štilec",48.885345,14.432371,CB,CZ
"Kamenný Újezd,,Štilec II",48.886936,14.43942,CB,CZ
"Kamenný Újezd,Bukovec",48.88148,14.4484,CB,CZ
"Kamenný Újezd,Kosov",48.877045,14.419897,CB,CZ
"Kamenný Újezd,Krasejovka",48.865223,14.455015,CB,CZ
"Kaplice,,aut.nádr.",48.737335,14.493809,CK,CZ
"Kaplice,,ENGEL",48.74873,14.485036,CK,CZ
"Kaplice,,Na vyhlídce",48.741467,14.484965,CK,CZ
"Kaplice,,Omlenická",48.73569,14.483728,CK,CZ
"Kaplice,,škola",48.73713,14.48854,CK,CZ
"Kaplice,,U pomníku",48.736668,14.488141,CK,CZ
"Kaplice,Blansko",48.74041,14.51645,CK,CZ
"Kaplice,Dobechov",48.71787,14.526778,CK,CZ
"Kaplice,Hradiště",48.73466,14.540561,CK,CZ
"Kaplice,Hubenov",48.761784,14.475791,CK,CZ
"Kaplice,Květoňov",48.710304,14.516819,CK,CZ
"Kaplice,Mostky",48.725357,14.518242,CK,CZ
"Kaplice,Mostky,rozc.0.6",48.72265,14.50942,CK,CZ
"Kaplice,Mostky,samoty",48.73018,14.50822,CK,CZ
"Kaplice,Pořešín,II",48.777847,14.503274,CK,CZ
"Kaplice,Pořešinec",48.76576,14.498526,CK,CZ
"Kaplice,Žďár",48.75841,14.494452,CK,CZ
Katov,49.282547,14.827135,TA,CZ
"Katov,,rozc.1.0",49.282135,14.813773,TA,CZ
Katovice,49.273872,13.829908,ST,CZ
"Katovice,,Nádražní ulice I",49.27267,13.830628,ST,CZ
"Katovice,,škola",49.27299,13.833942,ST,CZ
"Katovice,,U Trčků",49.26841,13.825017,ST,CZ
"Kestřany,,ObÚ",49.268032,14.072598,PI,CZ
Kladruby,49.268055,13.76444,ST,CZ
Klec,49.094612,14.749695,JH,CZ
Klenovice,49.2778,14.715422,TA,CZ
"Klenovice,,Ovčín",49.280025,14.701364,TA,CZ
"Klenovice,,rozc.",49.27226,14.714062,TA,CZ
Kluky,49.314907,14.248623,PI,CZ
"Kluky,,U křížku",49.319195,14.242623,PI,CZ
"Kluky,Dobešice",49.32594,14.260494,PI,CZ
"Kluky,Probulov",49.32306,14.233261,PI,CZ
Kocelovice,49.464256,13.825932,ST,CZ
Komařice,48.878033,14.545405,CB,CZ
"Komařice,Pašinovice,rozc.0.8",48.877026,14.538517,CB,CZ
Kostelec n.Vlt.,49.499664,14.213019,PI,CZ
"Kostelec n.Vlt.,,rozc.0.3",49.50352,14.214984,PI,CZ
"Kostelec n.Vlt.,,U rybníka",49.50129,14.211958,PI,CZ
"Kostelec n.Vlt.,Přílepov,rozc.1.5",49.486465,14.254198,PI,CZ
"Kostelec n.Vlt.,Sobědraž,rozc.s.19",49.489727,14.241589,PI,CZ
"Kostelec n.Vlt.,Zahrádka",49.49286,14.226855,PI,CZ
"Kostelec n.Vlt.,Zahrádka,rozc.",49.495026,14.231104,PI,CZ
Kostelní Radouň,49.219383,15.014219,JH,CZ
"Kostelní Radouň,,ObÚ",49.223095,15.010599,JH,CZ
Košice,49.32509,14.750622,TA,CZ
"Košice,,Lipky",49.326756,14.743995,TA,CZ
"Košice,,rozc.Doubí 1.1",49.324043,14.743032,TA,CZ
"Košice,Doubí,I/3",49.32364,14.716671,TA,CZ
Košín,49.456947,14.658471,TA,CZ
Kovářov,49.518215,14.278813,PI,CZ
"Kovářov,,Onen Svět samoty",49.561672,14.232251,PI,CZ
"Kovářov,,rozc.Klučenice 2.0",49.55707,14.230338,PI,CZ
"Kovářov,,škola",49.516174,14.281898,PI,CZ
"Kovářov,Lašovice",49.553703,14.239386,PI,CZ
"Kovářov,Radvánov",49.531364,14.257272,PI,CZ
"Kovářov,Zahořany,rozc.1.1",49.546947,14.246994,PI,CZ
"Kovářov,Zlučín",49.53822,14.254924,PI,CZ
Kožlí u Orlíka,49.515846,14.146884,PI,CZ
"Krajníčko,Helfenburk,rozc.0.3",49.1364,14.019198,ST,CZ
Králova Lhota,49.496506,14.109386,PI,CZ
"Králova Lhota,,rozc.1.5",49.50184,14.128323,PI,CZ
Krašlovice,49.16586,14.130352,ST,CZ
"Krašlovice,,PT",49.15883,14.13501,ST,CZ
Krátošice,49.325417,14.786672,TA,CZ
"Krátošice,,Cábrky",49.318855,14.790442,TA,CZ
Kratušín,49.01981,13.928431,PT,CZ
Krejnice,49.232536,13.718675,ST,CZ
"Krejnice,,Nad mlýnem",49.22611,13.718521,ST,CZ
Krtov,49.34718,14.834032,TA,CZ
Křemže,48.905174,14.304805,CK,CZ
"Křemže,,Doubek",48.905884,14.313364,CK,CZ
"Křemže,,Pasíčka",48.91019,14.30416,CK,CZ
"Křemže,Chlum,rozc.0.3",48.905422,14.296243,CK,CZ
"Křemže,Chlumeček",48.91659,14.298574,CK,CZ
"Křemže,Chmelná",48.93514,14.278311,CK,CZ
"Křemže,Mříčí",48.9088,14.326193,CK,CZ
"Křemže,Mříčí,žel.zast.rozc.",48.905437,14.329514,CK,CZ
"Křemže,Stupná",48.92209,14.295815,CK,CZ
"Křemže,Stupná,U Borku",48.928455,14.29208,CK,CZ
Křenovice,49.368572,14.342005,PI,CZ
"Křižanov,,rozc.1.0",49.39811,14.363645,PI,CZ
Ktiš,48.916805,14.132588,PT,CZ
"Ktiš,Březovík",48.900932,14.156875,PT,CZ
Kubova Huť,48.98476,13.771998,PT,CZ
Kučeř,49.433952,14.246088,PI,CZ
"Kunžak,,nám.",49.121292,15.190981,JH,CZ
"Kunžak,Lána",49.11376,15.215919,JH,CZ
"Kunžak,Mosty",49.10964,15.23419,JH,CZ
"Kunžak,Valtínov",49.097298,15.264925,JH,CZ
Květov,49.42566,14.273834,PI,CZ
"Květov,,Hamr",49.435204,14.287072,PI,CZ
Kvilda,49.01812,13.579535,PT,CZ
"Kvilda,,Bučina",48.971264,13.596965,PT,CZ
"Kvilda,,Bučina st.hr.",48.965412,13.589978,PT,CZ
"Kvilda,,Horská Kvilda rozc.3.0",49.036625,13.578253,PT,CZ
"Kvilda,,most",49.022625,13.581129,PT,CZ
"Kvilda,,park.u Jezerní slatě",49.039284,13.578292,PT,CZ
"Kvilda,,Vilémov",49.01429,13.583963,PT,CZ
"Kvilda,Františkov",49.0032,13.619251,PT,CZ
"Kvítkovice,,Kotlovy",48.962177,14.345108,CB,CZ
"Kvítkovice,,rozc.",48.956364,14.333014,CB,CZ
"Kvítkovice,,u rybníka",48.96085,14.340916,CB,CZ
Lásenice,49.07396,14.969947,JH,CZ
Lažánky,49.39023,13.838596,ST,CZ
Lažiště,49.036953,13.927577,PT,CZ
"Lažiště,,samoty",49.031097,13.927468,PT,CZ
"Lčovice,,rozc.1.0",49.11973,13.84832,PT,CZ
"Ledenice,,aut.st.",48.932964,14.619114,CB,CZ
"Ledenice,,Ledenický nábytek",48.92227,14.615088,CB,CZ
"Ledenice,,U Jelínků",48.93384,14.614573,CB,CZ
"Ledenice,Mysletín,rozc.1.5",48.937702,14.596379,CB,CZ
"Ledenice,Ohrazení,rozc.0.8",48.940052,14.586484,CB,CZ
"Ledenice,Zborov,rozc.0.8",48.942616,14.569403,CB,CZ
Lenora,48.92272,13.798325,PT,CZ
"Lenora,,Chata",48.92613,13.795346,PT,CZ
"Lenora,,žel.st.",48.92817,13.796624,PT,CZ
"Lenora,Houžná",48.926662,13.78778,PT,CZ
"Lenora,Vlčí Jámy",48.919636,13.774733,PT,CZ
"Lenora,Zátoň",48.944378,13.798923,PT,CZ
"Lenora,Zátoň,U Dominů",48.9371,13.797218,PT,CZ
Lety,49.517048,14.087972,PI,CZ
"Lety,,rozc.1.3 sil.č.4",49.519382,14.074562,PI,CZ
Lhenice,48.99436,14.152609,PT,CZ
"Lhenice,,Brusná rozc.1.0",49.00928,14.163695,PT,CZ
"Lhenice,,škola",48.99279,14.148706,PT,CZ
"Lhenice,,U Jána",49.00043,14.182523,PT,CZ
"Lhenice,Dolní Chrášťany",49.01248,14.210533,PT,CZ
"Lhenice,Dolní Chrášťany,rozc.1.0",49.017666,14.212124,PT,CZ
"Lhenice,Horní Chrášťany",48.99996,14.198037,PT,CZ
"Lhenice,Hrbov",49.022728,14.164233,PT,CZ
"Lhenice,Vadkov,rozc.0.5",48.978725,14.147474,PT,CZ
Libějovice,49.114334,14.193533,ST,CZ
"Libějovice,Nestanice",49.102573,14.198383,ST,CZ
Libín,48.97014,14.684527,CB,CZ
"Libín,Slavošovice",48.964245,14.659369,CB,CZ
Libníč,49.020008,14.544703,CB,CZ
"Libníč,,lázně",49.021595,14.550581,CB,CZ
"Libníč,Jelmo",49.028023,14.557334,CB,CZ
Lipí,48.94936,14.35171,CB,CZ
"Lipí,,Travnatá cesta",48.95176,14.358824,CB,CZ
"Lipí,Kaliště u Lipí",48.95597,14.379933,CB,CZ
"Lipno n.Vlt.,,lanovka",48.643795,14.220385,CK,CZ
"Lipno n.Vlt.,,přístaviště",48.638264,14.226238,CK,CZ
"Lipno n.Vlt.,,žel.st.",48.631935,14.242254,CK,CZ
"Lipno n.Vlt.,Kobylnice,chaty",48.635414,14.203494,CK,CZ
"Lipno n.Vlt.,Slupečná,rozc.",48.64224,14.21435,CK,CZ
"Lišov,,Dolní",49.01433,14.621632,CB,CZ
"Lišov,,Horní",49.015533,14.60106,CB,CZ
"Lišov,,Miletínská",49.016075,14.626181,CB,CZ
"Lišov,,náměstí Míru",49.015232,14.61221,CB,CZ
"Lišov,Dolní Miletín",49.01664,14.66575,CB,CZ
"Lišov,Dolní Slověnice",49.048527,14.665093,CB,CZ
"Lišov,Horní Miletín",49.016388,14.673133,CB,CZ
"Lišov,Horní Slověnice",49.048466,14.671646,CB,CZ
"Lišov,Hůrky",49.032017,14.641038,CB,CZ
"Lišov,Sosní",49.013756,14.65239,CB,CZ
"Lišov,Vlkovice",48.978283,14.641673,CB,CZ
Litochovice,49.15874,13.941329,ST,CZ
Litvínovice,48.962135,14.451997,CB,CZ
"Litvínovice,,Stráňka",48.96215,14.446218,CB,CZ
"Litvínovice,Mokré",48.964684,14.418307,CB,CZ
"Litvínovice,Mokré,Točna",48.96429,14.416762,CB,CZ
"Litvínovice,Mokré,zast.",48.964924,14.423944,CB,CZ
"Litvínovice,Šindlovy Dvory",48.964417,14.427299,CB,CZ
"Litvínovice,Šindlovy Dvory,Náves",48.962826,14.433936,CB,CZ
"Lnáře,,Pod Klášterem",49.45368,13.794376,ST,CZ
"Lnáře,,střed",49.457314,13.783558,ST,CZ
"Lnáře,,U Přístavu",49.460464,13.786244,ST,CZ
"Lnáře,Zahorčice",49.4721,13.786656,ST,CZ
Ločenice,48.82425,14.527429,CB,CZ
"Ločenice,,rozc.Svatý Jan",48.825314,14.525637,CB,CZ
"Ločenice,,U cihelny",48.814026,14.53163,CB,CZ
"Ločenice,Nesměň,rozc.0.5",48.803413,14.540561,CB,CZ
"Lodhéřov,,ObÚ",49.21427,14.960599,JH,CZ
"Lodhéřov,,škola",49.209583,14.96329,JH,CZ
"Lodhéřov,,točna",49.22478,14.959249,JH,CZ
"Lodhéřov,Najdek,rozc.1.0",49.227497,14.9586,JH,CZ
"Lodhéřov,Studnice",49.19203,14.960221,JH,CZ
Lom,49.41023,13.989774,ST,CZ
"Lom,,kovošrot",49.362015,14.630239,TA,CZ
"Lomnice n.Luž.,,rozc.Smržov 1.2",49.078003,14.703544,JH,CZ
"Lomnice n.Luž.,,Václavské nám.",49.08147,14.719329,JH,CZ
"Lomnice n.Luž.,,žel.st.",49.088284,14.727612,JH,CZ
Loučovice,48.61964,14.260477,CK,CZ
"Loučovice,,pila",48.617443,14.246663,CK,CZ
"Loučovice,Nové Domky",48.62763,14.213975,CK,CZ
"Loučovice,Svatý Prokop",48.621727,14.242484,CK,CZ
"Mahouš,Hlodačky,rozc.1.0",49.039757,14.231581,PT,CZ
"Majdalena,,pošta",48.964268,14.859731,JH,CZ
"Majdalena,,žel.st.",48.950775,14.868685,JH,CZ
"Malenice,Zlešice",49.136063,13.864628,ST,CZ
Malonty,48.68632,14.578461,CK,CZ
"Malonty,,kovárna",48.68766,14.566037,CK,CZ
"Malonty,,Uhliště",48.655087,14.646602,CK,CZ
"Malonty,Jaroměř",48.69514,14.533099,CK,CZ
Malovice,49.091705,14.222689,PT,CZ
"Malovice,,u cihelny rozc.0.5",49.09284,14.204958,ST,CZ
"Malovice,Hradiště,rozc.1.0",49.073486,14.211272,PT,CZ
"Malovice,Malovičky",49.096584,14.231814,PT,CZ
"Malovice,Malovičky,rozc.",49.100613,14.242877,PT,CZ
"Malovice,Rabín,rozc.0.5",49.080887,14.20819,PT,CZ
"Malšice,Maršov",49.349693,14.630514,TA,CZ
"Malšice,Obora",49.338833,14.639301,TA,CZ
Mažice,49.213142,14.611427,TA,CZ
Mečichov,49.34768,13.811182,ST,CZ
"Meziříčí,,rozc.0.5",49.431545,14.569427,TA,CZ
Mičovice,48.981773,14.126162,PT,CZ
"Mičovice,,U Záhorků",48.9756,14.13331,PT,CZ
"Mičovice,Frantoly,rozc.0.5",48.99149,14.083971,PT,CZ
"Mičovice,Klenovice,rozc.0.5",48.986088,14.097311,PT,CZ
"Milevsko,,aut.st.",49.44933,14.360829,PI,CZ
"Milevsko,,bažantnice",49.456116,14.363931,PI,CZ
"Milevsko,,hřbitov",49.45683,14.370793,PI,CZ
"Milevsko,,Karla Čapka",49.439884,14.366764,PI,CZ
"Milevsko,,Mírové nám.u věžáku",49.443047,14.372743,PI,CZ
"Milevsko,,Nádražní sídl.rozc.",49.4438,14.372005,PI,CZ
"Milevsko,,Petra Bezruče",49.43905,14.36996,PI,CZ
"Milevsko,,Petrovická",49.456585,14.362753,PI,CZ
"Milevsko,,poliklinika",49.45298,14.361908,PI,CZ
"Milevsko,,stadion",49.44125,14.365124,PI,CZ
"Milevsko,,škola I",49.45287,14.359949,PI,CZ
"Milevsko,,U Zámečku",49.446373,14.364453,PI,CZ
"Milevsko,,ZVVZ internát",49.440357,14.369622,PI,CZ
"Milevsko,,ZVVZ montáže",49.440865,14.37278,PI,CZ
"Milevsko,,žel.st.",49.44205,14.377427,PI,CZ
"Milevsko,Velká",49.45227,14.284248,PI,CZ
Mirkovice,48.81344,14.389874,CK,CZ
"Mirkovice,Chabičovice",48.81608,14.365462,CK,CZ
Mirotice,49.42988,14.036817,PI,CZ
"Mirotice,Radobytce",49.41355,14.036524,PI,CZ
"Mirotice,Strážovice",49.417953,14.018949,PI,CZ
"Mirovice,,nám.",49.516113,14.036612,PI,CZ
"Mirovice,,rozc.k žel.st.",49.51204,14.030985,PI,CZ
"Mišovice,Draheničky,rozc.",49.512352,13.96275,PI,CZ
"Mišovice,Draheničky,rozc.Hostišovice 2.0",49.500576,13.949441,PI,CZ
"Mladá Vožice,,Agrospol a.s.",49.518803,14.798906,TA,CZ
"Mladá Vožice,,aut.st.",49.530983,14.80828,TA,CZ
"Mladá Vožice,,Jeníka z Bratřic",49.52864,14.811456,TA,CZ
"Mladá Vožice,,Táborská",49.527996,14.805804,TA,CZ
"Mladá Vožice,,u hřbitova",49.536926,14.800611,TA,CZ
"Mladá Vožice,,Vanišova",49.536953,14.81214,TA,CZ
"Mladá Vožice,,Voračického",49.53513,14.806729,TA,CZ
"Mladá Vožice,Blanice",49.50736,14.796426,TA,CZ
"Mladá Vožice,Dubina,rozc.0.5",49.52096,14.813574,TA,CZ
"Mladá Vožice,Chocov,rozc.1.0",49.55302,14.795921,TA,CZ
"Mladá Vožice,Noskov",49.550056,14.797528,TA,CZ
"Mladá Vožice,Noskov,rybník",49.547653,14.796515,TA,CZ
"Mladá Vožice,Radvánov",49.50952,14.828289,TA,CZ
"Mladá Vožice,Ústějov",49.51576,14.823181,TA,CZ
Mladošovice,48.94049,14.700974,CB,CZ
"Mladošovice,Petrovice",48.931023,14.685705,CB,CZ
Mlýny,49.33607,14.877954,TA,CZ
"Modrá Hůrka,,rozc.Dubové Mlýny",49.188766,14.527587,CB,CZ
Mokrý Lom,48.844585,14.514419,CB,CZ
"Myslkovice,,u pošty",49.29799,14.744449,TA,CZ
Myštice,49.45219,13.968971,ST,CZ
"Myštice,Nevželice",49.4632,13.964562,ST,CZ
"Myštice,Vahlovice",49.44657,13.943316,ST,CZ
Nadějkov,49.50285,14.478839,TA,CZ
"Nadějkov,Hronova Vesec,rozc.1.0",49.491173,14.475983,TA,CZ
"Nadějkov,Chlístov,rozc.0.5",49.542934,14.480105,TA,CZ
"Nadějkov,Modlíkov",49.48779,14.462341,TA,CZ
"Nadějkov,Petříkovice",49.49601,14.484699,TA,CZ
"Nadějkov,Větrov,šlecht.st.rozc.",49.512108,14.461641,TA,CZ
"Nákří,,U kostela",49.116295,14.330796,CB,CZ
Nebahovy,49.00451,14.053523,PT,CZ
"Nebahovy,,Šandův mlýn",48.997105,14.079354,PT,CZ
"Nebahovy,Lažišťka,rozc.0.5",49.001167,14.06785,PT,CZ
"Nebahovy,Zdenice",49.010773,14.030745,PT,CZ
Nedabyle,48.928307,14.514499,CB,CZ
Němčice,49.19259,13.799777,ST,CZ
Němčice,49.031742,14.271823,PT,CZ
"Němčice,Sedlovice,rozc.1.0",49.031063,14.261665,PT,CZ
Němětice,49.195225,13.880996,ST,CZ
"Nemyšl,Zahoříčko",49.50714,14.676105,TA,CZ
Neplachov,49.12656,14.60414,CB,CZ
"Nerestce,Dolní Nerestce,rozc.",49.499386,14.073402,PI,CZ
"Netolice,,Grejnarov",49.032364,14.187743,PT,CZ
"Netolice,,háj.",49.05523,14.151846,PT,CZ
"Netolice,,Kratochvíle",49.05742,14.169254,PT,CZ
"Netolice,,nám.",49.04925,14.19606,PT,CZ
"Netolice,,u cihelny",49.05609,14.202779,PT,CZ
Netřebice,48.79058,14.455457,CK,CZ
"Netřebice,,rozc.Věžovatá Pláně 1.1",48.781593,14.429203,CK,CZ
Nevězice,49.47747,14.15255,PI,CZ
"Nevězice,Koloredov,rozc.",49.462704,14.149399,PI,CZ
Nicov,49.12399,13.620289,PT,CZ
"Nicov,,Domky",49.14372,13.596917,PT,CZ
"Nicov,Řetenice",49.132607,13.612379,PT,CZ
Nihošovice,49.187195,13.863187,ST,CZ
"Nihošovice,,lom",49.185028,13.852568,ST,CZ
"Nihošovice,,rozc.Doubravice u Volyně 0.3",49.17658,13.839089,ST,CZ
Nišovice,49.157288,13.898402,ST,CZ
"Nová Bystřice,,aut.nádr.",49.02056,15.104409,JH,CZ
"Nová Bystřice,,hřbitov",49.024326,15.101071,JH,CZ
"Nová Bystřice,,Osika",49.02984,15.140481,JH,CZ
"Nová Bystřice,Albeř,rozc.II",49.029182,15.13063,JH,CZ
"Nová Bystřice,Klášter I",49.024418,15.158767,JH,CZ
"Nová Bystřice,Klášter II",49.024857,15.175062,JH,CZ
"Nová Olešná,,obec",49.175858,15.160354,JH,CZ
Nová Pec,48.7911,13.948356,PT,CZ
"Nová Pec,,Jelení Vrchy",48.816315,13.878482,PT,CZ
"Nová Pec,,Jelení Vrchy U Koželuhů",48.803356,13.889764,PT,CZ
"Nová Pec,,Jelení Vrchy U Slabihoudů",48.801147,13.899691,PT,CZ
"Nová Pec,,Rozbach",48.794346,13.917671,PT,CZ
"Nová Pec,,statky",48.777977,13.932673,PT,CZ
"Nová Pec,,U Krojzů",48.792065,13.933092,PT,CZ
"Nová Pec,,žel.st.",48.78969,13.951896,PT,CZ
"Nová Včelnice,,nám.",49.23831,15.07257,JH,CZ
"Nová Včelnice,,TEBO a.s.",49.231476,15.069962,JH,CZ
Nová Ves,48.94822,14.247952,CK,CZ
Nová Ves,48.924004,14.530592,CB,CZ
"Nová Ves u Chýnova,,rozc.0.5",49.390327,14.790255,TA,CZ
"Nová Ves u Chýnova,,rozc.2.0",49.405685,14.774632,TA,CZ
"Nová Ves,České Chalupy",48.95258,14.233725,CK,CZ
"Nová Ves,Holašovice,rozc.",48.949093,14.264949,CK,CZ
"Nové Hrady,,aut.nádr.",48.788925,14.782773,CB,CZ
"Nové Hrady,,žel.st.",48.823177,14.809295,CB,CZ
"Nové Hrady,Byňov",48.816746,14.798846,CB,CZ
"Nové Hrady,Hlinov,rozc.0.7",48.79664,14.748369,CB,CZ
"Nové Hrady,Štiptoň",48.80121,14.793231,CB,CZ
"Nové Hrady,Štiptoň,rozc.0.2",48.79499,14.785929,CB,CZ
"Nové Hrady,Tereziino údolí",48.779427,14.770032,CB,CZ
"Nové Hrady,Údolí",48.78892,14.772572,CB,CZ
Nové Hutě,49.03871,13.645986,PT,CZ
"Nové Hutě,,chata",49.034313,13.647113,PT,CZ
"Nové Hutě,,Pláně",49.054493,13.633593,PT,CZ
"Nové Hutě,,polesí",49.025448,13.653061,PT,CZ
"Nové Hutě,,samoty",49.041943,13.653278,PT,CZ
Novosedly,49.26283,13.797981,ST,CZ
Novosedly n.Než.,49.082146,14.819803,JH,CZ
"Novosedly n.Než.,,u kostela",49.08524,14.812455,JH,CZ
"Novosedly n.Než.,Kolence",49.09098,14.790505,JH,CZ
"Novosedly n.Než.,Mláka,Velká",49.06068,14.843941,JH,CZ
"Novosedly n.Než.,Žabice",49.096268,14.76788,JH,CZ
"Novosedly,,ZD",49.262947,13.792883,ST,CZ
Okrouhlá Radouň,49.239285,15.016273,JH,CZ
"Okrouhlá Radouň,,U Cejnů",49.23377,15.015763,JH,CZ
"Okrouhlá,,rozc.",49.413136,14.358688,PI,CZ
Oldřichov,49.557705,14.754694,TA,CZ
"Oldřichov,Těmice,rozc.1.0",49.547436,14.751376,TA,CZ
Olešnice,48.840412,14.704956,CB,CZ
Olešník,49.107132,14.363695,CB,CZ
"Olešník,,Nový Olešník",49.102467,14.364777,CB,CZ
"Olešník,,Stará Obora",49.09496,14.415113,CB,CZ
"Olešník,Chlumec",49.117836,14.410732,CB,CZ
"Olešník,Chlumec,rozc.0.5",49.115868,14.40535,CB,CZ
"Olešník,Chlumec,Třešňovka",49.12678,14.396598,CB,CZ
"Olešník,Nová Ves,rozc.0.5",49.139538,14.385444,CB,CZ
"Opařany,,aut.st.",49.39743,14.479287,TA,CZ
"Opařany,,děts.psych.nemocnice",49.39476,14.481821,TA,CZ
"Opařany,,háj.",49.392406,14.473677,TA,CZ
"Opařany,Oltyně",49.423687,14.521004,TA,CZ
"Opařany,Podboří,I",49.410583,14.463634,TA,CZ
"Orlík n.Vlt.,,nám.",49.50448,14.16738,PI,CZ
"Orlík n.Vlt.,,zámek",49.509613,14.16459,PI,CZ
"Orlík n.Vlt.,Staré Sedlo",49.501064,14.161183,PI,CZ
Osek,49.442806,14.300731,PI,CZ
"Osek,,Kamenný kříž",49.442425,14.329992,PI,CZ
Oslov,49.399666,14.211658,PI,CZ
Paseky,49.252617,14.255009,PI,CZ
"Paseky,,myslivna",49.250378,14.269721,PI,CZ
"Paseky,Kukle,rozc.1.0",49.251816,14.239764,PI,CZ
"Peč,,II",49.059093,15.389905,JH,CZ
"Peč,Lidéřovice",49.066147,15.371675,JH,CZ
"Pěčnov,,Dachov rozc.0.8",49.054523,13.930532,PT,CZ
"Pěčnov,,rozc.0.5",49.05734,13.938036,PT,CZ
Písečné,48.96505,15.462057,JH,CZ
"Písečné,Nové Sady,rozc.0.1",48.963707,15.473557,JH,CZ
"Písečné,Slavětín,II",48.982494,15.398746,JH,CZ
"Písek,,aut.nádr.",49.299446,14.146225,PI,CZ
"Písek,,Budějovická",49.30456,14.156191,PI,CZ
"Písek,,Budovcova",49.306152,14.150392,PI,CZ
"Písek,,Burketova",49.310196,14.1352,PI,CZ
"Písek,,cihelna Na Ptáčkovně",49.3195,14.170671,PI,CZ
"Písek,,Čelakovského",49.310513,14.140389,PI,CZ
"Písek,,Čížovská",49.33035,14.118845,PI,CZ
"Písek,,Dvořákova",49.312576,14.143052,PI,CZ
"Písek,,Flekačky",49.291622,14.187913,PI,CZ
"Písek,,Harantova",49.30664,14.154813,PI,CZ
"Písek,,Hradiště",49.29766,14.122105,PI,CZ
"Písek,,Hradištská",49.30392,14.138048,PI,CZ
"Písek,,Kamenné doly",49.322945,14.182031,PI,CZ
"Písek,,Ke Střelnici",49.300114,14.124764,PI,CZ
"Písek,,Kollárova",49.31196,14.151993,PI,CZ
"Písek,,Kulturní dům",49.312737,14.146485,PI,CZ
"Písek,,lesní hřbitov",49.316124,14.167664,PI,CZ
"Písek,,Logry",49.31101,14.162478,PI,CZ
"Písek,,Na Houpačkách",49.31579,14.144991,PI,CZ
"Písek,,Na Kuchyňce",49.31715,14.132349,PI,CZ
"Písek,,Na Rozhledně",49.301098,14.132312,PI,CZ
"Písek,,nábřeží 1.máje",49.313618,14.145707,PI,CZ
"Písek,,Nádražní",49.300976,14.148196,PI,CZ
"Písek,,nem.",49.303288,14.154406,PI,CZ
"Písek,,Nezamyslova",49.31356,14.129389,PI,CZ
"Písek,,Obecní",49.286087,14.177167,PI,CZ
"Písek,,Obchodní",49.29738,14.161715,PI,CZ
"Písek,,Pražská",49.314053,14.139213,PI,CZ
"Písek,,Sedláčkova",49.313293,14.160004,PI,CZ
"Písek,,Smetanovo nám.",49.31584,14.153623,PI,CZ
"Písek,,Strakonická",49.310253,14.125576,PI,CZ
"Písek,,Šrámkův most",49.303467,14.137484,PI,CZ
"Písek,,Švantlova",49.303856,14.146048,PI,CZ
"Písek,,U autobusového nádraží",49.2995,14.145452,PI,CZ
"Písek,,U Hřebčince",49.297543,14.164259,PI,CZ
"Písek,,U pekárny",49.315735,14.16092,PI,CZ
"Písek,,Václavské nám.",49.309437,14.131694,PI,CZ
"Písek,,Velké nám.",49.30836,14.147495,PI,CZ
"Písek,,Za kapličkou",49.301956,14.159616,PI,CZ
"Písek,,Za Pazdernou",49.31609,14.157738,PI,CZ
"Písek,,žel.st.",49.29664,14.143465,PI,CZ
"Písek,,Žižkova",49.31026,14.155199,PI,CZ
"Písek,Dobešice,S.N.O.P.",49.329006,14.114496,PI,CZ
"Písek,Nový Dvůr,rozc.1.0",49.27078,14.187072,PI,CZ
"Písek,Purkratice,Průmyslová",49.325123,14.119713,PI,CZ
"Písek,Semice",49.287445,14.174229,PI,CZ
"Písek,Smrkovice",49.280605,14.154655,PI,CZ
"Písek,Smrkovice,škola",49.280483,14.157369,PI,CZ
Pištín,49.0458,14.334302,CB,CZ
"Pištín,Češnovice",49.03271,14.363006,CB,CZ
Planá,48.94209,14.449279,CB,CZ
"Planá n.Luž.,,hřbitov",49.36663,14.701028,TA,CZ
"Planá n.Luž.,,MADETA",49.363995,14.702785,TA,CZ
"Planá n.Luž.,,Masokombinát točna",49.358974,14.708365,TA,CZ
"Planá n.Luž.,,Masokombinát záv.",49.361534,14.706124,TA,CZ
"Planá n.Luž.,,Nad Hejtmanem Lipová alej",49.340534,14.721553,TA,CZ
"Planá n.Luž.,,nám.",49.353188,14.702873,TA,CZ
"Planá n.Luž.,,Okružní bytovky",49.342487,14.71667,TA,CZ
"Planá n.Luž.,,Silon",49.373154,14.704543,TA,CZ
"Planá n.Luž.,,Strkovská",49.34788,14.710816,TA,CZ
"Planá n.Luž.,,u lesa",49.349796,14.696435,TA,CZ
"Planá n.Luž.,,U řadovek",49.358307,14.700048,TA,CZ
"Planá n.Luž.,Lhota Samoty",49.354763,14.684135,TA,CZ
"Planá n.Luž.,Strkov",49.34477,14.716732,TA,CZ
"Planá n.Luž.,Strkov,sádky",49.337925,14.726687,TA,CZ
"Planá,,letiště",48.9514,14.454231,CB,CZ
"Planá,,Náves",48.945618,14.452112,CB,CZ
"Planá,,Náves-střed",48.943226,14.452669,CB,CZ
Plav,48.8999,14.483687,CB,CZ
Plavsko,49.084473,14.908905,JH,CZ
"Pluhův Žďár,Červená Lhota",49.249332,14.88407,JH,CZ
"Pluhův Žďár,Jižná,rozc.0.8",49.252193,14.892964,JH,CZ
Podolí I,49.360825,14.309974,PI,CZ
"Podolí I,,rozc.0.3",49.356915,14.289621,PI,CZ
"Podolí I,Podolsko,rozc.",49.358093,14.283114,PI,CZ
Pohnánec,49.47357,14.803005,TA,CZ
"Pohnánec,,u cihelny",49.475227,14.786766,TA,CZ
Pohnání,49.477528,14.810049,TA,CZ
Pohorská Ves,48.670177,14.647582,CK,CZ
"Pohorská Ves,Leopoldov",48.645763,14.640137,CK,CZ
Polště,49.108017,14.923815,JH,CZ
Popelín,49.213757,15.181684,JH,CZ
"Prachatice,,aut.nádr.",49.013824,14.005188,PT,CZ
"Prachatice,,ČSAD",49.014687,14.010159,PT,CZ
"Prachatice,,Malé nám.",49.01403,13.999345,PT,CZ
"Prachatice,,nemocnice",49.00736,14.013858,PT,CZ
"Prachatice,,Vodňanská",49.018723,14.00523,PT,CZ
"Prachatice,Libínské Sedlo",48.978127,13.988283,PT,CZ
"Prachatice,Ostrov",49.02803,14.005574,PT,CZ
Probulov,49.4928,14.145617,PI,CZ
"Protivín,,nám.",49.198204,14.217414,PI,CZ
"Protivín,,rozc.k nádr.",49.20742,14.214951,PI,CZ
"Protivín,Maletice,rozc.",49.239296,14.207355,PI,CZ
"Protivín,Milenovice,rozc.",49.17928,14.200552,PI,CZ
"Protivín,Myšenec,rozc.",49.22735,14.215236,PI,CZ
"Protivín,Selibov",49.25347,14.197981,PI,CZ
"Přeborov,,rozc.0.5",49.475803,14.364968,PI,CZ
Předmíř,49.488693,13.769195,ST,CZ
"Předmíř,Zámlyní",49.48838,13.76317,ST,CZ
Přední Výtoň,48.631,14.170382,CK,CZ
"Přední Výtoň,,náves",48.631374,14.166609,CK,CZ
"Přední Výtoň,,Pasečná",48.61004,14.107911,CK,CZ
"Přední Výtoň,,Spáleniště",48.601933,14.174175,CK,CZ
"Přední Výtoň,,Sv.Tomáš",48.640236,14.104413,CK,CZ
"Přední Výtoň,Frýdava",48.65757,14.159528,CK,CZ
Přední Zborovice,49.21854,13.894746,ST,CZ
Předotice,49.364727,14.054404,PI,CZ
"Předotice,Malčice",49.38912,14.048074,PI,CZ
"Předotice,Nová Hospoda,sil.č.20",49.34899,14.050396,PI,CZ
"Předotice,Nová Hospoda,sil.č.4",49.3498,14.049594,PI,CZ
"Předotice,Podolí II,rozc.",49.37511,14.051544,PI,CZ
"Předotice,Šamonice,rozc.",49.35086,14.035871,PI,CZ
"Předotice,Třebkov",49.35568,14.054666,PI,CZ
Předslavice,49.132736,13.935426,ST,CZ
Přehořov,49.249275,14.756323,TA,CZ
Přeštěnice,49.47958,14.41654,PI,CZ
"Přeštěnice,Týnice",49.47473,14.401372,PI,CZ
Přešťovice,49.277073,13.973962,ST,CZ
"Přešťovice,Brusy,rozc.1.0",49.297344,14.016908,ST,CZ
Příbraz,49.05088,14.941121,JH,CZ
"Příbraz,,hráz",49.040977,14.9429,JH,CZ
Přídolí,48.781937,14.350888,CK,CZ
"Přídolí,Práčov",48.75783,14.338536,CK,CZ
Přísečná,48.83236,14.345358,CK,CZ
Radenín,49.371273,14.843108,TA,CZ
"Radenín,,rozc.1.0",49.36223,14.834785,TA,CZ
"Radenín,Bítov,rozc.2.0",49.37549,14.842767,TA,CZ
"Radenín,Hroby",49.38875,14.846076,TA,CZ
"Radenín,Kozmice",49.388206,14.866818,TA,CZ
"Radenín,Nuzbely",49.38957,14.841477,TA,CZ
"Radenín,Terezín,rozc.0.8",49.360672,14.85283,TA,CZ
Radimovice u Želče,49.377308,14.645678,TA,CZ
"Radimovice u Želče,,rozc.0.5",49.381996,14.639197,TA,CZ
"Radimovice u Želče,,U vysílače",49.379803,14.642763,TA,CZ
Radkov,49.464455,14.610224,TA,CZ
"Radkov,Paseka",49.461277,14.592192,TA,CZ
"Radomyšl,,rozc.Chrášťovice Klínovice 1.1",49.313652,13.897334,ST,CZ
"Radomyšl,Podolí",49.31184,13.894874,ST,CZ
"Radošovice,,rozc.0.5",49.231564,13.914776,ST,CZ
"Radošovice,,rozc.Malé Chrášťany 2.0",49.030987,14.301384,CB,CZ
Rapšach,48.879147,14.933264,JH,CZ
"Rataje,,rozc.Dobronice u Bech.2.0",49.3476,14.477209,TA,CZ
Ratiboř,49.14307,14.914927,JH,CZ
Ratibořské Hory,49.462696,14.769618,TA,CZ
"Ratibořské Hory,,statek Polánka",49.463547,14.802623,TA,CZ
"Ratibořské Hory,,U Menšíků",49.46617,14.771948,TA,CZ
"Ratibořské Hory,Dub,rozc.1.0",49.454433,14.803701,TA,CZ
"Ratibořské Hory,Vřesce",49.44801,14.755752,TA,CZ
Rodná,49.49015,14.843155,TA,CZ
"Rodná,Nahořany,rozc.",49.4978,14.842238,TA,CZ
"Rodvínov,,rozc.0.5",49.17413,15.049923,JH,CZ
"Rodvínov,,točna",49.172817,15.055888,JH,CZ
"Rodvínov,Jindřiš",49.14901,15.06114,JH,CZ
Roseč,49.127125,14.9105,JH,CZ
Roudná,49.302143,14.721169,TA,CZ
"Roudné,,náves",48.93448,14.4868,CB,CZ
"Roudné,,rozcestí",48.939423,14.478501,CB,CZ
"Roudné,,U cihelny",48.92076,14.478238,CB,CZ
"Roudné,,u mostu",48.934772,14.488273,CB,CZ
"Roudné,,U Stadionu",48.929363,14.48072,CB,CZ
"Roudné,,zastávka",48.934376,14.481174,CB,CZ
"Rovná,,rozc.0.4",49.282974,13.953866,ST,CZ
"Rožmberk n.Vlt.,,nám.",48.654903,14.366638,CK,CZ
"Rožmberk n.Vlt.,Studenec,rozc.",48.66302,14.362453,CK,CZ
"Rudolfov,,Hlincohorská",48.989166,14.537702,CB,CZ
"Rudolfov,,kostel",48.993645,14.541189,CB,CZ
"Rudolfov,,Na Americe",48.98871,14.541678,CB,CZ
"Rudolfov,,Rozcestí",48.988983,14.532094,CB,CZ
"Rudolfov,,Zámek",48.99243,14.535556,CB,CZ
Řepeč,49.40305,14.519859,TA,CZ
"Řepeč,,rozc.1.5",49.418114,14.513134,TA,CZ
"Řepeč,Kášovice",49.408215,14.530179,TA,CZ
"Římov,,Krumlovská",48.852707,14.48483,CB,CZ
"Římov,,nám.J.Gurreho",48.856777,14.487943,CB,CZ
"Římov,,Třeboňská",48.861565,14.495142,CB,CZ
"Římov,Branišovice",48.853645,14.505455,CB,CZ
"Římov,Hamr",48.872913,14.496426,CB,CZ
"Řípec,,rozc.Dráchov 1.0",49.228058,14.720421,TA,CZ
"Sedlec,,obec",49.073124,14.285811,CB,CZ
"Sedlec,Lékařova Lhota",49.078953,14.261964,CB,CZ
"Sedlec,Plástovice,rozc.0.6",49.064114,14.300756,CB,CZ
Sedlečko,49.282764,14.742393,TA,CZ
"Sedlice,,nám.",49.3784,13.936593,ST,CZ
"Sedlice,,obora myslivna",49.36083,13.98774,ST,CZ
"Sedlice,,škola",49.37381,13.941889,ST,CZ
"Sedlice,Holušice,rozc.2.0",49.36528,13.975138,ST,CZ
"Sedlice,Němčice",49.391636,13.920504,ST,CZ
Sepekov,49.428356,14.41829,PI,CZ
"Sezimovo Ústí,,I nám.",49.38555,14.684497,TA,CZ
"Sezimovo Ústí,,I rozc.",49.381214,14.687777,TA,CZ
"Sezimovo Ústí,,II 9. května MŠ",49.379986,14.702709,TA,CZ
"Sezimovo Ústí,,II Průmyslová",49.37499,14.706902,TA,CZ
"Sezimovo Ústí,,II Svépomoc",49.37941,14.707344,TA,CZ
"Sezimovo Ústí,,Kovosvit",49.376995,14.699423,TA,CZ
Skalice,49.303387,14.694887,TA,CZ
"Skalice,Rybova Lhota",49.28774,14.689842,TA,CZ
"Skalice,Třebiště",49.312252,14.679087,TA,CZ
Skočice,49.18506,14.105755,ST,CZ
"Skočice,,Kocanda",49.179665,14.117717,ST,CZ
"Skočice,Lidmovice",49.17737,14.126808,ST,CZ
Skopytce,49.33154,14.797794,TA,CZ
"Skopytce,Chabrovice",49.330647,14.782866,TA,CZ
"Slabčice,,rozc.Karlov 1.5",49.3187,14.369683,PI,CZ
"Slabčice,Nemějice,ZD",49.32575,14.359097,PI,CZ
Slaník,49.269222,13.953426,ST,CZ
"Slaník,,rozc.Řepice 0.6",49.275528,13.940093,ST,CZ
Slapsko,49.576088,14.76275,TA,CZ
"Slapsko,Leština,rozc.0.5",49.583717,14.749621,TA,CZ
"Slapsko,Moraveč",49.572166,14.771054,TA,CZ
"Slapsko,Zahrádka",49.587833,14.74026,TA,CZ
"Slapy,,rozc.",49.386936,14.623964,TA,CZ
"Slapy,,žel.zast.",49.38568,14.628161,TA,CZ
Slavče,48.7978,14.615055,CB,CZ
"Slavče,Dobrkovská Lhotka",48.788303,14.598114,CB,CZ
"Slavče,Dobrkovská Lhotka,garáž",48.794174,14.596495,CB,CZ
"Slavče,Mohuřice",48.811474,14.614154,CB,CZ
"Slavče,Záluží",48.79174,14.613169,CB,CZ
"Slavonice,,aut.nádr.",48.998383,15.353644,JH,CZ
"Slavonice,,Bejčkův mlýn",49.006767,15.33002,JH,CZ
"Slavonice,,OPK",49.000706,15.343445,JH,CZ
"Slavonice,,Otavan",48.99604,15.357817,JH,CZ
"Slavonice,,žel.st.",48.996098,15.348421,JH,CZ
"Slavonice,Stálkov",49.028095,15.284429,JH,CZ
"Smržov,,Šaloun.sádky",49.0684,14.702388,JH,CZ
Soběnov,48.762684,14.545418,CK,CZ
"Soběslav,,aut.nádr.",49.256187,14.72576,TA,CZ
"Soběslav,,E.Beneše",49.251167,14.721525,TA,CZ
"Soběslav,,Hvížďalka",49.259815,14.707646,TA,CZ
"Soběslav,,Jitona",49.264267,14.716393,TA,CZ
"Soběslav,,nám.hotel Slunce",49.259113,14.719597,TA,CZ
"Soběslav,,nám.U Husa",49.259403,14.720469,TA,CZ
"Soběslav,,obalovna Silnice",49.23668,14.721261,TA,CZ
"Soběslav,,škola",49.256016,14.721333,TA,CZ
"Soběslav,,U Zárubů",49.27268,14.733922,TA,CZ
"Soběslav,Chlebov",49.255966,14.749259,TA,CZ
Srnín,48.843464,14.344414,CK,CZ
"Srnín,,pekárna",48.848248,14.347466,CK,CZ
"Srubec,,Na Štětkách",48.937855,14.542842,CB,CZ
"Srubec,,Na Vyhlídce",48.952053,14.536585,CB,CZ
"Srubec,,Náves",48.948368,14.539938,CB,CZ
"Srubec,,Točna MHD",48.947662,14.542746,CB,CZ
"Srubec,,U Naděje",48.95817,14.523781,CB,CZ
"Srubec,,U školy",48.955597,14.529243,CB,CZ
"Srubec,Stará Pohůrka",48.95983,14.517397,CB,CZ
"Stádlec,,nám.",49.379303,14.495501,TA,CZ
"Stádlec,Hájky,rozc.0.5",49.382633,14.506029,TA,CZ
"Stádlec,Slavňovice",49.383698,14.515924,TA,CZ
"Stádlec,Staré Sedlo",49.363693,14.472545,TA,CZ
"Stachy,,aut.st.",49.10168,13.669606,PT,CZ
"Stachy,,Chalupy rozc.0.4",49.1129,13.648379,PT,CZ
"Stachy,,Michalov",49.10045,13.645656,PT,CZ
"Stachy,,Říhov rozc.0.5",49.094273,13.648284,PT,CZ
"Stachy,,Šebestov",49.11611,13.643491,PT,CZ
"Stachy,,Zadov horská služba",49.066864,13.630551,PT,CZ
"Stachy,,Zadov Churáňov hotel",49.067886,13.625151,PT,CZ
"Stachy,,Zadov Pod Javorem",49.073982,13.633842,PT,CZ
"Stachy,,Zadov Sporthotel",49.06888,13.620031,PT,CZ
"Stachy,,Zadov U Křížku",49.078644,13.634924,PT,CZ
"Stachy,Kůsov",49.0859,13.64175,PT,CZ
"Stachy,Kůsov,dom.důch.",49.090984,13.642221,PT,CZ
Staňkov,48.977856,14.953481,JH,CZ
"Staňkov,,Jednoty",48.963272,14.952334,JH,CZ
"Staňkov,,Peč",48.97067,14.953732,JH,CZ
Staré Hobzí,49.012337,15.452343,JH,CZ
"Staré Hobzí,Nové Dvory,rozc.1.0",49.013863,15.465177,JH,CZ
"Staré Hobzí,Vnorovice",49.035923,15.443803,JH,CZ
"Staré Hodějovice,,Náves",48.94499,14.52077,CB,CZ
"Staré Hodějovice,,Zastávka",48.944813,14.511923,CB,CZ
Staré Město p.Land.,49.00332,15.255926,JH,CZ
"Staré Město p.Land.,Landštejn",49.02632,15.230131,JH,CZ
"Staré Město p.Land.,Pomezí",49.025215,15.2255,JH,CZ
"Strakonice,,5.května",49.254795,13.907832,ST,CZ
"Strakonice,,aut.nádr.",49.255745,13.916676,ST,CZ
"Strakonice,,Ellerova-Hvězda",49.26238,13.908094,ST,CZ
"Strakonice,,Ellerova-MŠ",49.260067,13.912305,ST,CZ
"Strakonice,,Husova",49.263752,13.89998,ST,CZ
"Strakonice,,Husova I",49.264145,13.902242,ST,CZ
"Strakonice,,Jezárky",49.267105,13.883725,ST,CZ
"Strakonice,,Jiřího z Poděbrad",49.26673,13.901361,ST,CZ
"Strakonice,,K Dražejovu",49.269047,13.875715,ST,CZ
"Strakonice,,Katovická",49.262997,13.890841,ST,CZ
"Strakonice,,Lidická",49.26449,13.907729,ST,CZ
"Strakonice,,Máchova ul.",49.26608,13.893929,ST,CZ
"Strakonice,,Mírová ul.",49.26424,13.894148,ST,CZ
"Strakonice,,Na Ohradě",49.257988,13.906647,ST,CZ
"Strakonice,,Na Podskalí",49.26279,13.874892,ST,CZ
"Strakonice,,Nemocnice",49.267033,13.905823,ST,CZ
"Strakonice,,Pivovar",49.260147,13.90004,ST,CZ
"Strakonice,,Podsrp",49.249836,13.936423,ST,CZ
"Strakonice,,Podsrp - hájenka",49.24864,13.944434,ST,CZ
"Strakonice,,Podsrpenská - Na Hajskou",49.251873,13.921702,ST,CZ
"Strakonice,,Podsrp-prodejna",49.251034,13.920837,ST,CZ
"Strakonice,,Povážská škola",49.249584,13.917041,ST,CZ
"Strakonice,,PS",49.26872,13.917052,ST,CZ
"Strakonice,,Radomyšlská I",49.265747,13.905665,ST,CZ
"Strakonice,,Raisova",49.269978,13.908951,ST,CZ
"Strakonice,,Raisova I",49.268726,13.914258,ST,CZ
"Strakonice,,rozc.Nebřehovice 0.3",49.23992,13.967689,ST,CZ
"Strakonice,,sídl.1.máje",49.26677,13.911641,ST,CZ
"Strakonice,,sídl.Mír",49.261925,13.894771,ST,CZ
"Strakonice,,Sídliště",49.268883,13.893659,ST,CZ
"Strakonice,,Šumavská I",49.248444,13.91324,ST,CZ
"Strakonice,,Šumavská II",49.24886,13.915953,ST,CZ
"Strakonice,,Švandy dudáka",49.268726,13.885424,ST,CZ
"Strakonice,,Tržnice",49.259464,13.902274,ST,CZ
"Strakonice,,U Dudáka",49.255695,13.912217,ST,CZ
"Strakonice,,Ul.Tisová",49.276,13.888673,ST,CZ
"Strakonice,,Volyňská",49.251347,13.912694,ST,CZ
"Strakonice,,Zvolenská",49.26683,13.897423,ST,CZ
"Strakonice,Hajská",49.256657,13.947354,ST,CZ
"Strakonice,Modlešovice",49.24983,13.972159,ST,CZ
"Strakonice,Nový Dražejov",49.26372,13.864058,ST,CZ
"Strakonice,Starý Dražejov",49.272903,13.867465,ST,CZ
"Strakonice,Střela",49.267246,13.851062,ST,CZ
Strašice,49.202732,13.72998,ST,CZ
"Strašice,,rozc.Vojnice 1.5",49.227222,13.736818,ST,CZ
"Strašice,Škůdra,rozc.1.3",49.2173,13.729491,ST,CZ
"Stráž n.Než.,,nám.",49.06975,14.905979,JH,CZ
"Stráž n.Než.,Dolní Lhota",49.06157,14.944983,JH,CZ
Strážkovice,48.899166,14.569457,CB,CZ
Strážný,48.907,13.721508,PT,CZ
"Strážný,Hliniště",48.909756,13.744678,PT,CZ
"Strážný,Řasnice",48.91225,13.761433,PT,CZ
"Strmilov,,aut.st.",49.15896,15.202086,JH,CZ
"Strmilov,,škola",49.163116,15.204288,JH,CZ
"Strmilov,Česká Olešná",49.190968,15.1676,JH,CZ
"Strmilov,Palupín",49.180325,15.226071,JH,CZ
"Strmilov,Palupín,rozc.0.2",49.180687,15.232428,JH,CZ
Strunkovice n.Blan.,49.082317,14.057462,PT,CZ
"Strunkovice n.Blan.,,Prachatická",49.08468,14.052581,PT,CZ
"Strunkovice n.Blan.,Svojnice",49.065334,14.070472,PT,CZ
"Strunkovice n.Blan.,Žíchovec",49.078117,14.04447,PT,CZ
Strunkovice n.Vol.,49.208355,13.887461,ST,CZ
"Strunkovice n.Vol.,,rozc.Němětice 0.5",49.19871,13.885701,ST,CZ
Střelské Hoštice,49.296425,13.758131,ST,CZ
Stříbřec,49.030434,14.878971,JH,CZ
"Stříbřec,Libořezy",49.028355,14.933164,JH,CZ
"Stříbřec,Libořezy,rozc.0.1",49.02373,14.929715,JH,CZ
"Stříbřec,Mníšek",49.029625,14.913431,JH,CZ
"Stříbřec,Mníšek,U Kročáků",49.03025,14.898699,JH,CZ
"Střítež,Kaplice-nádraží,rozc.0.3",48.774883,14.465014,CK,CZ
"Střítež,Kaplice-nádraží,žel.st.",48.774857,14.468451,CK,CZ
"Střítež,Raveň,rozc.0.5",48.76685,14.47207,CK,CZ
"Střítež,Rejty,rozc.0.3",48.776154,14.451229,CK,CZ
Střížov,48.891045,14.528959,CB,CZ
"Střížov,,k ozdravovně",48.885845,14.523456,CB,CZ
"Střížovice,Budkov",49.14536,15.180596,JH,CZ
"Střížovice,Rozkoš",49.14489,15.166013,JH,CZ
"Střížovice,Vlčice",49.148636,15.156992,JH,CZ
"Studená,,rozc.Jilem",49.17861,15.279879,JH,CZ
"Studená,,U lékárny",49.18772,15.285672,JH,CZ
"Studená,,ul.1.máje aut.st.",49.18532,15.285881,JH,CZ
"Studená,Domašín",49.204597,15.273461,JH,CZ
"Studená,Horní Bolíkov,rozc.0.1",49.188343,15.31889,JH,CZ
Sudoměřice u Bech.,49.289303,14.537587,TA,CZ
"Sudoměřice u Bech.,,nákl.nádr.Bechyně I",49.292053,14.481619,TA,CZ
"Sudoměřice u Bech.,,nákl.nádr.Bechyně II",49.291584,14.480286,TA,CZ
"Sudoměřice u Bech.,Bežerovice,rozc.1.0",49.29013,14.510497,TA,CZ
Sudoměřice u Tábora,49.5102,14.657965,TA,CZ
"Sudoměřice u Tábora,,U hájovny",49.50826,14.65449,TA,CZ
"Sudoměřice u Tábora,,žel.st.",49.508034,14.660134,TA,CZ
"Suchdol n.Luž.,,město",48.892456,14.877624,JH,CZ
"Suchdol n.Luž.,,New York",48.885784,14.905458,JH,CZ
"Suchdol n.Luž.,,U transformátoru",48.889668,14.859229,JH,CZ
"Suchdol n.Luž.,,žel.st.",48.902912,14.882368,JH,CZ
"Suchdol n.Luž.,Bor",48.885456,14.818008,JH,CZ
"Suchdol n.Luž.,Horní",48.889812,14.849539,JH,CZ
"Suchdol n.Luž.,Klikov,stadion",48.90994,14.915532,JH,CZ
"Suchdol n.Luž.,Klikov,Žabárna",48.918537,14.920497,JH,CZ
"Suchdol n.Luž.,Synochov",48.886745,14.827238,JH,CZ
"Suchdol n.Luž.,Tušť,u váhy",48.891186,14.88976,JH,CZ
"Svatá Maří,Trhonín,rozc.1.0",49.04902,13.819797,PT,CZ
"Svatá Maří,Vícemily",49.04703,13.841997,PT,CZ
Svatý Jan n.Malší,48.82474,14.511878,CB,CZ
Světlík,48.73144,14.210763,CK,CZ
"Světlík,,Rašelina a.s.",48.719486,14.206244,CK,CZ
Sviny,49.187035,14.635508,TA,CZ
"Sviny,Kundratice,rozc.1.0",49.183865,14.644474,TA,CZ
"Šebířov,,Bouřilka",49.565388,14.776791,TA,CZ
"Ševětín,,Na brankách",49.09765,14.567533,CB,CZ
"Ševětín,,nám.",49.099457,14.572372,CB,CZ
"Ševětín,Švamberk",49.118195,14.589689,CB,CZ
Škvořetice,49.40189,13.947922,ST,CZ
"Škvořetice,Pacelice",49.407143,13.935877,ST,CZ
Štěchovice,49.25827,13.760966,ST,CZ
Štěkeň,49.26677,14.015005,ST,CZ
"Štěkeň,,nám.",49.267605,14.00882,ST,CZ
"Štěkeň,,V rybníčkách",49.26936,13.985438,ST,CZ
"Štěkeň,Dobrá Voda",49.267666,13.997791,ST,CZ
"Štěkeň,Nové Kestřany,I",49.268463,14.044456,PI,CZ
"Štěkeň,Nové Kestřany,II",49.26649,14.039812,PI,CZ
"Štěkeň,Vítkov,rozc.1.0",49.29507,14.027138,ST,CZ
Štěpánovice,49.001423,14.654407,CB,CZ
"Štěpánovice,,rozc.Slavošovice 4.0",48.996075,14.684239,CB,CZ
"Štěpánovice,Vranín",48.99738,14.694401,CB,CZ
Šumavské Hoštice,49.04118,13.867314,PT,CZ
"Šumavské Hoštice,Kosmo",49.048603,13.881381,PT,CZ
"Tábor,,9. května",49.412617,14.668493,TA,CZ
"Tábor,,aut.nádr.",49.41416,14.674751,TA,CZ
"Tábor,,Bechyňská Pajedla",49.407665,14.653214,TA,CZ
"Tábor,,Blanické předm.",49.418034,14.675769,TA,CZ
"Tábor,,Brisk a.s.",49.414894,14.686173,TA,CZ
"Tábor,,Camping Knížecí rybník",49.408154,14.731194,TA,CZ
"Tábor,,Černé mosty",49.41044,14.681943,TA,CZ
"Tábor,,Husova",49.40984,14.676822,TA,CZ
"Tábor,,Chýnovská",49.40795,14.690657,TA,CZ
"Tábor,,Komenského",49.40855,14.680166,TA,CZ
"Tábor,,Kotnov",49.410954,14.655309,TA,CZ
"Tábor,,Křižíkovo nám.",49.412655,14.665308,TA,CZ
"Tábor,,Lužnická U Jezu",49.411716,14.660288,TA,CZ
"Tábor,,Lužnická U Mostu",49.410316,14.657039,TA,CZ
"Tábor,,Lužnická U Přibíků",49.410133,14.668427,TA,CZ
"Tábor,,Maredova",49.402115,14.680758,TA,CZ
"Tábor,,Maredův vrch",49.40851,14.677242,TA,CZ
"Tábor,,Na Kopečku",49.40421,14.685243,TA,CZ
"Tábor,,Na Kouřimově",49.414192,14.68224,TA,CZ
"Tábor,,Na Parkánech",49.412476,14.662301,TA,CZ
"Tábor,,Nad Řekou",49.403584,14.682354,TA,CZ
"Tábor,,Náchodské sídl.",49.42227,14.659367,TA,CZ
"Tábor,,nem.",49.41962,14.651852,TA,CZ
"Tábor,,nem.hl.vchod",49.4183,14.652216,TA,CZ
"Tábor,,Nový hřbitov",49.400097,14.687689,TA,CZ
"Tábor,,Nový ráj",49.417217,14.662628,TA,CZ
"Tábor,,Petrohradská",49.423298,14.64581,TA,CZ
"Tábor,,Pintovka",49.404453,14.649434,TA,CZ
"Tábor,,Písecké rozc.",49.419525,14.660481,TA,CZ
"Tábor,,poliklinika",49.411327,14.670713,TA,CZ
"Tábor,,sídl.Nad Lužnicí",49.389225,14.688569,TA,CZ
"Tábor,,sídl.Nad Lužnicí E 55",49.388493,14.691137,TA,CZ
"Tábor,,sídl.Nad Lužnicí střed",49.390404,14.684269,TA,CZ
"Tábor,,Švehlův most",49.40887,14.651259,TA,CZ
"Tábor,,TAPA",49.40972,14.685447,TA,CZ
"Tábor,,Tržní nám.",49.415184,14.660107,TA,CZ
"Tábor,,U Reálky",49.413605,14.663204,TA,CZ
"Tábor,,U Střelnice",49.413765,14.661709,TA,CZ
"Tábor,,Údolní",49.41013,14.676999,TA,CZ
"Tábor,,Vodňanského",49.414753,14.677525,TA,CZ
"Tábor,,Vožická Elektroizola",49.416126,14.690042,TA,CZ
"Tábor,,Zavadilská",49.411785,14.684203,TA,CZ
"Tábor,,Zimní stadion",49.423702,14.650624,TA,CZ
"Tábor,,Žižkovo nám.",49.41433,14.659199,TA,CZ
"Tábor,Čekanice,dům peč.služby",49.42551,14.681345,TA,CZ
"Tábor,Čekanice,Na vyhlídce",49.42311,14.678432,TA,CZ
"Tábor,Čekanice,rozc.",49.426067,14.677436,TA,CZ
"Tábor,Čekanice,silo",49.43115,14.688318,TA,CZ
"Tábor,Čekanice,točna",49.434063,14.691023,TA,CZ
"Tábor,Čekanice,u cihelny",49.42831,14.686251,TA,CZ
"Tábor,Čekanice,V Dolinách",49.420013,14.677812,TA,CZ
"Tábor,Čekanice,žel.přejezd",49.432957,14.674292,TA,CZ
"Tábor,Čelkovice,Lázně",49.406635,14.655576,TA,CZ
"Tábor,Čelkovice,MŠ",49.409218,14.657558,TA,CZ
"Tábor,Čelkovice,U Lázní",49.404144,14.655284,TA,CZ
"Tábor,Čelkovice,U Lípy náves",49.4077,14.659433,TA,CZ
"Tábor,Čelkovice,U Zahrad bytovka",49.409813,14.661682,TA,CZ
"Tábor,Hlinice",49.429317,14.718755,TA,CZ
"Tábor,Hlinice,myslivna",49.434406,14.728857,TA,CZ
"Tábor,Hlinice,V chalupách",49.438545,14.738288,TA,CZ
"Tábor,Horky",49.4001,14.641603,TA,CZ
"Tábor,Horky,žel.zast.",49.395897,14.643113,TA,CZ
"Tábor,Klokoty",49.419052,14.644739,TA,CZ
"Tábor,Klokoty,točna",49.420788,14.642025,TA,CZ
"Tábor,Měšice,nám.",49.405743,14.701375,TA,CZ
"Tábor,Měšice,Požární útvar",49.40646,14.695514,TA,CZ
"Tábor,Měšice,V průhonu",49.404087,14.703007,TA,CZ
"Tábor,Měšice,V Zástavech",49.404488,14.714169,TA,CZ
"Tábor,Náchod,SDK",49.432835,14.658003,TA,CZ
"Tábor,Náchod,točna",49.436844,14.658732,TA,CZ
"Tábor,Stoklasná Lhota",49.448563,14.675352,TA,CZ
"Tábor,Větrovy",49.390633,14.641826,TA,CZ
"Tábor,Všechov",49.430614,14.620481,TA,CZ
"Tábor,Záluží",49.4232,14.703609,TA,CZ
"Tábor,Záluží,rozc.Hlinice",49.4267,14.713193,TA,CZ
"Tábor,Záluží,škola",49.423058,14.709,TA,CZ
"Tábor,Zárybničná Lhota",49.40724,14.742221,TA,CZ
Tálín,49.246735,14.226734,PI,CZ
Temelín,49.192593,14.349124,CB,CZ
"Temelín,,ETE aut.st.",49.18228,14.38315,CB,CZ
"Temelín,,Chema",49.195576,14.343019,CB,CZ
"Temelín,Březí u Týna,JE",49.18057,14.388618,CB,CZ
"Temelín,Kočín",49.159554,14.366402,CB,CZ
"Temelín,Kočín,rozc.1.0",49.160236,14.373558,CB,CZ
"Temelín,Kočín,transformovna",49.153736,14.36103,CB,CZ
"Temelín,Lhota p.Horami",49.18238,14.315972,CB,CZ
"Temelín,Litoradlice",49.17391,14.42299,CB,CZ
"Temelín,Pláňovy,rozc.0.4",49.188076,14.327483,CB,CZ
"Temelín,Sedlec",49.173847,14.325847,CB,CZ
"Temelín,Záluží",49.206196,14.403645,CB,CZ
"Temelín,Zvěrkovice",49.19903,14.405515,CB,CZ
Temešvár,49.355183,14.262145,PI,CZ
"Těšovice,,ObÚ",49.05268,14.022035,PT,CZ
"Těšovice,,rozc.0.5",49.051495,14.021603,PT,CZ
"Těšovice,,STS",49.04431,14.0213,PT,CZ
"Trhové Sviny,,aut.nádr.",48.839188,14.637057,CB,CZ
"Trhové Sviny,,Borovanská",48.846836,14.644653,CB,CZ
"Trhové Sviny,,garáže ČSAD",48.84417,14.629926,CB,CZ
"Trhové Sviny,,JDZ",48.837418,14.647979,CB,CZ
"Trhové Sviny,,rozc.Lniště 0.6",48.826656,14.622614,CB,CZ
"Trhové Sviny,,rozc.Ostrolovský Újezd 1.6",48.883575,14.582536,CB,CZ
"Trhové Sviny,,Svatá Trojice",48.827385,14.638009,CB,CZ
"Trhové Sviny,,Třebízského",48.842064,14.643173,CB,CZ
"Trhové Sviny,,u školy",48.842445,14.638846,CB,CZ
"Trhové Sviny,Bukvice",48.84671,14.670161,CB,CZ
"Trhové Sviny,Čeřejov,rozc.1.0",48.857754,14.615534,CB,CZ
"Trhové Sviny,Otěvěk",48.8542,14.61986,CB,CZ
"Trhové Sviny,Pěčín,rozc.1.0",48.823685,14.676547,CB,CZ
"Trhové Sviny,Rankov,rozc.1.0",48.86672,14.596422,CB,CZ
"Trhové Sviny,Rejta",48.829514,14.663469,CB,CZ
"Trhové Sviny,Třebíčko",48.863876,14.654119,CB,CZ
"Trhové Sviny,Veselka",48.876705,14.585696,CB,CZ
"Trhové Sviny,Vráž",48.862423,14.607279,CB,CZ
Třebějice,49.244347,14.818933,TA,CZ
"Třebějice,,rozc.",49.24437,14.823513,TA,CZ
Třebětice,49.047215,15.521988,JH,CZ
"Třebětice,,rozc.0.5",49.039455,15.519715,JH,CZ
Třebohostice,49.33172,13.860356,ST,CZ
"Třebohostice,Zadní Zborovice",49.330994,13.845349,ST,CZ
"Třeboň,,aut.nádr.",49.00797,14.765085,JH,CZ
"Třeboň,,Dřevnice",48.9997,14.772863,JH,CZ
"Třeboň,,Dukelská",49.00511,14.774261,JH,CZ
"Třeboň,,Husova",49.004787,14.770324,JH,CZ
"Třeboň,,Na Hliníku",49.00432,14.760159,JH,CZ
"Třeboň,,Na Kopečku",49.010525,14.784856,JH,CZ
"Třeboň,,Opatovický mlýn",48.985836,14.780089,JH,CZ
"Třeboň,,Přeseka",49.04046,14.729553,JH,CZ
"Třeboň,,Táboritská",49.010376,14.756806,JH,CZ
"Třeboň,,U myslivny",49.005417,14.808422,JH,CZ
"Třeboň,,u Penny",49.01247,14.755985,JH,CZ
"Třeboň,,U Petra a Pavla",49.008327,14.799726,JH,CZ
"Třeboň,,žel.st.",49.015205,14.76007,JH,CZ
"Třeboň,,žel.zast.",49.00683,14.777537,JH,CZ
"Třeboň,Branná",48.964024,14.785353,JH,CZ
"Třeboň,Břilice",49.017597,14.74363,JH,CZ
"Třeboň,Dvorce,lihovar",48.999207,14.729794,JH,CZ
"Třeboň,Leština",49.03427,14.857732,JH,CZ
"Třeboň,Nová Hlína",49.028732,14.800654,JH,CZ
"Třeboň,Stará Hlína",49.038387,14.8159,JH,CZ
"Třeboň,Vitmanov",49.031837,14.833832,JH,CZ
Tučapy,49.29164,14.804579,TA,CZ
"Tučapy,,Krotějov",49.27436,14.780464,TA,CZ
"Tučapy,,škola",49.28964,14.799747,TA,CZ
"Tučapy,Brandlín",49.305695,14.786832,TA,CZ
"Tučapy,Brandlín,rozc.1.0",49.302586,14.78194,TA,CZ
"Tučapy,Dvorce",49.283897,14.786741,TA,CZ
"Tučapy,Dvorce,SÚS",49.28739,14.791402,TA,CZ
Turovec,49.37708,14.768235,TA,CZ
"Turovec,,u rybníka",49.377064,14.769476,TA,CZ
"Tvrzice,,rozc.1.0",49.114277,13.96505,PT,CZ
"Týn n.Vlt.,,aut.nádr.",49.21787,14.419734,CB,CZ
"Týn n.Vlt.,,Bohunická ul.",49.21781,14.409549,CB,CZ
"Týn n.Vlt.,,Cihelny",49.239155,14.419796,CB,CZ
"Týn n.Vlt.,,ČSAD",49.227448,14.408678,CB,CZ
"Týn n.Vlt.,,Hlinecké sídl.",49.224392,14.42773,CB,CZ
"Týn n.Vlt.,,Jiráskova ul.",49.22471,14.423572,CB,CZ
"Týn n.Vlt.,,Mikrotechna",49.22212,14.427909,CB,CZ
"Týn n.Vlt.,,rozc.Záluží 0.7",49.208477,14.411232,CB,CZ
"Týn n.Vlt.,,Stavokonstrukce",49.232433,14.42147,CB,CZ
"Týn n.Vlt.,,U Koců",49.223423,14.412382,CB,CZ
"Týn n.Vlt.,Jarošovice,rozc.1.0",49.243908,14.437928,CB,CZ
"Týn n.Vlt.,Koloděje",49.251324,14.421435,CB,CZ
"Týn n.Vlt.,Netěchovice",49.25155,14.446543,CB,CZ
"Týn n.Vlt.,Nuzice",49.271664,14.455555,CB,CZ
"Týn n.Vlt.,Předčice",49.2196,14.454484,CB,CZ
"Týn n.Vlt.,Svatá Anna",49.22772,14.394614,CB,CZ
"Týn n.Vlt.,Vesce,rozc.0.5",49.260807,14.413242,CB,CZ
Újezdec,49.10621,13.964823,PT,CZ
"Újezdec,,rozc.Konopiště 1.0",49.098022,13.965525,PT,CZ
Úsilné,49.012375,14.505991,CB,CZ
Ústrašice,49.34026,14.685958,TA,CZ
Uzenice,49.47336,13.959723,ST,CZ
Uzeničky,49.488262,13.953733,ST,CZ
"Vacov,,aut.st.",49.135876,13.725542,PT,CZ
"Vacov,Čábuze",49.11461,13.713001,PT,CZ
"Vacov,Čábuze,Langův mlýn",49.109932,13.709068,PT,CZ
"Vacov,Mladíkov",49.124916,13.719232,PT,CZ
"Vacov,Přečín",49.14152,13.739845,PT,CZ
Varvažov,49.440086,14.14385,PI,CZ
"Varvažov,Štědronín,Plazy rozc.",49.429195,14.184507,PI,CZ
Včelná,48.92421,14.453844,CB,CZ
"Včelná,,Jiráskova",48.920513,14.452721,CB,CZ
"Včelná,,Pod Tratí",48.928516,14.456465,CB,CZ
"Včelná,,Točna",48.920673,14.446023,CB,CZ
"Velešín,,aut.nádr.",48.82986,14.461996,CK,CZ
"Velešín,,Na Vrších",48.822144,14.459229,CK,CZ
"Velešín,Holkov",48.846214,14.455406,CK,CZ
"Velešín,Chodeč,rozc.0.4",48.81345,14.460172,CK,CZ
Velký Ratmírov,49.17818,14.938139,JH,CZ
Vesce,49.249897,14.677627,TA,CZ
"Vesce,Čeraz,rozc.0.8",49.25036,14.684487,TA,CZ
"Veselí n.Luž.,,aut.st.",49.19368,14.715895,TA,CZ
"Veselí n.Luž.,,Hamerská",49.186146,14.702236,TA,CZ
"Veselí n.Luž.,,Chmelnice",49.189857,14.694581,TA,CZ
"Veselí n.Luž.,,Jiráskova",49.183426,14.697442,TA,CZ
"Veselí n.Luž.,,kult.dům",49.18657,14.70138,TA,CZ
"Veselí n.Luž.,,Lužan",49.202915,14.716957,TA,CZ
"Veselí n.Luž.,,Madeta",49.207153,14.717575,TA,CZ
"Veselí n.Luž.,,Prefa",49.197384,14.716194,TA,CZ
"Veselí n.Luž.,,sídliště",49.179432,14.695184,TA,CZ
"Veselí n.Luž.,,Tyršova čtvrť rozc.",49.18547,14.721329,TA,CZ
"Veselí n.Luž.,,U kina",49.187286,14.708068,TA,CZ
"Veselí n.Luž.,,V Podhájku",49.185467,14.696445,TA,CZ
"Veselí n.Luž.,Horusice",49.1644,14.669796,TA,CZ
Veselíčko,49.390144,14.358079,PI,CZ
"Veselíčko,Bílina",49.38157,14.365927,PI,CZ
Větřní,48.77643,14.289721,CK,CZ
"Větřní,,Na kopci",48.764824,14.283884,CK,CZ
"Větřní,,točna",48.770775,14.28532,CK,CZ
"Větřní,,u kostela",48.77412,14.28651,CK,CZ
"Větřní,,závod",48.779846,14.297427,CK,CZ
"Větřní,Branná",48.715687,14.342443,CK,CZ
"Větřní,Dobrné",48.766422,14.307292,CK,CZ
"Větřní,Hašlovice,rozc.",48.75104,14.318376,CK,CZ
"Větřní,Nahořany",48.719856,14.336391,CK,CZ
"Větřní,Zátoňské Dvory",48.728146,14.331978,CK,CZ
Vícemil,49.264256,14.894242,JH,CZ
"Vícemil,,rozc.1.0",49.2546,14.895336,JH,CZ
"Vidov,,Náves",48.926937,14.494538,CB,CZ
"Vidov,,obec",48.926422,14.494649,CB,CZ
"Vidov,,v domkách",48.92967,14.496831,CB,CZ
Vilice,49.564243,14.863834,TA,CZ
"Vilice,,Zátiší",49.575516,14.863549,TA,CZ
"Vilice,Hrnčíře",49.582535,14.857544,TA,CZ
"Vimperk,,aut.nádr.",49.056007,13.787143,PT,CZ
"Vimperk,,ČSAD",49.054977,13.795465,PT,CZ
"Vimperk,,Kamenná Lhota",49.059345,13.717862,PT,CZ
"Vimperk,,park",49.053,13.777866,PT,CZ
"Vimperk,,sídliště",49.059437,13.777114,PT,CZ
"Vimperk,,Sklářská",49.05795,13.784986,PT,CZ
"Vimperk,,Sloup",49.06289,13.738021,PT,CZ
"Vimperk,,Špidrova",49.052895,13.805809,PT,CZ
"Vimperk,,U Hospůdky",49.06747,13.724003,PT,CZ
"Vimperk,,ZZN",49.051075,13.772142,PT,CZ
"Vimperk,Arnoštka",49.002342,13.766582,PT,CZ
"Vimperk,Klášterec,rozc.1.0",49.040913,13.760589,PT,CZ
"Vimperk,Korkusova Huť",49.015457,13.768985,PT,CZ
"Vimperk,Solná Lhota",49.031532,13.762841,PT,CZ
Vitějovice,49.04809,14.071994,PT,CZ
"Vitějovice,,rozc.1.0",49.055717,14.074545,PT,CZ
Vitín,49.089603,14.547298,CB,CZ
"Vitín,,Zadní díly",49.085907,14.54235,CB,CZ
Vlachovo Březí,49.0815,13.959078,PT,CZ
Vlastec,49.364964,14.21126,PI,CZ
Vlastiboř,49.257538,14.636693,TA,CZ
"Vlastiboř,Svinky",49.270535,14.618821,TA,CZ
"Vlastiboř,Svinky,rozc.1.0",49.278748,14.61119,TA,CZ
"Vlastiboř,Záluží",49.24867,14.658286,TA,CZ
"Vlčetínec,,rozc.2.0",49.27113,15.068821,JH,CZ
Vlčeves,49.358837,14.900302,TA,CZ
"Vlčeves,Svatá Anna",49.37209,14.898849,TA,CZ
"Vlksice,,rozc.0.8",49.474815,14.446778,PI,CZ
"Vodňany,,aut.nádr.",49.146423,14.177908,ST,CZ
"Vodňany,,Motor",49.143005,14.182459,ST,CZ
"Vodňany,,rybářská škola",49.159973,14.175118,ST,CZ
"Vodňany,,škola",49.147575,14.168304,ST,CZ
"Vodňany,Hvožďany",49.121574,14.191703,ST,CZ
"Vodňany,Pražák",49.147713,14.140231,ST,CZ
"Vodňany,Radčice,rozc.0.5",49.171,14.193005,ST,CZ
"Vodňany,Újezd,u transf.",49.126102,14.190326,ST,CZ
"Volary,,aut.nádr.",48.909653,13.891557,PT,CZ
"Volary,,Soumarský Most rozc.0.5",48.911285,13.833624,PT,CZ
Volenice,49.253258,13.748595,ST,CZ
"Volenice,Tažovice",49.232334,13.760914,ST,CZ
"Volenice,Vojnice",49.225643,13.708252,ST,CZ
Volfířov,49.106342,15.374496,JH,CZ
"Volfířov,Brandlín",49.142075,15.315756,JH,CZ
"Volfířov,Brandlín,Chytrov",49.14651,15.305304,JH,CZ
"Volfířov,Řečice",49.13804,15.369329,JH,CZ
"Volfířov,Šach,rozc.1.0",49.12528,15.370107,JH,CZ
"Volfířov,Velká Lhota",49.1408,15.33513,JH,CZ
"Volfířov,Velká Lhota,škola",49.13947,15.341557,JH,CZ
"Volyně,,nám.",49.166008,13.885653,ST,CZ
"Volyně,Černětice",49.143776,13.911784,ST,CZ
"Vrábče,,Nová hospoda",48.923225,14.373597,CB,CZ
"Vrábče,,žel.zast.",48.91723,14.357643,CB,CZ
"Vrábče,Slavče,rozc.2.0",48.914204,14.348071,CB,CZ
Vráto,48.987663,14.526209,CB,CZ
"Vráto,,Zastávka",48.98647,14.520495,CB,CZ
Vrbice,49.141285,13.716094,PT,CZ
Všemyslice,49.215633,14.357245,CB,CZ
"Všemyslice,,rozc.0.5",49.22021,14.355183,CB,CZ
"Všemyslice,Bohunice",49.210697,14.381624,CB,CZ
"Všemyslice,Bohunice,u žel.zast.",49.2134,14.391521,CB,CZ
"Všemyslice,Karlov",49.22452,14.339157,CB,CZ
"Všemyslice,Neznašov",49.231976,14.378842,CB,CZ
"Všemyslice,Neznašov,U cihelny",49.230896,14.372362,CB,CZ
"Všemyslice,Neznašov,U Myšáků",49.22905,14.366916,CB,CZ
"Všemyslice,Slavětice",49.224167,14.352316,CB,CZ
"Všemyslice,Všeteč",49.228107,14.327994,CB,CZ
"Všemyslice,Všeteč,Kopanina",49.234116,14.322393,CB,CZ
Vydří,49.092148,14.945902,JH,CZ
"Vyšší Brod,,Čertova Stěna rozc.",48.629364,14.27984,CK,CZ
"Vyšší Brod,,klášter",48.62244,14.306449,CK,CZ
"Vyšší Brod,,nám.",48.616955,14.311174,CK,CZ
"Vyšší Brod,,žel.st.",48.62338,14.308513,CK,CZ
"Vyšší Brod,Herbertov",48.62023,14.350938,CK,CZ
"Vyšší Brod,Studánky",48.590645,14.325887,CK,CZ
"Vyšší Brod,Těchoraz",48.618614,14.323021,CK,CZ
Záblatí,48.998108,13.931083,PT,CZ
Záboří,49.37777,13.82873,ST,CZ
Záboří,48.990444,14.266044,CB,CZ
"Záboří,Dobčice,rozc.0.5",48.997746,14.237864,CB,CZ
"Záboří,Lipanovice,rozc.1.0",48.979626,14.262859,CB,CZ
"Zábrdí,,rozc.0.5",49.025948,13.929966,PT,CZ
Zahájí,49.089485,14.370793,CB,CZ
"Zahájí,,havírna",49.07927,14.381166,CB,CZ
"Záhoří,Horní Záhoří",49.343147,14.213843,PI,CZ
"Záhoří,Horní Záhoří,ObÚ",49.343395,14.212289,PI,CZ
"Záhoří,Jamný,rozc.",49.34873,14.244515,PI,CZ
Zahrádky,49.20048,15.241744,JH,CZ
"Zahrádky,Horní Dvorce",49.185272,15.24117,JH,CZ
Zálší,49.215714,14.59799,TA,CZ
"Zbytiny,Blažejovice",48.95408,13.95357,PT,CZ
"Zdíkov,,aut.st.",49.08567,13.696736,PT,CZ
"Zdíkov,,rozc.Nové Hutě 1.0",49.04801,13.664892,PT,CZ
"Zdíkov,Branišov,rozc.1.0",49.105072,13.700615,PT,CZ
"Zdíkov,Zdíkovec",49.09632,13.691037,PT,CZ
"Zdíkov,Zdíkovec,Dřevopodnik",49.099373,13.67643,PT,CZ
"Zdíkov,Zdíkovec,rozc.0.5",49.09948,13.689909,PT,CZ
Zhoř u Ml.Vožice,49.54369,14.763679,TA,CZ
Zhoř u Tábora,49.357155,14.657532,TA,CZ
"Zhoř,Březí,rozc.0.3",49.502094,14.363331,PI,CZ
"Zhoř,Zbislav,rozc.0.5",49.491795,14.363958,PI,CZ
"Zlatá Koruna,,u nádraží",48.85288,14.356928,CK,CZ
"Zlatá Koruna,Harazim",48.847713,14.380662,CK,CZ
"Zlatá Koruna,Letná",48.850693,14.349957,CK,CZ
"Zlatá Koruna,Plešovice,dráha",48.86484,14.347575,CK,CZ
"Zlatá Koruna,Plešovice,Zátiší",48.858723,14.345271,CK,CZ
"Zlatá Koruna,Rájov",48.844376,14.365872,CK,CZ
Zlukov,49.193314,14.744347,TA,CZ
"Zlukov,,Pazderny",49.189247,14.742345,TA,CZ
"Zubčice,,myslivna",48.788097,14.418043,CK,CZ
"Zubčice,,rozc.0.2",48.794567,14.411691,CK,CZ
Zvěrotice,49.270622,14.745609,TA,CZ
Zvíkov,48.981243,14.614208,CB,CZ
"Zvíkov,,rozc.0.5",48.804405,14.457893,CK,CZ
Zvíkovské Podhradí,49.425064,14.202262,PI,CZ
"Zvíkovské Podhradí,,rozc.",49.42381,14.202527,PI,CZ
Zvotoky,49.2114,13.757201,ST,CZ
Žabovřesky,49.002502,14.334716,CB,CZ
Žár,48.80684,14.708399,CB,CZ
"Žár,,rozc.Svaryšov 0.2",48.79781,14.732801,CB,CZ
Žárovná,49.049706,13.896626,PT,CZ
Žďár,49.23273,14.225458,PI,CZ
Žďár,49.25652,15.075676,JH,CZ
Želeč,49.318542,14.646681,TA,CZ
"Želeč,,u bytovek",49.313732,14.64456,TA,CZ
"Želeč,,Větrovy",49.320656,14.650334,TA,CZ
Želnava,48.81104,13.964334,PT,CZ
"Žernovice,,rozc.0.5",49.03239,14.039826,PT,CZ
Žimutice,49.204525,14.510457,CB,CZ
Žíšov,49.200153,14.693561,TA,CZ
"Žíšov,,II",49.19782,14.695024,TA,CZ
Županovice,48.95708,15.506136,JH,CZ
