Běleč,50.1975961,15.9421532,HK,CZ,S
"Bodenmais,Bretterschachten Langlaufzentrum",49.0739769,13.1564226,,D,S
"Bodenmais,Cafe Winklstüberl",49.067333,13.1096273,,D,S
"Bodenmais,Hotel Waldeck",49.0673379,13.1113927,,D,S
"Havlíčkův Brod,Občiny",49.5915003,15.5481125,HB,CZ,S
Heimhof (Ri Schwarzenbach),49.8118868,12.4129215,,D,S
"Jaworzynka,Trzycatek",49.5238051,18.8571395,,PL,S
Kaceřov,50.1489251,12.5042876,SO,CZ,T
Lodermühl,49.8584449,12.3538413,,D,S
Schwarzenbach b.Tirschenreuth,49.8396767,12.3809632,,D,S
"Slatinice,Lípy,rozc.u studánky",49.5435637,17.1035116,OL,CZ,S
"Tännersreuth,Abzw",49.8336194,12.3944936,,D,S
"Waldmünchen,TV-Halle",49.3768966,12.703312,,D,S
"Wisla,Oaza",49.64731353333334,18.867641133333333,,PL,S
"Rožnov p.Radh.,1.máje",49.46204835,18.1311039,VS,CZ,S
"Rožnov p.Radh.,U bazénu",49.4646907,18.1281533,VS,CZ,S
"Rožnov p.Radh.,Koryčanské paseky",49.4642413,18.1265033,VS,CZ,S
