"Ostrava,Hlavní nádraží",49.85055200440394,18.268441009548248,OV
"Ostrava,Hlavní nádraží",49.851332004606235,18.268149008657392,OV
"Ostrava,Hlavní nádraží",49.850321004288645,18.268192008448054,OV
"Ostrava,Hlavní nádraží",49.850689004412665,18.267995008532225,OV
"Ostrava,Náměstí S.Čecha",49.85001100463683,18.272677009208753,OV
"Ostrava,Náměstí S.Čecha",49.85004500420383,18.27377300871741,OV
"Ostrava,Muglinovská",49.84901900443172,18.278012008641852,OV
"Ostrava,Muglinovská",49.84957100402055,18.277583009177455,OV
"Ostrava,Muglinovská",49.84868600396567,18.278576008997653,OV
"Ostrava,Křižíkova",49.84550300408123,18.28043000878951,OV
"Ostrava,Křižíkova",49.84608500456584,18.280305008604053,OV
"Ostrava,Křižíkova",49.84483100436757,18.28041000919196,OV
"Ostrava,Důl Jindřich",49.840056004390284,18.283721008432263,OV
"Ostrava,Důl Jindřich",49.840610004608976,18.28342800940347,OV
"Ostrava,Stodolní",49.83672100460458,18.28573800822088,OV
"Ostrava,Stodolní",49.83680500448718,18.285908009066333,OV
"Ostrava,Elektra",49.8342760046427,18.287953008905006,OV
"Ostrava,Elektra",49.83482400425191,18.287782009491675,OV
"Ostrava,Náměstí Republiky",49.83161500427738,18.279876009278233,OV
"Ostrava,Náměstí Republiky",49.8316550040018,18.280740008901542,OV
"Ostrava,Náměstí Republiky",49.831693004479874,18.279855009528035,OV
"Ostrava,Náměstí Republiky",49.831853004468634,18.278055009345742,OV
"Ostrava,Náměstí Republiky",49.832004003938344,18.27847100859285,OV
"Ostrava,Don Bosco",49.82665600408172,18.27855900925202,OV
"Ostrava,Don Bosco",49.827761004298246,18.27873700931782,OV
"Ostrava,Dolní Vítkovice Hlubina",49.822855004066135,18.277265008919592,OV
"Ostrava,Dolní Vítkovice Hlubina",49.82334200453806,18.277854009155643,OV
"Ostrava,Dolní Vítkovice",49.81785200403302,18.275523009302308,OV
"Ostrava,Dolní Vítkovice",49.81844400457621,18.27556300948447,OV
"Ostrava,Dolní Vítkovice",49.818272004571774,18.277679008326455,OV
"Ostrava,Vítkovice,Mírové nám.",49.81438600456087,18.264781008619945,OV
"Ostrava,Vítkovice,Mírové nám.",49.8147560042036,18.26609600875399,OV
"Ostrava,Vítkovice,Mírové nám.",49.815504004227094,18.268349009020866,OV
"Ostrava,Vítkovice,Mírové nám.",49.815202003891635,18.26792700885002,OV
"Ostrava,Vítkovice,Mírové nám.",49.813686004613224,18.26494400854324,OV
"Ostrava,Vítkovice,Mírové nám.",49.81364500395723,18.267219008857786,OV
"Ostrava,Vítkovice,Mírové nám.",49.814466004199545,18.266772009263818,OV
"Ostrava,Stará ocelárna",49.81155900460582,18.25856500917161,OV
"Ostrava,Stará ocelárna",49.81181000431914,18.25929500856114,OV
"Ostrava,Stará ocelárna",49.81314800427083,18.261930008914565,OV
"Ostrava,Stará ocelárna",49.812072004617406,18.25995700942015,OV
"Ostrava,Ředitel.Vítkovic",49.80867300463817,18.252643009112756,OV
"Ostrava,Ředitel.Vítkovic",49.80797100399825,18.251425009295307,OV
"Ostrava,Ředitel.Vítkovic",49.808386004185245,18.251980009330214,OV
"Ostrava,Ředitel.Vítkovic",49.80891800393488,18.25342000866088,OV
"Ostrava,Městský stadion",49.80274800406973,18.255403008872563,OV
"Ostrava,Městský stadion",49.803055004215565,18.25462900833952,OV
"Ostrava,Městský stadion",49.80279300407356,18.259104008271226,OV
"Ostrava,Městský stadion",49.80114400448271,18.255656008981703,OV
"Ostrava,Most Čs. armády",49.79916600387531,18.260610008384475,OV
"Ostrava,Most Čs. armády",49.79973100451749,18.260313009032643,OV
"Ostrava,Nádraží Vítkovice",49.80066500425105,18.26200800883006,OV
"Ostrava,Nádraží Vítkovice",49.800259004286296,18.26235800825716,OV
"Ostrava,Nádraží Vítkovice",49.79979400389179,18.26381700952945,OV
"Ostrava,Nádraží Vítkovice",49.79970800394532,18.263128009587184,OV
"Ostrava,Nádraží Vítkovice",49.79990400458759,18.261541009267383,OV
"Ostrava,Nádraží Vítkovice",49.800275003916134,18.261250008974258,OV
"Ostrava,Nádraží Vítkovice",49.800754004043675,18.26298900907583,OV
"Ostrava,Nádraží Vítkovice",49.800783003969016,18.262985008760207,OV
"Ostrava,Rodinná",49.79750800428772,18.249603008688045,OV
"Ostrava,Rodinná",49.79759100394796,18.250320008225078,OV
"Ostrava,Rodinná",49.79661400388919,18.24863600872435,OV
"Ostrava,Rodinná",49.7969540045232,18.248626008152605,OV
"Ostrava,Rodinná",49.79671100402311,18.2492550086369,OV
"Ostrava,Rodinná",49.79699500457139,18.249299009274825,OV
"Ostrava,Kpt.Vajdy",49.79621500388888,18.244684009051017,OV
"Ostrava,Kpt.Vajdy",49.79614600447531,18.245790009435712,OV
"Ostrava,Rodimcevova",49.79548800388499,18.238119009074996,OV
"Ostrava,Rodimcevova",49.795488004209865,18.238774009491358,OV
"Ostrava,Zábřeh,vodárna",49.79408700403611,18.231988009321142,OV
"Ostrava,Zábřeh,vodárna",49.794504004207724,18.232593009469134,OV
"Ostrava,Kotva",49.79089600445745,18.228602008565897,OV
"Ostrava,Kotva",49.79131700435969,18.22920400833864,OV
"Ostrava,Kotva",49.791530003894316,18.23067800873851,OV
"Ostrava,Kotva",49.79116700425256,18.231259008718713,OV
"Ostrava,Kotva",49.79113000439627,18.22868900864594,OV
"Ostrava,Kino Luna",49.787147003897815,18.2258140094227,OV
"Ostrava,Kino Luna",49.78764400409693,18.226151009221553,OV
"Ostrava,Kino Luna",49.788484004391776,18.22622700912502,OV
"Ostrava,Kino Luna",49.78811800426768,18.2265220084066,OV
"Ostrava,29.dubna",49.78115900374395,18.22324100846667,OV
"Ostrava,29.dubna",49.781554004505935,18.22351600852492,OV
"Ostrava,29.dubna",49.78010200396951,18.222779009141174,OV
"Ostrava,29.dubna",49.78021100437403,18.223267009264713,OV
"Ostrava,Nové Výškovice",49.77767900455412,18.22280900878865,OV
"Ostrava,Nové Výškovice",49.778036004328435,18.222938008283183,OV
"Ostrava,Výškovice",49.77383700456745,18.22288000876945,OV
"Ostrava,Výškovice",49.77420400429572,18.22300800866717,OV
"Ostrava,Výškovice",49.77501100382019,18.222678009022815,OV
"Ostrava,Výškovice",49.77662600408107,18.223140009409402,OV
"Ostrava,Výškovice",49.774199003966075,18.223167008862934,OV
"Ostrava,Poruba,Vřesinská",49.822518004624534,18.158685008538875,OV
"Ostrava,Poruba,Vřesinská",49.82221000422715,18.15858000882187,OV
"Ostrava,Poruba,Vřesinská",49.82257000455089,18.158264009047603,OV
"Ostrava,Poruba,Vřesinská",49.822115004287696,18.158517008512863,OV
"Ostrava,Fakultní nemocnice",49.82665500382032,18.161536008204763,OV
"Ostrava,Fakultní nemocnice",49.82651800461079,18.161589008262666,OV
"Ostrava,Fakultní nemocnice",49.82918000448258,18.162968009303697,OV
"Ostrava,Fakultní nemocnice",49.82762100398315,18.162363009522235,OV
"Ostrava,Hlavní třída",49.83124600442778,18.16432400919036,OV
"Ostrava,Hlavní třída",49.830529003944704,18.164009009206104,OV
"Ostrava,Rektorát VŠB",49.8340310043919,18.1660090088263,OV
"Ostrava,Rektorát VŠB",49.83456200429835,18.16787300899382,OV
"Ostrava,Rektorát VŠB",49.833688004329204,18.16559700859187,OV
"Ostrava,Rektorát VŠB",49.83341000416165,18.165840008151072,OV
"Ostrava,Poruba,vozovna",49.832489004079775,18.17638600849342,OV
"Ostrava,Poruba,vozovna",49.83267200453161,18.175345009146557,OV
"Ostrava,Poruba,vozovna",49.83340300387851,18.17638700894161,OV
"Ostrava,Poruba,vozovna",49.831724003990686,18.175110008212172,OV
"Ostrava,Poruba,vozovna",49.83368700415179,18.172155008615213,OV
"Ostrava,Poruba,vozovna",49.833081004335185,18.173401009328465,OV
"Ostrava,Telekom.škola",49.83010800388542,18.185726009359485,OV
"Ostrava,Telekom.škola",49.82980300427057,18.186595008581328,OV
"Ostrava,Třebovická",49.82826500441659,18.193001008814488,OV
"Ostrava,Třebovická",49.82826600434564,18.19262300868787,OV
"Ostrava,Třebovická",49.82831200428331,18.195935008161392,OV
"Ostrava,Třebovická",49.828298004452336,18.19578300864031,OV
"Ostrava,Svinov,mosty",49.82443500394662,18.209346009469474,OV
"Ostrava,Svinov,mosty",49.824196004027456,18.210402009124277,OV
"Ostrava,Svinov,mosty",49.82453000408802,18.209846008528913,OV
"Ostrava,Svinov,mosty",49.82403500453022,18.210435009318093,OV
"Ostrava,Svinov,mosty",49.82419900452069,18.210656008881895,OV
"Ostrava,Svinov,mosty",49.82418300398295,18.210757008527107,OV
"Ostrava,Nová Ves,vodárna",49.82402100436629,18.232955008917113,OV
"Ostrava,Nová Ves,vodárna",49.823921004230414,18.2328480094554,OV
"Ostrava,Nová Ves,vodárna",49.82384500423814,18.23479700870548,OV
"Ostrava,Nová Ves,vodárna",49.823263004134475,18.234955008374964,OV
"Ostrava,Nová Ves,vodárna",49.82573800388296,18.233627008259734,OV
"Ostrava,Nová Ves,vodárna",49.82552800438201,18.234269008170045,OV
"Ostrava,Nová Ves,vodárna",49.824235004637636,18.233451008850256,OV
"Ostrava,Nová Ves,vodárna",49.824421004290755,18.235937008736805,OV
"Ostrava,Hulváky",49.82589500409956,18.24397600820836,OV
"Ostrava,Hulváky",49.82591800410845,18.244290009532595,OV
"Ostrava,Hulváky",49.82620200428136,18.24427900868338,OV
"Ostrava,Hulváky",49.82647200431947,18.243666008474325,OV
"Ostrava,Hulváky",49.82643900376182,18.243513008490993,OV
"Ostrava,Prostorná",49.82685400431549,18.249927008319283,OV
"Ostrava,Prostorná",49.82696200452504,18.250845008480827,OV
"Ostrava,Mariánské náměstí",49.827852004325706,18.256177009408514,OV
"Ostrava,Mariánské náměstí",49.82825900450355,18.259291008542252,OV
"Ostrava,Mariánské náměstí",49.82708300421139,18.258275009538767,OV
"Ostrava,Mariánské náměstí",49.82886700448296,18.25657800939891,OV
"Ostrava,Mariánské náměstí",49.82865500427354,18.25702900937615,OV
"Ostrava,Železárenská",49.822394004120206,18.26146400829237,OV
"Ostrava,Železárenská",49.82291300413317,18.261327009246646,OV
"Ostrava,Pohraniční",49.81874800406282,18.263911008456486,OV
"Ostrava,Pohraniční",49.818587003855086,18.264261008474143,OV
"Ostrava,Martinov",49.853766004502276,18.18304400841346,OV
"Ostrava,Martinov",49.85345900445236,18.183006008988038,OV
"Ostrava,Martinov",49.85351500442737,18.182673008746978,OV
"Ostrava,Martinov",49.85247300445497,18.18322800865732,OV
"Ostrava,Dílny DP Ostrava",49.846830004317425,18.18223600890854,OV
"Ostrava,Dílny DP Ostrava",49.84632600385136,18.18213200882882,OV
"Ostrava,Dílny DP Ostrava",49.84683100411969,18.18212200869791,OV
"Ostrava,Dílny DP Ostrava",49.84734500398929,18.181950008657196,OV
"Ostrava,Dílny DP Ostrava",49.848297004445406,18.18154300832371,OV
"Ostrava,Dílny DP Ostrava",49.84846400458633,18.181278009183192,OV
"Ostrava,Dílny DP Ostrava",49.84723900441344,18.182908008143233,OV
"Ostrava,Bedřicha Nikodéma",49.842281004360565,18.182719008405076,OV
"Ostrava,Bedřicha Nikodéma",49.84177000447124,18.182896008352973,OV
"Ostrava,Bedřicha Nikodéma",49.84274300402916,18.182720009489053,OV
"Ostrava,Bedřicha Nikodéma",49.84349400388473,18.181992009489516,OV
"Ostrava,Bedřicha Nikodéma",49.84128300380742,18.181828008457305,OV
"Ostrava,Bedřicha Nikodéma",49.841231004295224,18.18229900845737,OV
"Ostrava,Čistírny",49.83913000430528,18.187293008976347,OV
"Ostrava,Čistírny",49.83877900392151,18.18772300914255,OV
"Ostrava,Čistírny",49.83916200426202,18.18753600932524,OV
"Ostrava,Čistírny",49.83919100415938,18.186744008984725,OV
"Ostrava,Sokolovská",49.833881004520585,18.188352009414935,OV
"Ostrava,Sokolovská",49.833500004609505,18.187807008133817,OV
"Ostrava,Dům energetiky",49.82927300461143,18.265131008629385,OV
"Ostrava,Dům energetiky",49.82915300430051,18.26495500938777,OV
"Ostrava,Dům energetiky",49.82831300442893,18.26390900902462,OV
"Ostrava,Dům energetiky",49.82982000393186,18.263615008336497,OV
"Ostrava,Krajský úřad",49.83038800410179,18.272191008511136,OV
"Ostrava,Krajský úřad",49.83045800414187,18.273021008819754,OV
"Ostrava,Sad B.Němcové",49.850695004483434,18.277049009148733,OV
"Ostrava,Sad B.Němcové",49.85105100425959,18.277495009089527,OV
"Ostrava,Sad B.Němcové",49.8507820042888,18.277534008281442,OV
"Ostrava,Sad B.Němcové",49.850322004146186,18.279644009150946,OV
"Ostrava,Sad B.Němcové",49.85166700399887,18.280138009062682,OV
"Ostrava,Sad B.Němcové",49.85338800424751,18.275901008687224,OV
"Ostrava,Sad B.Němcové",49.85203300378187,18.277106008614517,OV
"Ostrava,Důl Odra",49.8572940038294,18.27230400894877,OV
"Ostrava,Důl Odra",49.85771900445282,18.27208900828181,OV
"Ostrava,Důl Odra",49.85648900447355,18.27273200911369,OV
"Ostrava,Důl Odra",49.85676000425604,18.272902008470137,OV
"Petřvald,základní škola",49.82464500378569,18.383413009636133,KA
"Ostrava,Přívoz,Hlučínská",49.86037600422846,18.264929008307018,OV
"Ostrava,Přívoz,Hlučínská",49.86061600408721,18.265602008301002,OV
"Ostrava,Přívoz,Hlučínská",49.86038100459591,18.26390200926966,OV
"Ostrava,Přívoz,Hlučínská",49.86050800434148,18.264316008474577,OV
"Ostrava,Přívoz,Hlučínská",49.85917300437133,18.264240008210013,OV
"Ostrava,Přívoz,Hlučínská",49.85900700456569,18.263556008705237,OV
"Ostrava,Poruba,koupaliště",49.82450100407381,18.14601100871179,OV
"Ostrava,Poruba,koupaliště",49.82425300470504,18.1464280092931,OV
Vřesina,49.82743600439024,18.129012008343658,OV
Vřesina,49.82738200462455,18.128840008518175,OV
"Vřesina,Nová Plzeň",49.83062100434059,18.1240620082459,OV
"Vřesina,Nová Plzeň",49.830470003940455,18.12436300951464,OV
"Ostrava,Krásné Pole",49.833879004350614,18.113264008311166,OV
"Ostrava,Krásné Pole",49.83372300408496,18.113784009314575,OV
"Dolní Lhota,U Obory",49.83580300458665,18.095077008412314,OV
"Dolní Lhota,U Obory",49.83577400393061,18.09496900946685,OV
Dolní Lhota,49.8371790046107,18.087917008126066,OV
Dolní Lhota,49.837040004169005,18.088316008351153,OV
Horní Lhota,49.842919004248714,18.061300008760632,OV
Horní Lhota,49.842967003884894,18.061077008656024,OV
"Budišovice,Zátiší",49.84930700439443,18.051314008542974,OP
"Budišovice,Zátiší",49.84905800401866,18.05142700817529,OP
"Ostrava,Střelnice",49.81984700422681,18.23645500850084,OV
"Ostrava,Střelnice",49.82043400407097,18.236387008433024,OV
"Ostrava,Ferona",49.81399500407156,18.239711009310213,OV
"Ostrava,Ferona",49.81450100447492,18.239239009060967,OV
"Ostrava,Hulvácká",49.81050300439169,18.243346008904197,OV
"Ostrava,Hulvácká",49.81104800410504,18.24314300828093,OV
"Ostrava,Palkovského",49.80774700437437,18.247488008162268,OV
"Ostrava,Palkovského",49.808208004514576,18.247057008555263,OV
"Ostrava,Výstaviště",49.83304100453289,18.2910110088704,OV
"Ostrava,Výstaviště",49.832703004231604,18.291767008266657,OV
"Ostrava,Výstaviště",49.83330900451788,18.289988008324762,OV
"Ostrava,Výstaviště",49.8335220042325,18.290310009235654,OV
"Ostrava,Výstaviště",49.8329490038992,18.290022009512068,OV
"Ostrava,Důl Zárubek",49.828045004394305,18.301376009296266,OV
"Ostrava,Důl Zárubek",49.82782700437408,18.302128008377018,OV
"Ostrava,Důl Zárubek",49.827732004575644,18.301272008706857,OV
"Ostrava,Důl Zárubek",49.82845100402135,18.301129008349832,OV
"Ostrava,Hranečník",49.823864004268934,18.31804100822252,OV
"Ostrava,Hranečník",49.82435900448086,18.31940900826394,OV
"Ostrava,Hranečník",49.824465003787566,18.318615009330593,OV
"Ostrava,Hranečník",49.823752004376566,18.318328008901194,OV
"Ostrava,Hranečník",49.82448200422502,18.319506008640598,OV
"Ostrava,Teplotechna",49.82121200449017,18.31488900879798,OV
"Ostrava,Teplotechna",49.82111500407232,18.314028008551773,OV
"Ostrava,Osada Míru",49.811506003924926,18.305463009420844,OV
"Ostrava,Osada Míru",49.81230900446563,18.305513009154346,OV
"Ostrava,Osada Míru",49.811521004014324,18.30552100905248,OV
"Ostrava,Osada Míru",49.812301004013094,18.30544600887339,OV
"Ostrava,Vratimovská",49.80546100432698,18.30430600832738,OV
"Ostrava,Vratimovská",49.804959003780006,18.304111008380954,OV
"Ostrava,Vratimovská",49.804504003956986,18.301774008715956,OV
"Ostrava,Vratimovská",49.80439100430963,18.301961008487073,OV
"Ostrava,Vratimovská",49.80439100430963,18.301961008487073,OV
"Ostrava,Nová huť učiliště",49.80002400450754,18.304083009426314,OV
"Ostrava,Nová huť učiliště",49.800962003910236,18.30399100939488,OV
"Ostrava,Nová huť učiliště",49.80149800382413,18.304195008347612,OV
"Ostrava,Nová huť učiliště",49.79986100436023,18.303907008231647,OV
"Ostrava,Nová huť hl.brána",49.797341003920394,18.303176008322453,OV
"Ostrava,Nová huť hl.brána",49.797045004434565,18.302670008557183,OV
"Ostrava,Nová huť hl.brána",49.798109003919436,18.30418600919957,OV
"Ostrava,Nová huť hl.brána",49.79745300374357,18.303967008613085,OV
"Ostrava,Nová huť hl.brána",49.797084004036876,18.304006008480744,OV
"Ostrava,Nová huť hl.brána",49.79684500444486,18.303054009206512,OV
"Ostrava,Nová huť hl.brána",49.7972970039632,18.302568008493704,OV
"Ostrava,Nová huť garáže",49.79343100385497,18.299491008270987,OV
"Ostrava,Nová huť garáže",49.794914004190765,18.30000100909224,OV
"Ostrava,Nová huť již.brána",49.791862004539965,18.299207008907025,OV
"Ostrava,Nová huť již.brána",49.791957004126544,18.29922400863438,OV
"Ostrava,Nová huť již.brána",49.79222100437955,18.29855200873474,OV
"Ostrava,Nová huť již.brána",49.79177500402937,18.298970008544806,OV
"Ostrava,Svornosti",49.78524100375728,18.229953009059027,OV
"Ostrava,Svornosti",49.7854380040514,18.229595008331366,OV
"Ostrava,Zábřeh",49.783782004174235,18.235323008766322,OV
"Ostrava,Zábřeh",49.78399100385179,18.235243008717088,OV
"Ostrava,Hotel Bělský les",49.79239700416167,18.248126009210523,OV
"Ostrava,Hotel Bělský les",49.79257300438518,18.248732008903566,OV
"Ostrava,Hotel.dům Hlubina",49.786962004265646,18.256010008958643,OV
"Ostrava,Hotel.dům Hlubina",49.7865850043771,18.256205008299485,OV
"Ostrava,Hotel.dům Hlubina",49.78713300383478,18.256313009475537,OV
"Ostrava,Hotel.dům Hlubina",49.78703100413771,18.255783008708182,OV
"Ostrava,Josefa Kotase",49.78328200417633,18.255552008666555,OV
"Ostrava,Josefa Kotase",49.783727004486785,18.256113008401464,OV
"Ostrava,Josefa Kotase",49.78369300422419,18.25619000891361,OV
"Ostrava,Josefa Kotase",49.78369200427793,18.25636600817908,OV
"Ostrava,Jubilejní kolonie",49.79427200440347,18.265563008856297,OV
"Ostrava,Jubilejní kolonie",49.794519004565366,18.265375008940772,OV
"Ostrava,Provaznická",49.78996500387061,18.271057009614502,OV
"Ostrava,Provaznická",49.79047900456463,18.27081500852294,OV
"Ostrava,Hrabůvka,kostel",49.78638600415719,18.266605009544357,OV
"Ostrava,Hrabůvka,kostel",49.78645600410084,18.267355008287833,OV
"Ostrava,Hrabůvka,kostel",49.78652700389129,18.26651100828216,OV
"Ostrava,Hrabůvka,kostel",49.786078004059355,18.266381008354227,OV
"Ostrava,Hrabůvka,Poliklinika",49.78489400439771,18.259707008744854,OV
"Ostrava,Hrabůvka,Poliklinika",49.785005003922684,18.26059600946305,OV
"Ostrava,Hrabůvka,Poliklinika",49.785153004539055,18.260106008311745,OV
"Ostrava,Hrabůvka,Poliklinika",49.78459900432751,18.259518009393684,OV
"Ostrava,Dolní",49.80537400378841,18.244691009147356,OV
"Ostrava,Dolní",49.80580500414757,18.244673008697614,OV
"Ostrava,Tylova",49.80115900453442,18.24655900899481,OV
"Ostrava,Tylova",49.80160000396195,18.246481008669743,OV
"Ostrava,Domov sester",49.82602900462783,18.160159008577008,OV
"Ostrava,Domov sester",49.8261480041452,18.160162008323177,OV
"Ostrava,Hrabová,Tesco",49.77420600383234,18.265743009190338,OV
"Ostrava,Hrabová,Tesco",49.77411900413894,18.265544009206113,OV
"Ostrava,Hrabová,Tesco",49.77351700461222,18.2658790088567,OV
"Ostrava,Šídlovec",49.77915500390864,18.276401009200352,OV
"Ostrava,Šídlovec",49.77911900380548,18.27693200882866,OV
"Ostrava,Šídlovec",49.77890900402455,18.275664009068656,OV
"Ostrava,Šídlovec",49.7786930045895,18.275268008574447,OV
"Ostrava,Hrabová,Kostelík",49.77376100391789,18.28266800825285,OV
"Ostrava,Hrabová,Kostelík",49.77332000438872,18.28318000938384,OV
"Ostrava,Mostní",49.769875004421664,18.288174008773282,OV
"Ostrava,Mostní",49.768901004522434,18.28870000847629,OV
"Ostrava,Staviva",49.77493300394217,18.294936008286374,OV
"Ostrava,Staviva",49.77510100434673,18.2950430085587,OV
"Ostrava,Technoplyn",49.779601003980126,18.290729008383543,OV
"Ostrava,Technoplyn",49.77987400422043,18.290822008611663,OV
"Ostrava,Areál OZO",49.785841003796996,18.288089009004093,OV
"Ostrava,Areál OZO",49.785424004102566,18.28834000880196,OV
"Ostrava,Kunčice,škola",49.79259700459604,18.288240008888895,OV
"Ostrava,Kunčice,škola",49.79275500448749,18.288610009092135,OV
"Ostrava,Dřevoprodej",49.791864003792845,18.27139800930354,OV
"Ostrava,Dřevoprodej",49.79160200436495,18.271513009482852,OV
"Ostrava,Dřevoprodej",49.79187900391345,18.271565009257376,OV
"Ostrava,Dřevoprodej",49.7921490040611,18.27193200910631,OV
"Ostrava,U Chladičů",49.81461700408242,18.273625009557446,OV
"Ostrava,Nová huť Zářičí",49.79755300453637,18.328841009438072,OV
"Ostrava,Nová huť Zářičí",49.797385004223145,18.328531009236563,OV
"Ostrava,Nová huť Zářičí",49.79816200437356,18.328265008215734,OV
"Ostrava,ÚAN",49.830879003931955,18.278931008566587,OV
"Ostrava,ÚAN",49.830177004474756,18.28057500926267,OV
"Ostrava,Nádraží střed",49.829067003877974,18.281845008494496,OV
"Sl.Ostrava,kostel",49.83162800379086,18.30395800945402,OV
"Sl.Ostrava,kostel",49.83146800418844,18.30474000855984,OV
"Ostrava,Most M.Sýkory",49.8368280039926,18.293972009609316,OV
"Ostrava,Most M.Sýkory",49.836991004119824,18.294754008946914,OV
"Ostrava,Most M.Sýkory",49.837489003939766,18.293605009136876,OV
"Ostrava,Most M.Sýkory",49.83659100428411,18.294901009536815,OV
"Ostrava,Hotel Palace",49.83133800440825,18.288895009392004,OV
"Ostrava,Polanka,žel.zast.",49.77899100387064,18.188585008374474,OV
"Ostrava,Polanka,žel.zast.",49.77765900428191,18.190224008719504,OV
"Ostrava,Polanka,žel.zast.",49.77765900428191,18.190224008719504,OV
"Ostrava,U Kříže",49.84361400455259,18.351423008952594,OV
"Ostrava,U Kříže",49.84373600405739,18.351888008423266,OV
"Ostrava,Důl Alexander",49.81141400393259,18.29935300891254,OV
"Ostrava,Důl Alexander",49.81144000452227,18.299476009528824,OV
"Ostrava,Holvekova",49.808066004583814,18.297857008791837,OV
"Ostrava,Holvekova",49.807979003916,18.298005008335583,OV
"Ostrava,Škrobálkova",49.8073740038764,18.291508008595336,OV
"Ostrava,Škrobálkova",49.80770700449954,18.292060008379625,OV
"Ostrava,Shopping Park",49.79956700430207,18.222856009351112,OV
"Ostrava,Shopping Park",49.79813400436409,18.224419008161988,OV
"Ostrava,U Rozvodny",49.79923700442431,18.28968600925581,OV
"Ostrava,U Rozvodny",49.80063100444566,18.29041300903412,OV
"Vratimov,nádraží",49.771744004235444,18.301467009076685,OV
"Vratimov,nádraží",49.771955004490025,18.300350009068527,OV
"Vratimov,náměstí",49.77090300429735,18.308036009394918,OV
"Vratimov,náměstí",49.77166700407178,18.307237008700287,OV
"Vratimov,náměstí",49.77061600439292,18.308147008419006,OV
"Vratimov,Nová osada",49.77311500428988,18.31247100833452,OV
"Vratimov,Nová osada",49.77303400386709,18.312550008739453,OV
"Vratimov,Popinec",49.77665300417687,18.314680009234223,OV
"Vratimov,Popinec",49.77673500450799,18.31481900890706,OV
"Ostrava,Polní",49.76694700401892,18.227993008413478,OV
"Ostrava,Polní",49.76740300444754,18.22758600869086,OV
"Vratimov,Kartonážka",49.77923500447182,18.31849100942932,OV
"Vratimov,Kartonážka",49.77869600440837,18.318092008544166,OV
"Ostrava,Karolina",49.83273000437558,18.28682200824095,OV
"Ostrava,Karolina",49.83279000391337,18.287649009190357,OV
"Ostrava,Karolina",49.832281004319505,18.28634800899375,OV
"Ostrava,Karolina",49.832978004416866,18.286015009051223,OV
"Vratimov,Nová škola",49.76918300413059,18.317529008390856,OV
"Vratimov,Nová škola",49.76927000372703,18.31688900862016,OV
"Vratimov,U Paneláků",49.76837200442167,18.3230330085904,OV
"Vratimov,U Paneláků",49.76826700394353,18.323966008809613,OV
"Vratimov,Důlňák",49.76451900399556,18.33640000900618,OV
"Vratimov,Důlňák",49.76460900397909,18.336415009028226,OV
"Vratimov,Horní Datyně,Na Roli",49.761937003951445,18.3438480091528,OV
"Vratimov,Horní Datyně,Na Roli",49.7622900042489,18.344198009611574,OV
"Vratimov,Hor.Datyně,Spol.dům",49.765622004197425,18.354730008643774,OV
"Vratimov,Hor.Datyně,Spol.dům",49.765018003807555,18.353240009094286,OV
"Vratimov,Horní Datyně",49.768222004105,18.357015009004137,OV
"Vratimov,Horní Datyně",49.767905003959356,18.35694800934712,OV
"Ostrava,Všehrdův sad",49.841759004670934,18.298541009248083,OV
"Ostrava,Všehrdův sad",49.84190000455005,18.300461008903735,OV
"Ostrava,Všehrdův sad",49.84190000455005,18.300461008903735,OV
"Vratimov,Odboje",49.76614200388414,18.312277008572583,OV
"Vratimov,Odboje",49.767013004088014,18.311858008927892,OV
"Vratimov,ZD",49.76204400389403,18.313094008915325,OV
"Vratimov,ZD",49.7624020044234,18.313392009431826,OV
"Vratimov,rest.Nimrod",49.75695600453524,18.313650009158742,OV
"Vratimov,rest.Nimrod",49.75624000460914,18.313783009198694,OV
"Vratimov,u kříže",49.75013000382255,18.31160800848934,OV
"Vratimov,u kříže",49.74983400428697,18.31173300934668,OV
"Řepiště,Výdušná jáma",49.74686300379614,18.31161800932277,FM
"Řepiště,Výdušná jáma",49.74693400453294,18.31180300821393,FM
"Řepiště,Pod Dvorem",49.74193200380288,18.312399009291823,FM
"Řepiště,Pod Dvorem",49.741535004509366,18.31276100901967,FM
"Řepiště,u školy",49.736283004444886,18.317567008359777,FM
"Řepiště,u školy",49.73637100380332,18.31768300934067,FM
"Řepiště,u kříže",49.73213900371582,18.3198240093208,FM
"Řepiště,u kříže",49.73192800382685,18.319750008870926,FM
"Ostrava,Briketářská",49.844006003854126,18.34720400861453,OV
"Ostrava,Briketářská",49.84365700386619,18.34810800879872,OV
"Ostrava,Košická",49.84687200445945,18.34355600838219,OV
"Ostrava,Košická",49.84639200384521,18.343895009627865,OV
"Ostrava,Brigádnická",49.84862700381107,18.341629009154417,OV
"Ostrava,Brigádnická",49.84869900405174,18.341261009312113,OV
"Ostrava,Poštulkova",49.85075000385728,18.336072009494885,OV
"Ostrava,Poštulkova",49.85064400448061,18.3360720088258,OV
"Ostrava,Záblatská",49.85496400411443,18.33213900907279,OV
"Ostrava,Záblatská",49.85479000386343,18.332070009245317,OV
"Ostrava,Heřmanice,pošta",49.85933800392913,18.33050000924844,OV
"Ostrava,Heřmanice,pošta",49.85918200408766,18.33049100917562,OV
"Ostrava,U Dvora",49.86475300413663,18.326306009195825,OV
"Ostrava,U Dvora",49.86438100462375,18.326546008620472,OV
"Ostrava,Důl Heřmanice",49.862062004048106,18.315074008733202,OV
"Ostrava,Důl Heřmanice",49.861737004521345,18.31594400819491,OV
"Ostrava,Důl Heřmanice",49.86216700423565,18.31636600950941,OV
"Ostrava,Důl Heřmanice",49.8620250039373,18.315856008993574,OV
"Ostrava,Parcelní",49.858861004442815,18.322772009352892,OV
"Ostrava,Parcelní",49.85907700388876,18.322080009103495,OV
"Ostrava,Dolina",49.857379004169125,18.324467009010313,OV
"Ostrava,Dolina",49.8569790046325,18.324475008711158,OV
"Ostrava,Chrustova",49.852358003976526,18.31924700915163,OV
"Ostrava,Chrustova",49.852121004197606,18.31857400842038,OV
"Ostrava,Koněvova",49.84971700385715,18.315470009621738,OV
"Ostrava,Koněvova",49.849852004623074,18.31530100849784,OV
"Ostrava,Kepkova",49.84658400396978,18.31501500921655,OV
"Ostrava,Kepkova",49.84688300467823,18.31505900943809,OV
"Ostrava,VŠ podnikání",49.843840004211636,18.312282008463367,OV
"Ostrava,VŠ podnikání",49.843903004454944,18.31335400897422,OV
"Ostrava,VŠ podnikání",49.84432500390866,18.31314700835323,OV
"Ostrava,Revírní br. pokladna",49.84329700413294,18.306769008930633,OV
"Ostrava,Revírní br. pokladna",49.84253600455192,18.304466009047825,OV
"Ostrava,Revírní br. pokladna",49.843789003861,18.305472008768724,OV
"Ostrava,Revírní br. pokladna",49.84381500426215,18.303802009043533,OV
"Ostrava,Revírní br. pokladna",49.84361800430509,18.30502700861818,OV
"Ostrava,Stadion Bazaly",49.84544500374829,18.297928008386002,OV
"Ostrava,Stadion Bazaly",49.84517800392992,18.297475008589338,OV
"Ostrava,Kamenec",49.84494000403124,18.29520900909526,OV
"Ostrava,Kamenec",49.84355400432427,18.29491100850563,OV
"Ostrava,Českobratrská",49.83622700395659,18.276615009516473,OV
"Ostrava,Českobratrská",49.836462004381694,18.276018008178085,OV
"Ostrava,Českobratrská",49.835521004286846,18.275899008880206,OV
"Ostrava,Českobratrská",49.83554000464862,18.277283008782373,OV
"Ostrava,Českobratrská",49.83502800454429,18.276720008462544,OV
"Ostrava,Stan.záchr.služby",49.834819004510024,18.27290000858257,OV
"Ostrava,Stan.záchr.služby",49.83481300459765,18.272402008899828,OV
"Ostrava,Stan.záchr.služby",49.835063004251204,18.269482008530932,OV
"Ostrava,Dům vodohospodářů",49.83142600451107,18.265940009006943,OV
"Ostrava,Dům vodohospodářů",49.831397004467476,18.26519800837094,OV
"Ostrava,Zelená",49.82557100453594,18.26573500825059,OV
"Ostrava,Zelená",49.82689700410697,18.265088008623493,OV
"Ostrava,Zelená",49.826211003814585,18.264296009227845,OV
"Ostrava,Gajdošova",49.82297200450937,18.267559009082962,OV
"Ostrava,Gajdošova",49.82381100451107,18.267228009056527,OV
"Ostrava,Hlubinská",49.81995600465036,18.27016300941057,OV
"Ostrava,Hlubinská",49.82063500442855,18.269948008713055,OV
"Ostrava,Lidická",49.80984400380098,18.268662008446636,OV
"Ostrava,Lidická",49.809733003774255,18.268917008767385,OV
"Ostrava,Salma",49.8336650038082,18.328973008821297,OV
"Ostrava,Nám.J.z Poděbrad",49.81286900425813,18.27151600909582,OV
"Ostrava,Nám.J.z Poděbrad",49.812914004547785,18.27127800849237,OV
"Ostrava,Český dům",49.81249300426949,18.2746580087393,OV
"Ostrava,Český dům",49.81311600440812,18.27482600831198,OV
"Ostrava,Český dům",49.8119940041595,18.27382300934389,OV
"Ostrava,Český dům",49.812352004516846,18.274023009386447,OV
"Ostrava,Důl Jeremenko",49.8065110040049,18.27489500952647,OV
"Ostrava,Důl Jeremenko",49.80706100462828,18.275191009187647,OV
"Ostrava,Důl Jeremenko",49.80649400395809,18.27505600944828,OV
"Ostrava,Důl Jeremenko",49.80688500426043,18.275597009182068,OV
"Ostrava,Kolonie Jeremenko",49.80036800452284,18.27173500931826,OV
"Ostrava,Kolonie Jeremenko",49.8008420043125,18.27210100887112,OV
"Ostrava,Kolonie Jeremenko",49.8009530046084,18.272228008846557,OV
"Ostrava,Kolonie Jeremenko",49.801685004345096,18.273002009163047,OV
"Ostrava,Moravská",49.79528700412668,18.271047008331514,OV
"Ostrava,Moravská",49.79517800409707,18.271223008890278,OV
"Ostrava,Moravská",49.79706000402019,18.2709000085322,OV
"Ostrava,Moravská",49.79770500417686,18.272023008727455,OV
"Ostrava,Beta",49.766171004398444,18.29124600933074,OV
"Ostrava,Beta",49.765438004301885,18.29198100946999,OV
"Ostrava,Bělská",49.7628360040771,18.29369600877872,OV
"Ostrava,Bělská",49.76220800444645,18.29349800867538,OV
"Ostrava,Hrabová,statek",49.7567160040695,18.293897009263144,OV
"Ostrava,Hrabová,statek",49.756418004243926,18.293517008575634,OV
"Paskov,Důl Paskov",49.74518300374695,18.286920009135518,FM
"Paskov,Důl Paskov",49.74494100369699,18.286647008601573,FM
"Ostrava,SPORT ARÉNA",49.80462500433456,18.250883009041218,OV
"Ostrava,SPORT ARÉNA",49.80513300381208,18.250617008725403,OV
"Ostrava,SPORT ARÉNA",49.80598800388096,18.247127008695706,OV
"Ostrava,SPORT ARÉNA",49.805803003766336,18.247015009137975,OV
"Ostrava,Žižkovská",49.77591700405704,18.267866008558702,OV
"Ostrava,Žižkovská",49.77522800458284,18.265207008232014,OV
"Ostrava,Žižkovská",49.775049004615454,18.266867009342334,OV
"Ostrava,U Švasty",49.8206760043707,18.329331008515034,OV
"Ostrava,U Švasty",49.82239500413995,18.32711600864867,OV
"Ostrava,U Káňů",49.81741200372094,18.340011008529494,OV
"Ostrava,U Káňů",49.8178940038627,18.34111100829277,OV
"Ostrava,U Káňů",49.81736100411482,18.341363008920652,OV
"Ostrava,U Káňů",49.81741200372094,18.340011008529494,OV
"Ostrava,Turgeněvova",49.82472300421495,18.34482700874504,OV
"Ostrava,Turgeněvova",49.823801004140854,18.34450600841328,OV
"Ostrava,Slunná",49.83016800459962,18.347555008868557,OV
"Ostrava,Slunná",49.83150200457931,18.350558008798735,OV
"Ostrava,Holandská",49.83588200460424,18.350695008707202,OV
"Ostrava,Holandská",49.835632003955226,18.35095800837335,OV
"Ostrava,Michálkovice",49.8417310041094,18.34466400862619,OV
"Ostrava,Michálkovice",49.84213700430422,18.344377009173293,OV
"Ostrava,Michálkovice",49.84197800376893,18.34505000852805,OV
"Ostrava,Michálkovice",49.84189500378548,18.34436300939829,OV
"Ostrava,Eldorádo",49.8444140040425,18.354664009002043,OV
"Ostrava,Eldorádo",49.84416000402328,18.35444600954995,OV
"Rychvald,Mlékárenská",49.84566700435185,18.36211600866436,KA
"Rychvald,Mlékárenská",49.84561300423571,18.36325100925797,KA
"Rychvald,transformátor",49.84799900398997,18.367720009644252,KA
"Rychvald,transformátor",49.84815300390368,18.368112008456638,KA
"Rychvald,Podlesí",49.85038400441598,18.369998009363783,KA
"Rychvald,Podlesí",49.85026000450137,18.370101008887563,KA
"Rychvald,návrší",49.856752004234,18.37163500862924,KA
"Rychvald,návrší",49.856904004564306,18.371761009092456,KA
"Rychvald,přejezd",49.86438700427397,18.373703009066027,KA
"Rychvald,přejezd",49.86448600448623,18.373952009409464,KA
"Rychvald,Městský úřad",49.8666970043159,18.375748009457528,KA
"Rychvald,Městský úřad",49.866779003827226,18.37596900914455,KA
"Rychvald,sídliště",49.87264300438084,18.377555009593586,KA
"Rychvald,sídliště",49.87248500448538,18.377578008479727,KA
"Rychvald,rest.U cesty",49.877060004193304,18.38020800899396,KA
"Rychvald,rest.U cesty",49.877861004167585,18.380849009527584,KA
"Rychvald,rozc.",49.88248300416224,18.38327800962601,KA
"Rychvald,rozc.",49.88304900421904,18.3832690095984,KA
"Rychvald,rozc.",49.88293500378683,18.383622009045023,KA
"Ostrava,Svět techniky",49.820609004088176,18.281092008909965,OV
"Ostrava,Hrabůvka,Dvouletky",49.79182000392967,18.257046009102837,OV
"Ostrava,Hrabůvka,Dvouletky",49.79148600445771,18.258492009201397,OV
"Ostrava,Hrabůvka,Dvouletky",49.79038000426899,18.257592008876994,OV
"Ostrava,Učiliště Vítkovic",49.793751004426454,18.264074009077664,OV
"Ostrava,Učiliště Vítkovic",49.792243004579944,18.263168009244332,OV
"Mor. Ostrava,Plynárny",49.84464300451581,18.278705008273526,OV
"Mor. Ostrava,Plynárny",49.8446100041003,18.278270008727784,OV
"Ostrava,Ocelářská",49.805791004095994,18.26560700846607,OV
"Ostrava,Ocelářská",49.80560300392553,18.265809008795657,OV
"Ostrava,Bivojova",49.8075820041983,18.27276600929949,OV
"Ostrava,Bivojova",49.80736100404319,18.27301300926176,OV
"Ostrava,Hladnov",49.843690003871934,18.304501008680464,OV
"Ostrava,Hladnov",49.843723004523596,18.304195008376233,OV
"Ostrava,Korunní",49.83163600397173,18.253125008891274,OV
"Ostrava,Korunní",49.832183004344685,18.252729008603826,OV
"Ostrava,Mariánskohorská",49.835570004161546,18.247745008805804,OV
"Ostrava,Mariánskohorská",49.83528800403655,18.247815009367873,OV
"Ostrava,Koksovna Jan Šverma",49.838965004480286,18.239724009148375,OV
"Ostrava,Koksovna Jan Šverma",49.83964100392899,18.239458009249976,OV
"Ostrava,Grmelova",49.83709100447595,18.24813300894029,OV
"Ostrava,Grmelova",49.836557004252946,18.247309008416092,OV
"Ostrava,Důl Jan Šverma",49.84275100380948,18.23796400848993,OV
"Ostrava,Důl Jan Šverma",49.842529004485144,18.23786400927568,OV
"Ostrava,Za Mostem",49.837960004564074,18.24015000914402,OV
"Ostrava,Za Mostem",49.83797100381947,18.23996200822717,OV
"Ostrava,Chem.závody osada",49.83343100446173,18.230004008609804,OV
"Ostrava,Chem.závody osada",49.833777004327956,18.230296008475257,OV
"Ostrava,Chemické závody",49.83438800467743,18.23340200923556,OV
"Ostrava,Chemické závody",49.83435100433019,18.232881008160355,OV
"Ostrava,Frýdecká",49.80424300428657,18.28939200825678,OV
"Ostrava,Frýdecká",49.80394800400124,18.28984400847094,OV
"Ostrava,Frýdecká",49.804515004004166,18.290819008525066,OV
"Ostrava,Frýdecká",49.80465700406687,18.29122900841715,OV
"Ostrava,Nová ocelárna",49.81585500392594,18.25719500916504,OV
"Ostrava,Nová ocelárna",49.815387004629315,18.256776008743582,OV
"Ostrava,Romo",49.81397700427189,18.2515330088224,OV
"Ostrava,Romo",49.813866003969395,18.25143300876676,OV
"Ostrava,Štramberská",49.81035700448701,18.255887008192108,OV
"Ostrava,Štramberská",49.8103890042271,18.2563570091886,OV
"Ostrava,Karolina U Lávky",49.83034600440476,18.28340400855366,OV
"Ostrava,Karolina U Lávky",49.83075500398299,18.283600008585694,OV
"Ostrava,Karolina U Lávky",49.83161000430519,18.285228008513954,OV
"Ostrava,Karolina U Lávky",49.831571003834064,18.284240009537612,OV
"Ostrava,Bělský les",49.78239700401395,18.245730008643704,OV
"Ostrava,Bělský les",49.782337003750975,18.245978009054436,OV
"Ostrava,Plzeňská",49.77501000376771,18.244191008989095,OV
"Ostrava,Plzeňská",49.77517500451213,18.244448008969254,OV
"Ostrava,Chrobákova",49.76981100448842,18.242653009517323,OV
"Ostrava,Chrobákova",49.769737004346375,18.24274300837388,OV
"Ostrava,Husův sbor",49.76567300429346,18.239979009380495,OV
"Ostrava,Husův sbor",49.76637100459029,18.240346009328704,OV
"Ostrava,Stará Bělá,střed",49.76187900441772,18.237862008889582,OV
"Ostrava,Stará Bělá,střed",49.7607430043942,18.236992008586483,OV
"Ostrava,Stará Bělá,střed",49.76079400394604,18.239392008317914,OV
"Ostrava,Požární zbrojnice",49.76243900424301,18.225323008479,OV
"Ostrava,Požární zbrojnice",49.761817004372624,18.2266440088431,OV
"Ostrava,U Lípy",49.76326500461428,18.215065008793015,OV
"Ostrava,U Lípy",49.76314400404933,18.215475009177233,OV
"Ostrava,Stará Bělá,křiž.",49.76311200454536,18.20522300865661,OV
"Ostrava,Stará Bělá,křiž.",49.76297700457222,18.206198008998282,OV
"Ostrava,Stará Bělá,křiž.",49.76372300448883,18.206345009257397,OV
"Ostrava,Horní cesta",49.754400004277905,18.1998450091861,OV
"Ostrava,Horní cesta",49.75655100434665,18.200954009484477,OV
"Ostrava,Proskovice",49.75165600423635,18.197829009180595,OV
"Ostrava,Proskovice",49.75184700401743,18.197538008515348,OV
"Ostrava,Horymírova",49.80526100391471,18.23652600944275,OV
"Ostrava,Horymírova",49.804949004040154,18.235777009517804,OV
"Ostrava,Zábřeh,OC",49.80051400447428,18.23301000922255,OV
"Ostrava,Zábřeh,OC",49.799915004213666,18.233144009236845,OV
"Ostrava,Zábřeh,OC",49.801401004537595,18.23432000872936,OV
"Ostrava,Zábřeh,OC",49.801534004406896,18.233828008359065,OV
"Ostrava,ÚMOb Jih",49.793124004034304,18.25042400853612,OV
"Ostrava,ÚMOb Jih",49.793620004392466,18.250231008281343,OV
"Ostrava,ÚMOb Jih",49.79491600436085,18.253155009422446,OV
"Ostrava,ÚMOb Jih",49.79448800427732,18.251344008569426,OV
"Ostrava,Staré Výškovice",49.785054003773716,18.219179008641458,OV
"Ostrava,Staré Výškovice",49.784852004228505,18.219614008640093,OV
"Ostrava,Smrčkova",49.7812260037314,18.215504008244086,OV
"Ostrava,Smrčkova",49.78138000380393,18.215880008388513,OV
"Ostrava,Výškovice,osada",49.77588400384844,18.21141100824934,OV
"Ostrava,Výškovice,osada",49.77591400432262,18.21158800942384,OV
"Ostrava,Ústřední hřbitov",49.82992900382573,18.30823900851967,OV
"Ostrava,Ústřední hřbitov",49.83070400378908,18.306877009220848,OV
"Ostrava,Lihovarská",49.81593400403987,18.330078008620006,OV
"Ostrava,Lihovarská",49.81599500436311,18.32918800892533,OV
"Ostrava,Radvanice,škola",49.81695800377099,18.333826008392712,OV
"Ostrava,Radvanice,škola",49.81678800382079,18.334366009338755,OV
"Ostrava,Dalimilova",49.81326100412969,18.335881008591187,OV
"Ostrava,Dalimilova",49.81364800431382,18.336058009005793,OV
"Ostrava,Bajger",49.80653000457873,18.341220009102802,OV
"Ostrava,Bajger",49.80707800404869,18.3407510085221,OV
"Ostrava,Olšák",49.80376700425059,18.345772009039944,OV
"Ostrava,Olšák",49.803321004453046,18.34694400940864,OV
"Ostrava,U Samoobsluhy",49.79915800416334,18.353319009419064,OV
"Ostrava,U Samoobsluhy",49.80083800429066,18.351022008958846,OV
"Ostrava,Bartovice,Ještěrka",49.796931003726485,18.356991008808816,OV
"Ostrava,Bartovice,Ještěrka",49.79762000448802,18.356162009507397,OV
"Ostrava,Bartovice,Ještěrka",49.79611600462121,18.358467009121235,OV
"Ostrava,Bartovice,Ještěrka",49.795965004474766,18.358390008912952,OV
"Šenov,křiž.",49.793999003765,18.369665009075298,OV
"Šenov,křiž.",49.7941960039735,18.369639009226294,OV
"Šenov,křiž.",49.794663003757954,18.37138700874493,OV
"Šenov,křiž.",49.79495500375799,18.371334009224135,OV
"Šenov,náměstí",49.785193003779895,18.37534200938031,OV
"Šenov,náměstí",49.785290004391165,18.37556800874054,OV
"Hlučín,cihelna",49.89475700410111,18.215887009469956,OP
"Hlučín,cihelna",49.89495500406291,18.21570100856598,OP
"Ostrava,Františkov",49.83947300434422,18.303055008474836,OV
"Ostrava,Františkov",49.839177004056104,18.303163009516382,OV
"Ostrava,Václavek",49.7787020045147,18.34675200870928,OV
"Ostrava,Václavek",49.77860800432988,18.346296008462694,OV
"Ostrava,U Plodiny",49.780600004482665,18.341820008677168,OV
"Ostrava,U Plodiny",49.77993100442642,18.34446100899357,OV
"Ostrava,Bartovice,Pod Tratí",49.78357100450361,18.33565000871802,OV
"Ostrava,Bartovice,Pod Tratí",49.78368300420074,18.335799008293634,OV
"Ostrava,Bartovice,Pod Tratí",49.78348900432946,18.335973008654488,OV
"Šenov,Škrbeň",49.77679600447816,18.377737008569703,OV
"Šenov,Škrbeň",49.776744004552555,18.37795200912848,OV
"Šenov,Volenství",49.77225700420241,18.36531800932714,OV
"Šenov,Volenství",49.772479004309645,18.365431008908867,OV
"Šenov,Volenství",49.77306700381517,18.365316009061036,OV
"Šenov,Volenství",49.77287700397705,18.36551400854983,OV
"Šenov,U Blažka",49.767579003759224,18.367168009632795,OV
"Šenov,U Blažka",49.76786900406359,18.367218008402123,OV
"Václavovice,U Slívy",49.76154400411928,18.36697900935937,OV
"Václavovice,U Slívy",49.76177800401338,18.36722000837054,OV
"Václavovice,točna",49.755250004347765,18.364884009234967,OV
"Ostrava,Přívoz,Oderská",49.8571780039044,18.24139300927174,OV
"Ostrava,Přívoz,Oderská",49.857415004042345,18.241277009190057,OV
"Ostrava,Čistička odp.vod",49.85257900449942,18.244327008589753,OV
"Ostrava,Čistička odp.vod",49.85275200382207,18.24456200853677,OV
"Ostrava,Přednádraží",49.8519050040804,18.258853008618253,OV
"Ostrava,Přednádraží",49.85183000443293,18.258459008993643,OV
"Ostrava,Palackého",49.85453900400791,18.26334300923445,OV
"Ostrava,Palackého",49.85504800382224,18.26399900942085,OV
"Ostrava,Na Mlýnici",49.857056003979814,18.268232009257268,OV
"Ostrava,Na Mlýnici",49.8574350038233,18.26885500891198,OV
"Petřvald,Pod Sokolovnou",49.83057900465745,18.391186009560695,KA
"Petřvald,Pod Sokolovnou",49.830923004229064,18.393877009447923,KA
"Ostrava,Vozovna trolejbusů",49.84849600422208,18.28262500950613,OV
"Ostrava,Vozovna trolejbusů",49.84828700462992,18.283321008359184,OV
"Ostrava,Vozovna trolejbusů",49.84869400459307,18.282762009078745,OV
"Ostrava,Vozovna trolejbusů",49.84869300382133,18.28296400832948,OV
"Ostrava,Horn.poliklinika",49.84564400437988,18.28630800939629,OV
"Ostrava,Horn.poliklinika",49.84660800409976,18.285659008501213,OV
"Ostrava,Nová radnice",49.842330004013256,18.289211008425536,OV
"Ostrava,Nová radnice",49.84192100460448,18.289894008756146,OV
"Ostrava,Splavní",49.82322900425564,18.160867008850296,OV
"Ostrava,Poruba,Studentská",49.83227100439433,18.156550008191555,OV
"Ostrava,Poruba,Studentská",49.83246600388023,18.15689300840529,OV
"Ostrava,Poruba,Studentská",49.832625004482644,18.156827008692787,OV
"Ostrava,K Myslivně",49.82867600442038,18.154122008488525,OV
"Ostrava,K Myslivně",49.82866600395585,18.154401008651277,OV
"Ostrava,Pod Nemocnicí",49.82552600389164,18.15689000826923,OV
"Ostrava,Pod Nemocnicí",49.825556004025614,18.156340008905243,OV
"Ostrava,Nábřeží SPB",49.82368700410447,18.16796200878837,OV
"Ostrava,Nábřeží SPB",49.82368100397304,18.168445009107838,OV
"Ostrava,Dělnická",49.82149200446803,18.17738900866541,OV
"Ostrava,Dělnická",49.82173600428211,18.1767620084276,OV
"Ostrava,Bytostav",49.82028600444897,18.18283500936699,OV
"Ostrava,Bytostav",49.820625004601,18.182378009254524,OV
"Ostrava,Malá strana",49.81549800430335,18.190545009141495,OV
"Ostrava,Malá strana",49.81636500448266,18.187613008770292,OV
"Ostrava,Svinov,náměstí",49.8150240043939,18.197203009255208,OV
"Ostrava,Svinov,náměstí",49.815157003977276,18.19710300840704,OV
"Ostrava,Svinov,škola",49.818353004274584,18.202116009223648,OV
"Ostrava,Svinov,škola",49.81835100388694,18.201799009540697,OV
"Ostrava,Husův sad",49.83902200421404,18.288099008536747,OV
"Ostrava,Husův sad",49.8390430038787,18.287520008645572,OV
"Ostrava,Nová Ves",49.823583004338694,18.223386009119114,OV
"Ostrava,Nová Ves",49.82325600402937,18.223780008570774,OV
"Ostrava,Strmá",49.83481900389858,18.252587009285723,OV
"Ostrava,Strmá",49.83504300455219,18.25261600940306,OV
"Ostrava,Jiřího Trnky",49.83709600441189,18.25818200885297,OV
"Ostrava,Jiřího Trnky",49.83697500389537,18.257480008617176,OV
"Ostrava,Sídliště Fifejdy",49.83631100396933,18.261178008996666,OV
"Ostrava,Sídliště Fifejdy",49.836555004391435,18.261446009401908,OV
"Ostrava,Futurum",49.832456003885454,18.26229800823162,OV
"Ostrava,Futurum",49.8328410041277,18.262470009417825,OV
"Ostrava,LDN",49.81744100413052,18.3490700088474,OV
"Ostrava,LDN",49.81756800391995,18.348948009253633,OV
"Petřvald,rozcestí",49.81914300439522,18.36556800882356,KA
"Petřvald,rozcestí",49.81865400395515,18.365523009442292,KA
"Petřvald,kaple",49.8165160038931,18.371551009519955,KA
"Petřvald,kaple",49.81635900447525,18.371433008535476,KA
"Petřvald,kaple",49.81598300421837,18.369557009597766,KA
"Petřvald,kaple",49.8160750043198,18.369333009491427,KA
"Petřvald,kaple",49.81579800407914,18.371088008681856,KA
"Petřvald,kaple",49.815427004605255,18.371269008524344,KA
"Petřvald,Kamčatka",49.81490300373905,18.366262008462254,KA
"Petřvald,Kamčatka",49.81482800447178,18.365923009113562,KA
"Ostrava,Radvanice,Ludvíkova",49.807473004297734,18.35972000959048,OV
"Ostrava,Radvanice,Ludvíkova",49.808355004256946,18.359137008829066,OV
"Petřvald,Důl Fučík 1",49.81880700439987,18.377255008848756,KA
"Petřvald,Důl Fučík 1",49.81904200393873,18.377277009567575,KA
"Petřvald,Půstky",49.82626300384251,18.38727100869075,KA
"Petřvald,Půstky",49.82624300378661,18.387401008960243,KA
"Petřvald,střed",49.82935700408475,18.388194009403346,KA
"Petřvald,střed",49.829555004093294,18.38852900892152,KA
"Ostrava,Třebovice,Tesco",49.828522004085286,18.19990000851878,OV
"Ostrava,Třebovice,Tesco",49.82829500443275,18.19971000853458,OV
"Ostrava,Třebovice,OC",49.826848003905376,18.198506008836475,OV
"Ostrava,Třebovice,OC",49.826576004274315,18.19923500911776,OV
"Ostrava,Náměstí SNP",49.79158700390957,18.236843008989652,OV
"Ostrava,Náměstí SNP",49.79146000411857,18.23727000900247,OV
"Ostrava,Rottrův sad",49.80038100443213,18.25310500916594,OV
"Ludgeřovice,Nádražní",49.89106700467432,18.237039008904443,OP
"Ostrava,Kolonie Bedřiška",49.817345004458666,18.236834008376345,OV
"Ostrava,Dvořáčkova",49.81933100420536,18.33292400829983,OV
"Ostrava,Dvořáčkova",49.81950900405192,18.332775009565513,OV
"Ostrava,Trnkovec škola",49.8240140039601,18.333493008886844,OV
"Ostrava,Trnkovec škola",49.82323700377557,18.333397008446767,OV
"Ostrava,Trnkovec",49.82755700410194,18.334458008783624,OV
"Ostrava,Trnkovec",49.82841400401385,18.334437009020473,OV
"Ostrava,Pikartská",49.83067700430202,18.340097009540504,OV
"Ostrava,Trnkovecká",49.83430500398295,18.337523008523675,OV
"Ostrava,Trnkovecká",49.833203004543215,18.33828800871606,OV
"Ostrava,Konečného",49.83873000403069,18.333671009106226,OV
"Ostrava,Konečného",49.838533004017535,18.33363400916829,OV
"Ostrava,Na Jánské",49.839863004183776,18.326752008820815,OV
"Ostrava,Na Jánské",49.84009100445914,18.326686009152784,OV
"Ostrava,Na Jánské",49.83988200421219,18.328973008793344,OV
"Ostrava,Na Jánské",49.83978000401672,18.328740008277006,OV
"Ostrava,Na Najmanské",49.841643004530184,18.322013008464182,OV
"Ostrava,Na Najmanské",49.841378004597566,18.322973009468505,OV
"Ostrava,ZOO",49.84303800416013,18.318949008298638,OV
"Ostrava,ZOO",49.843560004583885,18.3180750094383,OV
"Ostrava,ZOO",49.843547004445384,18.318690009561614,OV
"Ostrava,ZOO",49.84365900445126,18.31800500871347,OV
"Ostrava,Karola Šmidkeho",49.848059004531656,18.162024008932853,OV
"Ostrava,Karola Šmidkeho",49.84893500458442,18.160838008212533,OV
"Ostrava,Gymnázium",49.84747100430618,18.30649600846334,OV
"Ostrava,Gymnázium",49.84614600429696,18.305796008405746,OV
"Ostrava,Sídliště Muglinov",49.8510740043534,18.306003009492585,OV
"Ostrava,Sídliště Muglinov",49.85062100413656,18.305815009514394,OV
"Ostrava,Hladnovská",49.854988004550336,18.30068400855077,OV
"Ostrava,Hladnovská",49.85380900399378,18.302079008545387,OV
"Ostrava,Hladnovská",49.85416500398751,18.299783009417823,OV
"Ostrava,Betonářská",49.858379004295436,18.29940100890179,OV
"Ostrava,Betonářská",49.85920200452866,18.29910100935,OV
"Ostrava,Mexiko",49.85612700431942,18.29402300909096,OV
"Ostrava,Mexiko",49.8559000046217,18.29376300909733,OV
"Ostrava,Mexiko",49.85960800425521,18.293510008504047,OV
"Ostrava,Lávka",49.851005004469116,18.29347300941325,OV
"Ostrava,Lávka",49.85119300461213,18.293085009509912,OV
"Ostrava,Nám.J.Gagarina",49.839134003792644,18.296480008649848,OV
"Ostrava,Nám.J.Gagarina",49.83851900419544,18.296587008354916,OV
"Ostrava,Poruba,Otakara Jeremiáše",49.84264300427468,18.157324009029566,OV
"Ostrava,Poruba,Otakara Jeremiáše",49.842725003996115,18.156846009211385,OV
"Ostrava,Jirská osada",49.84729500391939,18.269055009420825,OV
"Ostrava,Jirská osada",49.84611000404981,18.26615100884306,OV
"Ostrava,Jirská osada",49.84538800386519,18.271510008701085,OV
"Ostrava,Jirská osada",49.84697100383879,18.270822008887137,OV
"Ostrava,Nákladní",49.84067400440955,18.25906300823654,OV
"Ostrava,Nákladní",49.840634004130834,18.259578009146697,OV
"Ostrava,Poruba,Alšovo nám.",49.829934004474666,18.168742008973737,OV
"Ostrava,Poruba,Alšovo nám.",49.82943700437443,18.168914008255314,OV
"Ostrava,Poruba,Alšovo nám.",49.82963200385855,18.169934009052103,OV
"Ostrava,Nezvalovo náměstí",49.82794600422672,18.176611008273497,OV
"Ostrava,Nezvalovo náměstí",49.82747600453652,18.176681008243005,OV
"Ostrava,Francouzská",49.82631600404793,18.182993008389204,OV
"Ostrava,Francouzská",49.82584500463916,18.183035008918043,OV
"Ostrava,Inovační centrum",49.83751200407765,18.155433008829185,OV
"Ostrava,Bohumínská",49.85891300434263,18.291996008556804,OV
"Ostrava,Bohumínská",49.85902000422203,18.29238700942249,OV
"Ostrava,Bohumínská",49.8583100038879,18.290929008361527,OV
"Ostrava,Bohumínská",49.858334004226435,18.292003009435415,OV
"Ostrava,Na Liščině",49.861161004506286,18.301471009114188,OV
"Ostrava,Na Liščině",49.86078800411751,18.301146008463935,OV
"Ostrava,Náměstí Gen.Svobody",49.798125004317555,18.256350009002993,OV
"Ostrava,Náměstí Gen.Svobody",49.79806600444803,18.25652200886983,OV
"Ostrava,Hornické muzeum",49.86717900438707,18.25563700944066,OV
"Ostrava,Hornické muzeum",49.86702600451097,18.256047008811315,OV
"Ostrava,Hornické muzeum",49.866473003961985,18.255400009019265,OV
"Ostrava,Hornické muzeum",49.86689100465157,18.25561300941259,OV
"Ostrava,Hornické muzeum",49.867204004551894,18.254681009367324,OV
"Ostrava,Hornické muzeum",49.86701800458618,18.253688009093153,OV
"Ostrava,K Lidicím",49.86420300457819,18.248223009477393,OV
"Ostrava,K Lidicím",49.864099004372775,18.24801200885842,OV
"Ostrava,Finské domky",49.861207004120104,18.24005900899881,OV
"Ostrava,Finské domky",49.86127100384051,18.23998800871496,OV
"Ostrava,Lhotka",49.85617000386267,18.22932500949999,OV
"Ostrava,Lhotka",49.85626200437176,18.229194008155222,OV
"Ostrava,Hošťálkovice",49.84980800447127,18.21452300879844,OV
"Ostrava,Hošťálkovice",49.84965800464021,18.214562008323153,OV
"Ostrava,Žleby",49.85524000437959,18.214438009246326,OV
"Ostrava,Žleby",49.85520800438902,18.214584009476464,OV
"Ostrava,Hošťálkovice,vysílač",49.86080800413299,18.21359200833308,OV
"Ostrava,Hošťálkovice,vysílač",49.86126700384238,18.21366100920049,OV
"Hlučín,Bobrovníky,hájenka",49.868623004100854,18.21134100836853,OP
"Hlučín,Bobrovníky,hájenka",49.8685640042707,18.2115090081497,OP
"Hlučín,Bobrovníky",49.8725820042399,18.209769009515977,OP
"Hlučín,Bobrovníky",49.87278400462243,18.20987600849093,OP
"Hlučín,Malánky",49.87824400467669,18.21122200908255,OP
"Hlučín,Malánky",49.87777600455699,18.210957009018543,OP
"Hlučín,Rovniny",49.890091003923445,18.193081008261544,OP
"Hlučín,Rovniny",49.89026900445072,18.193419009416544,OP
"Hlučín,aut.nádr.",49.89786800392479,18.185740009228613,OP
"Hlučín,aut.nádr.",49.89745800421975,18.185517009176706,OP
"Hlučín,aut.nádr.",49.89802800465924,18.18541300818892,OP
"Klimkovice,Hýlov,U Dvora",49.80175000409938,18.10077900940503,OV
"Klimkovice,Hýlov,U Dvora",49.80096100412889,18.10059800921625,OV
"Ostrava,Kulturní dům",49.763446004293094,18.239150008465725,OV
"Ostrava,Sámova",49.79141800448918,18.252545009001377,OV
"Ostrava,Sámova",49.791070004274516,18.252287008468937,OV
"Ostrava,Na Jízdárně",49.82605400422965,18.271784009189933,OV
"Ostrava,Na Jízdárně",49.82626300444018,18.272781008848533,OV
"Ostrava,Hrabová,PZ sever",49.77018100379124,18.26830800851993,OV
"Ostrava,Hrabová,PZ sever",49.769853003995344,18.268078008616158,OV
"Ostrava,Hrabová,PZ střed",49.7649730037524,18.268567008459375,OV
"Ostrava,Hrabová,PZ střed",49.76381100380062,18.268460009043714,OV
"Ostrava,Martinov,střed",49.85745900449155,18.177299008961207,OV
"Ostrava,Martinov,střed",49.85612900431282,18.1790780081978,OV
"Ostrava,Martinov,střed",49.85637900408439,18.178555009305274,OV
"Ostrava,Vozovna Křivá",49.84401100459424,18.276351008994506,OV
"Ostrava,Vozovna Křivá",49.84392000436355,18.276019009149024,OV
"Ostrava,Na Valech",49.8366440038879,18.19012000890737,OV
"Ostrava,Na Valech",49.836519004365904,18.190351008168218,OV
"Ostrava,Třebovice",49.83618200385581,18.19400900956627,OV
"Ostrava,Třebovice",49.83447500407959,18.19450300828905,OV
"Ostrava,Bartošova",49.82417400392015,18.2232750089707,OV
"Ostrava,Bartošova",49.824053004451414,18.223821009460135,OV
"Ostrava,Balkán",49.81481800432641,18.222043009382293,OV
"Ostrava,Balkán",49.81539300449826,18.22095500820878,OV
"Ostrava,Školní statek",49.81239800434394,18.227337008486643,OV
"Ostrava,Školní statek",49.81196600455751,18.228197009299755,OV
"Ostrava,Pískové doly",49.80825900450028,18.231538008168847,OV
"Ostrava,Pískové doly",49.808799003873844,18.231127008804485,OV
"Ostrava,Závoří",49.80742300437775,18.236443009359807,OV
"Ostrava,Závoří",49.80755400421616,18.236167009489122,OV
"Ostrava,Stodolní žel.zastávka",49.834893003820326,18.280846008629837,OV
"Ostrava,Stodolní žel.zastávka",49.834543004236146,18.28123700923214,OV
"Ostrava,Stodolní žel.zastávka",49.83608300453434,18.28373100829283,OV
"Ostrava,Chalupová",49.905712003817975,18.314308008288375,OV
Chalupová,49.90627500407884,18.314225009538372,OP
"Ostrava,Bajkalská",49.83543500460262,18.18471200902902,OV
"Ostrava,Bajkalská",49.83519200426776,18.18484600836282,OV
"Ostrava,Ahepjukova",49.83943800441478,18.26103100850764,OV
"Ostrava,Ahepjukova",49.83929300384072,18.26061100882844,OV
"Ostrava,Lechowiczova",49.84229300423991,18.262800009228986,OV
"Ostrava,Lechowiczova",49.84232700403053,18.262344008856363,OV
"Ostrava,Hornopolní",49.84195800392841,18.267863008480074,OV
"Ostrava,Hornopolní",49.84221000435512,18.267894009107625,OV
"Ostrava,Hornopolní",49.84239800403753,18.268967008393044,OV
"Ostrava,Pivovar",49.84004300422898,18.272064009380486,OV
"Ostrava,Pivovar",49.84034600436621,18.272002008841685,OV
"Ostrava,Mongolská",49.82242900442135,18.195139008798332,OV
"Ostrava,Mongolská",49.82252800463415,18.195007008952775,OV
"Ostrava,Kubánská",49.823899003983975,18.18510000829218,OV
"Ostrava,Kubánská",49.82377200461752,18.18551500870434,OV
"Ostrava,Zvěřinská",49.82599100403241,18.31685900849982,OV
"Ostrava,Polanka,U Cihelny",49.790163004424144,18.15878100811018,OV
"Ostrava,Polanka,U Cihelny",49.790956003834616,18.159420008843746,OV
"Ostrava,Jana Šoupala",49.84109900429065,18.173447008428575,OV
"Ostrava,Jana Šoupala",49.84195000440875,18.17233700909286,OV
"Ostrava,Heyrovského",49.8404270044541,18.17813000931328,OV
"Ostrava,Heyrovského",49.84046900405943,18.177640008701836,OV
"Ostrava,Poruba,Opavská",49.84540000435087,18.150924009235975,OV
"Ostrava,Poruba,Opavská",49.845785004126405,18.150911009483284,OV
"Ostrava,Ludvíka Podéště",49.84669200386647,18.156001008684147,OV
"Ostrava,Ludvíka Podéště",49.84695800452866,18.15610200831497,OV
"Ostrava,Oty Synka",49.84885100397322,18.158736009271284,OV
"Ostrava,Duha",49.84444900456485,18.168562009043182,OV
"Ostrava,Duha",49.84478300405159,18.168911008306,OV
"Ostrava,Duha",49.84328900380097,18.167737008288313,OV
"Ostrava,Duha",49.84343000437363,18.167349008663344,OV
"Ostrava,Náměstí Družby",49.836699004037165,18.183739008586635,OV
"Ostrava,Náměstí Družby",49.837135004028184,18.183853008179227,OV
"Ostrava,U Dluhoše",49.78630800434215,18.158270008857066,OV
"Ostrava,U Dluhoše",49.78622700391944,18.158973009175927,OV
"Ostrava,Věžičky",49.82991500408234,18.17423900840533,OV
"Ostrava,Věžičky",49.8275100045862,18.17259900827984,OV
"Ostrava,Oblouk",49.824479004359816,18.173185008797166,OV
"Ostrava,Oblouk",49.823919004244,18.17317400891713,OV
"Ostrava,Poruba,Studentské koleje",49.83600900383097,18.157576008691148,OV
"Ostrava,Poruba,Studentské koleje",49.83608400468942,18.158049008995334,OV
"Ostrava,Uhelné sklady",49.84159200449904,18.242314008986632,OV
"Ostrava,Uhelné sklady",49.841898003850034,18.243048009298075,OV
"Ostrava,Hrušovské mosty",49.86375300426091,18.29209600948716,OV
"Ostrava,Hrušovské mosty",49.8633700039423,18.292007008974895,OV
"Ostrava,Žižkova",49.86647800446147,18.288817008887904,OV
"Ostrava,Žižkova",49.86575700452971,18.289187009193263,OV
"Ostrava,Koblov",49.87321800381827,18.283816009013606,OV
"Ostrava,Koblov",49.87311500468284,18.284031008881986,OV
"Ostrava,Koblov škola",49.878267004321486,18.28631500880065,OV
"Ostrava,Koblov škola",49.877749004475014,18.28626900953202,OV
"Ostrava,Důl Koblov",49.88308400397218,18.288910008479327,OV
"Ostrava,Důl Koblov",49.88309000466585,18.289107008729868,OV
"Ostrava,Malý kopec",49.89007500450822,18.295962009300176,OV
"Ostrava,Malý kopec",49.88978100441941,18.29574200947867,OV
"Ostrava,Koblov,Štěrkovna",49.89716400416893,18.310405008634536,OV
"Ostrava,Koblov,Štěrkovna",49.89699200408616,18.31026300955257,OV
"Ostrava,Vrbina",49.89935200445224,18.313873008451242,OV
"Šilheřovice,Paseky",49.911605004137755,18.311640008645032,OP
"Šilheřovice,Paseky",49.91143800391603,18.311881009587015,OP
"Ostrava,Antošovice",49.90403100449197,18.314330009444795,OV
"Ostrava,Antošovice",49.90437400455523,18.314669009477672,OV
"Ostrava,Řecká",49.82531900404518,18.196661008638625,OV
"Ostrava,Řecká",49.82513000404663,18.196387009491843,OV
"Ostrava,Řecká",49.824979004597836,18.196679008730797,OV
"Ostrava,Slavíkova",49.836145003894366,18.179377009061977,OV
"Ostrava,Slavíkova",49.83630900427957,18.17914700946876,OV
"Ostrava,Slavíkova",49.835546004604986,18.177703009457158,OV
"Ostrava,Slavíkova",49.835434003886974,18.177362009450402,OV
"Ostrava,Lékařská fakulta",49.81155600438192,18.25081900859018,OV
"Ostrava,Lékařská fakulta",49.811157003950896,18.25150500894333,OV
"Ostrava,U Korýtka",49.80145400411886,18.218355008470652,OV
"Ostrava,Výškovická",49.79742900440604,18.231808009033458,OV
"Ostrava,Výškovická",49.797009004465366,18.23396800862636,OV
"Ostrava,Krásné Pole,Družební",49.84808700424987,18.124747008585956,OV
"Ostrava,Záuliční",49.846281003847636,18.121593008424785,OV
"Ostrava,Hájkovická",49.83951900461912,18.122478009267326,OV
"Ostrava,Krásné Pole,střed",49.84368000390817,18.124020009467177,OV
"Ostrava,Krásné Pole,střed",49.843651003946405,18.12450700915837,OV
"Ostrava,Krásnopolská",49.840327003883054,18.151323009389156,OV
"Ostrava,Krásnopolská",49.84041200399802,18.151604008435445,OV
"Ostrava,Pustkovecká",49.84006600409084,18.156916009359012,OV
"Ostrava,Pustkovecká",49.840369004287425,18.156760009385238,OV
"Ostrava,Jelínkova",49.81167400417944,18.19855400930071,OV
"Ostrava,Jelínkova",49.81191200388103,18.198759009207205,OV
"Ostrava,Fibichova",49.808108004239465,18.19852000894372,OV
"Ostrava,Fibichova",49.8077330040923,18.19880400952914,OV
"Ostrava,Zelenina",49.80275500442308,18.1983010081874,OV
"Ostrava,Zelenina",49.80227000378916,18.198495008768738,OV
"Ostrava,U Olší",49.796740004318416,18.196725009189926,OV
"Ostrava,U Olší",49.79640700433746,18.19665800901845,OV
"Ostrava,Kovošrot",49.791166004095686,18.191970009528937,OV
"Ostrava,Kovošrot",49.79169100396611,18.19272600833159,OV
"Ostrava,Štěrkopísek",49.783925004397965,18.18878200930362,OV
"Ostrava,Štěrkopísek",49.782837004598576,18.188786008947513,OV
"Ostrava,Dolní Polanka",49.779074003887075,18.18367900947145,OV
"Ostrava,Dolní Polanka",49.77891000445751,18.18512200867779,OV
"Ostrava,Hraničky",49.77903100448331,18.170801008404318,OV
"Ostrava,Hraničky",49.77877900464067,18.170952008849504,OV
"Ostrava,Horní Polanka",49.78649600417325,18.16613600948156,OV
"Ostrava,Horní Polanka",49.78754100458091,18.16683400867292,OV
"Ostrava,Polanka,střed",49.7874310043858,18.16274300925778,OV
"Ostrava,Polanka,střed",49.78826900405219,18.16283200906721,OV
"Ostrava,Skotnice",49.7852990043158,18.154807008794982,OV
"Ostrava,Skotnice",49.78486900427932,18.153440009172296,OV
"Ostrava,Polanka",49.78400200395707,18.145743008941395,OV
"Ostrava,Polanka",49.78416800457492,18.146220008848918,OV
"Ostrava,Josefa Skupy",49.84793000455485,18.174380009167333,OV
"Ostrava,Josefa Skupy",49.84783100444752,18.17301300898778,OV
"Ostrava,Pustkovec",49.8384910043936,18.168799009423473,OV
"Ostrava,Pustkovec",49.83863600471104,18.16857200944025,OV
"Ostrava,Sokola Tůmy",49.8268030045303,18.246250008554632,OV
"Ostrava,Sokola Tůmy",49.82731200459287,18.2466210085991,OV
"Ostrava,Hrabůvka,Benzina",49.7824600038511,18.27145700954531,OV
"Ostrava,Hrabůvka,Benzina",49.782741004203494,18.271874009458696,OV
"Ostrava,Na Josefské",49.84045800392279,18.324247008890456,OV
"Ostrava,Pod Kopcem",49.76286000387534,18.256022008991035,OV
"Ostrava,Pod Kopcem",49.76243100373653,18.25593600916795,OV
"Ostrava,Nová Bělá,křižovatka",49.75597800420195,18.251201008478592,OV
"Ostrava,Nová Bělá,křižovatka",49.755287004603424,18.250400009293745,OV
"Ostrava,Nová Bělá,křižovatka",49.755531003816955,18.25115200840278,OV
"Ostrava,Nová Bělá úřad",49.753597004388524,18.254374008971432,OV
"Ostrava,Nová Bělá úřad",49.75342000435703,18.255041008580125,OV
"Ostrava,Nová Bělá,školka",49.7491230042899,18.26210000891858,OV
"Ostrava,Nová Bělá,školka",49.74903000371047,18.262310008567724,OV
"Ostrava,Mitrovice",49.74604400400971,18.2708690093242,OV
"Ostrava,Mitrovice",49.74608600412651,18.271141009323244,OV
"Ostrava,Plesná,Žižkov",49.86042500386239,18.163302008528458,OV
"Ostrava,Plesná,Žižkov",49.860147004634136,18.16344100828851,OV
"Ostrava,Stavebniny",49.86093400449221,18.154571008645423,OV
"Ostrava,Stavebniny",49.86049100464057,18.154942008790307,OV
"Ostrava,Plesenka",49.86238000430249,18.147471009283997,OV
"Ostrava,Plesenka",49.86214700395614,18.147494008430424,OV
"Ostrava,Nová Plesná",49.864670003929476,18.141179009368244,OV
"Ostrava,Nová Plesná",49.864575004422676,18.141332009305692,OV
"Ostrava,Pomník RA",49.86603900439307,18.13422900833005,OV
"Ostrava,Pomník RA",49.866203004501,18.13257200937392,OV
Plesná,49.867038004505,18.12972700914447,OV
"Ostrava,Petřkovice,kaple",49.87113300406532,18.25769600920552,OV
"Ostrava,Petřkovice,kaple",49.87160300427974,18.25876800929036,OV
"Sl.Ostrava,radnice",49.836516004510216,18.299438008852054,OV
"Sl.Ostrava,radnice",49.836549004126255,18.299328008294264,OV
"Ostrava,Šilheřovická",49.876152004304124,18.269249009316837,OV
"Ostrava,Šilheřovická",49.87600100396466,18.26867700884396,OV
"Ostrava,Dubí",49.81554500406377,18.209375008730937,OV
"Ostrava,Růžová",49.85815500426343,18.30889400913543,OV
"Ostrava,Přemyšov",49.80609900461364,18.178435008704447,OV
"Ostrava,Přemyšov",49.80587000378862,18.1779320081857,OV
"Ostrava,Janová",49.805732004461696,18.168422009341672,OV
"Ostrava,Janová",49.805624003794094,18.168533008477183,OV
"Ostrava,Tomáškova",49.80112100446343,18.160985009326215,OV
"Ostrava,Tomáškova",49.80141900383629,18.161599008387114,OV
"Klimkovice,Viola",49.794158003915214,18.146583009470326,OV
"Klimkovice,Viola",49.79415600405697,18.145113008817148,OV
"Klimkovice,hřbitov",49.79248300394793,18.13972800842464,OV
"Klimkovice,hřbitov",49.79230100378348,18.139672008201252,OV
"Klimkovice,Požárnická",49.78772400384749,18.13122100848759,OV
"Klimkovice,Požárnická",49.78832600390005,18.131244008342623,OV
"Klimkovice,Dřevovýroba",49.78527600382654,18.13706300863971,OV
"Klimkovice,Dřevovýroba",49.78553400430216,18.13699800922379,OV
"Ostrava,Výškovice,Klášterského",49.77916900402824,18.213727008625614,OV
"Ostrava,Výškovice,Klášterského",49.77914300382202,18.213990009531027,OV
"Ostrava,Bartovická",49.801824004625246,18.349042009229127,OV
"Ostrava,Hrabovská",49.749490004174525,18.276081008524677,OV
"Ostrava,Hrabovská",49.74932200427372,18.276068008307135,OV
"Ostrava,Kolonie",49.75048100410738,18.247835008232265,OV
"Ostrava,Kolonie",49.75092300386845,18.248231008357106,OV
"Ostrava,Nová Bělá,Krmelínská",49.746145004168845,18.247374008316076,OV
"Ostrava,Petřkovice,náměstí",49.87564400430432,18.258663009184705,OV
"Ostrava,Petřkovice,náměstí",49.87607300438147,18.25825700867319,OV
"Ostrava,Petřkovice,náměstí",49.87533500462019,18.25864100860272,OV
"Ludgeřovice,Motel TAXI",49.87804700424551,18.254350008584066,OP
"Ludgeřovice,Motel TAXI",49.87826500386006,18.255552009427678,OP
"Ludgeřovice,hřiště",49.88270400464344,18.249092008344643,OP
"Ludgeřovice,hřiště",49.88343600437602,18.24922700901441,OP
"Ludgeřovice,kostel",49.889544004498184,18.24062400883823,OP
"Ludgeřovice,kostel",49.89012700407181,18.239433008963427,OP
"Ludgeřovice,kostel",49.890881004195656,18.239979008388417,OP
"Markvartovice,Za Chodníky",49.89800900409612,18.22205300848236,OP
"Markvartovice,Za Chodníky",49.898267004417384,18.220761008747242,OP
"Hlučín,pneuservis",49.89630000384031,18.19583900923514,OP
"Hlučín,pneuservis",49.89639700385135,18.198882009170077,OP
"Hlučín,pneuservis",49.895846004604806,18.196809008626435,OP
"Ludgeřovice,Vrablovec,střed",49.88359500416213,18.223102009235475,OP
"Ludgeřovice,Vrablovec,střed",49.88370000427992,18.22286800823507,OP
"Hlučín,U Kuchaře",49.89648400451328,18.192459008640544,OP
"Klimkovice,Nad Vodárnou",49.78946300387561,18.124247008492883,OV
"Klimkovice,Nad Vodárnou",49.788784003901554,18.125036008845296,OV
"Ostrava,Jaklovecká",49.843535004384655,18.300870009396835,OV
"Ostrava,Jaklovecká",49.843984004239516,18.30114200867207,OV
"Ostrava,U Pumpy",49.842902003999235,18.333317008526166,OV
"Ostrava,U Pumpy",49.843089004668215,18.333066009313267,OV
"Ostrava,U Lékárny",49.842851004527915,18.33947800956419,OV
"Ostrava,U Lékárny",49.84314300432012,18.33897100856272,OV
"Ostrava,Vršovců",49.83198100452199,18.247891008503018,OV
"Ostrava,Vršovců",49.83290500412978,18.24897800948987,OV
"Ostrava,Náprstkova",49.830198004364945,18.245401008717188,OV
"Ostrava,Náprstkova",49.8303060042601,18.24524800936776,OV
"Ostrava,Keramická",49.857299004190885,18.29010600895399,OV
"Ostrava,Keramická",49.85727100394958,18.290373009051958,OV
"Ostrava,Riegrova",49.86719400453937,18.28511500829423,OV
"Ostrava,Riegrova",49.86697000379996,18.2850990086212,OV
"Ostrava,Lámař",49.874580004613584,18.280038008943084,OV
"Ostrava,Lámař",49.874299004523785,18.28029800841242,OV
"Ostrava,Poruba U Nemocnice",49.83051400384757,18.160077008898217,OV
"Ostrava,Poruba U Nemocnice",49.83074100459291,18.159856009126795,OV
"Ostrava,A-blok",49.84436900410825,18.240675008640924,OV
"Ostrava,A-blok",49.84416600440399,18.240185009090546,OV
"Ostrava,Garáže Poruba",49.83714300452734,18.17140300888303,OV
"Ostrava,Garáže Poruba",49.83676600406774,18.171110009376573,OV
"Ostrava,Garáže Martinov",49.846595004328705,18.18524600812303,OV
"Ostrava,Garáže Martinov",49.846595004328705,18.18524600812303,OV
"Ostrava,Garáže Martinov",49.846595004328705,18.18524600812303,OV
"Dolní Lhota,osada",49.84028700404759,18.079314008205653,OV
"Dolní Lhota,osada",49.8403310045533,18.07983700824053,OV
"Ostrava,Antonína Poledníka",49.77933700408978,18.252055008709597,OV
"Ostrava,Antonína Poledníka",49.77893000440753,18.2517900093837,OV
"Ostrava,Antonína Poledníka",49.77852400404135,18.251697009316583,OV
"Ostrava,Václava Jiřikovského",49.77469000407224,18.247837009275795,OV
"Ostrava,Václava Jiřikovského",49.77515900422066,18.248428009354956,OV
"Ostrava,Václava Jiřikovského",49.77501400435401,18.24785900815341,OV
"Vratimov,Horní Datyně,škola",49.76330400408985,18.34964400952008,OV
"Vratimov,Horní Datyně,škola",49.76334900375625,18.349259008815988,OV
"Ostrava,Náměstí B.Němcové",49.825203004463624,18.163599008567342,OV
"Ostrava,Náměstí B.Němcové",49.82563700402963,18.162381009361052,OV
"Ostrava,Most Pionýrů",49.84040700398511,18.29217400826662,OV
"Ostrava,Most Pionýrů",49.84064900456811,18.292039009157417,OV
"Ostrava,Most Pionýrů",49.84093800389196,18.293197008639375,OV
"Ostrava,Most Pionýrů",49.84081600421825,18.29059700915177,OV
"Ostrava,Most Pionýrů",49.84005500437883,18.291091008969904,OV
"Ostrava,Hrabová,PZ jih",49.759126004285996,18.269353008381444,OV
"Ostrava,Hrabová,PZ jih",49.75860800407079,18.269147008677873,OV
"Ostrava,Míroděv",49.81128800427941,18.364647009452845,OV
"Ostrava,Míroděv",49.81154700416749,18.36491900941359,OV
"Ostrava,STAV-IZOL",49.81811800447045,18.319010009229736,OV
"Ostrava,STAV-IZOL",49.817768004163426,18.319316008541694,OV
"Ostrava,Svinov,vysílač",49.811352004068745,18.19344400909133,OV
"Ostrava,Svinov,vysílač",49.81103100434059,18.193257009098353,OV
"Ostrava,Bazaly",49.84525700402413,18.29673900886121,OV
"Ostrava,Bazaly",49.84619600398831,18.295806009294562,OV
"Ostrava,Bazaly",49.844688004170294,18.297062008816418,OV
"Ostrava,Bazaly",49.844445003912426,18.29721200840832,OV
"Ostrava,Bazaly",49.84486200444258,18.29709700945863,OV
"Hlučín,Rovniny,U Vodárny",49.892626004516266,18.203826008310692,OP
"Hlučín,Rovniny,U Vodárny",49.89307100405289,18.203189009164433,OP
"Ostrava,U Boříka",49.82200000408732,18.22327600948341,OV
"Ostrava,U Boříka",49.82207600437519,18.222729008156694,OV
"Ostrava,U Boříka",49.821540004246685,18.218912009208278,OV
"Ostrava,Karpatská",49.80519700420841,18.24169300839657,OV
"Ostrava,Karpatská",49.80497700401239,18.24247900911894,OV
"Ostrava,Karpatská",49.80537500449062,18.241532008995875,OV
"Ostrava,Karpatská",49.80518200441348,18.24044200909025,OV
"Ostrava,Podsedliště",49.887512004227375,18.292799008886103,OV
"Ostrava,Podsedliště",49.88724200428607,18.29263200881468,OV
"Ostrava,Blatouchová",49.892923004669974,18.30209500925769,OV
"Ostrava,Blatouchová",49.89333400422461,18.303126008960902,OV
"Hlučín,sídl.OKD",49.90507300426728,18.190878008967843,OP
"Hlučín,sídl.OKD",49.90440200449641,18.190960009249668,OP
"Bohumín,Záblatí,sokolovna",49.883638004101215,18.37462900949374,KA
"Bohumín,Záblatí,sokolovna",49.88413400461245,18.376004008446216,KA
"Bohumín,Záblatí,střed",49.88426600438547,18.370550009301958,KA
"Bohumín,Záblatí,střed",49.883838004100866,18.37079300901183,KA
"Ostrava,Petra Křičky",49.82754200445197,18.276563009539675,OV
"Ostrava,Petra Křičky",49.82760400414139,18.277154008806928,OV
"Ostrava,Černá louka",49.83470500433246,18.29360100849466,OV
"Ostrava,Jižní svahy",49.820751004061115,18.190381008245428,OV
"Ostrava,Jižní svahy",49.8210560042849,18.189915009243524,OV
"Ostrava,Kosmonautů",49.78769400414191,18.232773008729534,OV
"Ostrava,Zábřeh,Korýtko",49.79203900401174,18.222782009261877,OV
"Ostrava,Krásné Pole,Planetárium",49.8374580043176,18.144104008769922,OV
"Ostrava,Rozcestí k Planetáriu",49.84041600427908,18.137864008593287,OV
"Ostrava,Rozcestí k Planetáriu",49.840404004291074,18.137754009219,OV
"Ostrava,U Hůry",49.859575004702535,18.16757800895936,OV
"Ostrava,U Hůry",49.85907800398662,18.168915008477782,OV
"Ostrava,Stará Bělá,kostel",49.763140004127195,18.236405008572653,OV
"Ostrava,Stará Bělá,kostel",49.76365900388326,18.235412009105133,OV
"Ostrava,U Balcara",49.75614700382447,18.248237008819938,OV
"Ostrava,U Balcara",49.75625200380344,18.248354009570207,OV
"Ostrava,Petřkovice,lékárna",49.87363400419277,18.259876008794645,OV
"Ostrava,Petřkovice,lékárna",49.873970004554984,18.259950008367575,OV
"Ostrava,Králičí",49.80930600415634,18.292539009412682,OV
"Ostrava,Králičí",49.80973600429683,18.293345009053223,OV
"Ostrava,Hradní náměstí",49.831101004621466,18.30141300860397,OV
"Ostrava,Hradní náměstí",49.832256004034896,18.30060700865137,OV
"Ostrava,Fryštátská",49.81217200432715,18.335268009320796,OV
"Ostrava,Fryštátská",49.81193400445606,18.335475009512656,OV
"Petřvald,Parcelace",49.83466200418951,18.401108009583236,KA
"Petřvald,Parcelace",49.83374600375651,18.400275009033255,KA
"Ostrava,Dubina",49.770339004611635,18.245669009323052,OV
"Ostrava,Dubina",49.77092000454196,18.245720008373766,OV
"Ostrava,Dubina",49.770542004265984,18.24647900850209,OV
"Ostrava,Dubina",49.7708500040207,18.2457910083791,OV
"Ostrava,Mariánské Hory",49.82640300458098,18.25864300902669,OV
"Ostrava,Mariánské Hory",49.826234004090765,18.259088009520863,OV
"Ostrava,Mariánské Hory",49.826276004248946,18.25805200922392,OV
"Petřvald,Březiny",49.83746000418297,18.405326009025718,KA
"Petřvald,Březiny",49.837695004169156,18.404781009633883,KA
"Ostrava,Krematorium",49.8334730037901,18.311964009020784,OV
Šenov ČSAD,49.7907250037566,18.396302009013812,OV
Šenov ČSAD,49.790789003934144,18.39708300850201,OV
U Nádraží,49.791494004406005,18.407124008546855,KA
U Nádraží,49.791396003831984,18.403759008523796,KA
Havířov radnice,49.783534004080074,18.424087008570794,KA
Havířov radnice,49.78414800434387,18.42363800916319,KA
Havířov střed,49.7787360045468,18.436220009191008,KA
Havířov střed,49.779116004035565,18.435377008918824,KA
Podlesí Úřad práce,49.775681004291236,18.44560100917709,KA
Podlesí Úřad práce,49.77579700419683,18.445913008661964,KA
"Ludgeřovice,Chovatelská",49.893275004495635,18.23439700918207,OP
"Ludgeřovice,Chovatelská",49.893631004463415,18.234324009379772,OP
"Hlučín,hřbitov Březiny",49.881741003820466,18.208289008742188,OP
"Hlučín,hřbitov Březiny",49.88174900401794,18.208589009147673,OP
"Klimkovice,centrum",49.787113003779126,18.129485008876827,OV
"Klimkovice,centrum",49.78693700373347,18.12957500839266,OV
"Klimkovice,Hýlov,V Důlkách",49.79322300450358,18.115087008288317,OV
"Klimkovice,Hýlov,V Důlkách",49.793173004526665,18.114846008309172,OV
"Klimkovice,Hýlov,Na Kopci",49.79658800444881,18.104618008748062,OV
"Klimkovice,Hýlov,Na Kopci",49.796013004519395,18.10513600929405,OV
"Klimkovice,Hýlov,Sanatoria",49.8057860042267,18.098118008623345,OV
"Klimkovice,Hýlov,Sanatoria",49.80584600392072,18.097664008523214,OV
"Ostrava,Plesná,Globus",49.84739700457322,18.145491008190003,OV
"Ostrava,Plesná,Globus",49.84751100445739,18.14532300914019,OV
"Ludg.,Vrablovec,samoobsluha",49.880250004380514,18.24564800863082,OP
"Ludg.,Vrablovec,samoobsluha",49.88043500467264,18.245304009039824,OP
"Hlučín,Petra Bezruče",49.9021800044632,18.189768009010525,OP
"Hlučín,Darkovičky,rozc.Píšť",49.91672800447775,18.197474009059604,OP
"Hlučín,Darkovičky,rozc.Píšť",49.91671200441853,18.197080008409234,OP
"Hlučín,Darkovičky",49.91913200439499,18.20082500813499,OP
"Hlučín,Darkovičky",49.91910000406474,18.200420009251218,OP
"Ostrava,U Statku",49.789368004184084,18.350977008723586,OV
"Ostrava,U Statku",49.789382004560764,18.351506008478232,OV
"Ostrava,Podzámčí",49.785183004251415,18.348812009464254,OV
"Ostrava,Podzámčí",49.78527500381672,18.349073008633763,OV
"Hlučín,Rovniny,školka",49.88762200451721,18.209478008222465,OP
"Hlučín,Rovniny,školka",49.88752700464539,18.20999400937225,OP
"Ostrava,U Hradu",49.830537004663114,18.296669009450927,OV
"Ostrava,U Hradu",49.83018100449277,18.29677700905504,OV
"Ostrava,U Hradu",49.83198200436673,18.297707009028443,OV
"Ostrava,U Hradu",49.83186400450757,18.2980490084164,OV
"Ludg.,Vrablovec,transformátor",49.884877004422144,18.21760600949857,OP
"Ludg.,Vrablovec,transformátor",49.88487700438224,18.2179700093391,OP
"Ostrava,Alpine IPS",49.780688004309525,18.345264009300887,OV
"Ostrava,Hálkova",49.85633200441761,18.25829900842354,OV
"Ostrava,Hálkova",49.85664800404242,18.259320008488864,OV
"Hlučín,žel.st.",49.90065700469861,18.19349700889636,OP
"Hlučín,žel.st.",49.90065800457041,18.19360400890407,OP
"Ostrava,Horní brána",49.83507500426177,18.175606008553416,OV
"Ostrava,Horní brána",49.83478900424205,18.169861009219254,OV
"Ostrava,Horní brána",49.83495300442147,18.175926008359408,OV
"Ostrava,Horní brána",49.83465500380212,18.1734320089305,OV
"Ostrava,Konzervatoř",49.83812800385716,18.284202008891604,OV
"Ostrava,Konzervatoř",49.8382050043422,18.283609008789544,OV
"Ostrava,Konzervatoř",49.839474004524256,18.28298000858114,OV
"Ostrava,Outlet centrum",49.859283003858856,18.255364008961518,OV
"Ostrava,Outlet centrum",49.859303004111354,18.255254008668565,OV
"Ostrava,Kotkova",49.81546100404888,18.262264008926792,OV
"Ostrava,Kotkova",49.81485700385612,18.263254008308763,OV
"Ostrava,Vítkovice,hřbitov",49.79768200410626,18.261365009354403,OV
"Ostrava,Vítkovice,hřbitov",49.79727400399829,18.262007009400648,OV
"Ostrava,Most Mládeže",49.79848700446987,18.24684700886619,OV
"Ostrava,Most Mládeže",49.798268004635204,18.247556009396284,OV
"Ostrava,AVION",49.80180800454753,18.22707500824211,OV
"Ostrava,Senovážná",49.83255900404421,18.279609008992377,OV
"Ostrava,Marešova",49.84676100445207,18.335876008929525,OV
"Ostrava,Marešova",49.8454880041279,18.334365009595714,OV
"Šenov,Lapačka",49.76838600423184,18.380632008838923,OV
"Šenov,Lapačka",49.76829400420477,18.380445009565094,OV
"Václavovice,rest.u Čepaníků",49.75604900368661,18.38276400843863,OV
"Václavovice,rest.u Čepaníků",49.755971003882735,18.38256800891982,OV
"Václavovice,střed",49.756352003790624,18.37236400860705,OV
"Šenov,U Pekárny",49.76401300421665,18.383170008969344,OV
"Šenov,V Družstvu",49.799978004581305,18.37549200900663,OV
"Šenov,V Družstvu",49.800638004022495,18.375685009648492,OV
"Šenov,Petřvaldská",49.807392004239105,18.37786500889452,OV
"Šenov,Petřvaldská",49.807083004296985,18.377561008908714,OV
"Ostrava,Radova",49.79349700404754,18.354720009476168,OV
"Ostrava,Radova",49.793813004526406,18.35530500867017,OV
"Ostrava,Fišerova",49.8501870042743,18.33479700827909,OV
"Ostrava,Fišerova",49.85018300434293,18.334612009470888,OV
"Ostrava,Valchařská",49.84446400439912,18.280294009282372,OV
"Ostrava,Valchařská",49.84311000423759,18.27956600891386,OV
"Ostrava,Městská nemocnice",49.83284400434163,18.276980008667163,OV
"Ostrava,Čs. legií",49.836914004333195,18.28979000822515,OV
"Ostrava,Divadlo loutek",49.83410800434032,18.292358008634437,OV
"Ostrava,Kopaniny",49.85091600451573,18.14548000841884,OV
"Ostrava,Kopaniny",49.85255700455466,18.14694500846698,OV
"Ostrava,Liščí",49.8596600044744,18.148443008760253,OV
"Ostrava,Vlnitá",49.85796300399044,18.15216500843283,OV
"Ostrava,Plesná,statek",49.85660900462641,18.15070900941737,OV
"Ostrava,Plesná,statek",49.85565500420468,18.149891008354672,OV
"Ostrava,Spojovací",49.846930003901065,18.150927008812108,OV
"Ostrava,Spojovací",49.847260003963854,18.15075600890743,OV
"Vřesina,Skalka",49.818851004657766,18.138727009209465,OV
"Ostrava,Svinov,nádraží",49.82144000420626,18.208896008779202,OV
"Ostrava,Svinov,nádraží",49.821192004336496,18.208532009073277,OV
"Ostrava,Garáže Hranečník",49.822366004232315,18.32124600865148,OV
"Ostrava,Garáže Hranečník",49.822366004232315,18.32124600865148,OV
"Ostrava,Garáže Hranečník",49.822366004232315,18.32124600865148,OV
"Ostrava,Daliborova",49.82739800430527,18.254088009084025,OV
"Ostrava,Kunčičky,kostel",49.80828200387118,18.30481100852727,OV
"Ostrava,Kunčičky,kostel",49.808709004337715,18.304624009005348,OV
"Ostrava,Poruba,radnice",49.82253400416777,18.16650900909747,OV
"Ostrava,Poruba,radnice",49.82263200379744,18.16637400876846,OV
"Ostrava,Nádraží Kunčice",49.789181004210114,18.290274008852606,OV
"Ostrava,Nádraží Kunčice",49.78911000392198,18.289957008720567,OV
"Ostrava,U Garáží",49.8730980042388,18.251703008309228,OV
"Ostrava,U Garáží",49.87329100450062,18.25218000947977,OV
Za Obchodem,49.870569004056065,18.244749008525165,OP
"Ostrava,Za Obchodem",49.87059700382761,18.245003008968798,OV
Havraní,49.86842600431667,18.241754009467396,OP
"Ostrava,Havraní",49.86852500403259,18.24203100909047,OV
"Ostrava,Petřkovice,Nordpól",49.86579200428714,18.241166009213824,OV
"Ostrava,Petřkovice,Nordpól",49.8656570038924,18.24129100834934,OV
"Ostrava,Petřkovice,Nordpól",49.86568400407674,18.241203009105913,OV
"Ostrava,Panská",49.83819700400417,18.33818800891307,OV
"Ostrava,Panská",49.838665004137304,18.338757009119938,OV
"Ostrava,Bláhova",49.837939004040784,18.34541700961933,OV
"Ostrava,Michálské náměstí",49.84033300453926,18.346023009266013,OV
"Ostrava,Zlatnictví",49.837836004385544,18.350590008338713,OV
"Ostrava,Zlatnictví",49.837908004588094,18.350586009238754,OV
"Ostrava,Michálkovice,Brazílie",49.83352000404079,18.359229008769958,OV
"Ostrava,Rajská",49.83485000411955,18.354685008446225,OV
"Ostrava,Hasičská zbrojnice",49.840331004038376,18.348728008925306,OV
"Ostrava,Botanická zahrada",49.82763300401701,18.324851008310894,OV
"Ostrava,Botanická zahrada",49.82792200387705,18.324888008802706,OV
"Ostrava,Kramolišova",49.83048000449011,18.326549008754395,OV
"Ostrava,Kramolišova",49.830580004501634,18.32646000892002,OV
"Ostrava,Kovařovicova",49.83635000390544,18.328738008719014,OV
"Ostrava,Kovařovicova",49.83661600380814,18.32859100875403,OV
"Ostrava,Čihalíkova",49.83489900461199,18.349129009082507,OV
"Paskov,rozcestí k dolu",49.74214400444815,18.28250200920374,FM
"Paskov,rozcestí k dolu",49.74234900395718,18.282056008383233,FM
"Paskov,podchod",49.733327003735745,18.28285800869785,FM
"Paskov,podchod",49.7330910043665,18.282715008778034,FM
"Paskov,sokolovna",49.731812004418316,18.288906008514086,FM
"Paskov,sokolovna",49.73167500397836,18.289856008375725,FM
"Paskov,zámek",49.732497004262136,18.29267900873718,FM
"Paskov,zámek",49.73239000457124,18.29299600952382,FM
"Paskov,Folvark",49.73079900438909,18.299895009143516,FM
"Ludgeřovice,obecní úřad",49.89317800427955,18.238499008814458,OP
"Markvartovice,Wybranetz",49.90161700443519,18.23565800940975,OP
"Markvartovice,Wybranetz",49.9017460038873,18.23568800919103,OP
"Markvartovice,obecní úřad",49.90935000419096,18.234129009329912,OP
"Markvartovice,obecní úřad",49.90952800408372,18.234164008331486,OP
"Markvartovice,Hříbovec",49.91476100388588,18.23744100948887,OP
"Markvartovice,Hříbovec",49.9151480042104,18.237526008265373,OP
"Markvartovice,rozc.Štípky",49.920270004266726,18.24403900893211,OP
"Markvartovice,rozc.Štípky",49.92043900380979,18.244374008422547,OP
"Šilheřovice,Fulneček",49.923589004385526,18.260665009202697,OP
"Šilheřovice,Fulneček",49.92373000465376,18.26119100929511,OP
"Šilheřovice,obecní úřad",49.92592700450435,18.270190008380617,OP
"Šilheřovice,obecní úřad",49.92576300468889,18.269633009351843,OP
"Šilheřovice,SOU",49.9270000045108,18.27288400915096,OP
"Šilheřovice,Ricka",49.928310004202494,18.284587009455628,OP
"Šilheřovice,Ricka",49.92828000441992,18.284927009363766,OP
