"Bušovice, Sedlecko",49.80608004394271,13.527739529704503,RO,CZ
"Bušovice, Sedlecko",49.806148707134845,13.527549748459636,RO,CZ
"Plzeň,Bolevec",49.78417280711156,13.383509148455747,PM,CZ
"Plzeň,Bolevec",49.783760813475794,13.383782713966198,PM,CZ
"Plzeň,Bolevec",49.78367940214286,13.383413493502307,PM,CZ
"Plzeň,Bolevec",49.78366500234989,13.383212097429261,PM,CZ
"Plzeň,Bolevec",49.78368721441139,13.384300972865944,PM,CZ
"Zruč - Senec, V Koutě",49.79291553371956,13.411347944756017,PS,CZ
"Plzeň,Košutka",49.782241721563764,13.373055448266824,PM,CZ
"Plzeň,Košutka",49.78236936051468,13.372482682758305,PM,CZ
"Plzeň,Košutka",49.781704046124894,13.37141937566212,PM,CZ
Město Touškov,49.77613085147905,13.251199725500948,PS,CZ
"Plzeň,Dolní Vlkýš",49.78439508662992,13.28694885174283,PM,CZ
"Plzeň,Dolní Vlkýš",49.784330573257144,13.287139868229312,PM,CZ
"Třemošná, ves",49.824309537871464,13.390126664989916,PS,CZ
"Třemošná, ves",49.824286913049,13.390174141832357,PS,CZ
"Třemošná, sídliště",49.81396362812148,13.39377469129689,PS,CZ
"Třemošná, sídliště",49.81417076395985,13.394028661825212,PS,CZ
"Třemošná, Orlík",49.80992419398093,13.391812267029737,PS,CZ
"Třemošná, Orlík",49.809955460631365,13.391945476003526,PS,CZ
"Třemošná, u pošty",49.81683999515816,13.3956772695964,PS,CZ
"Plzeň,Orlík",49.803113244361796,13.393425308720323,PM,CZ
"Plzeň,Orlík",49.80311737551967,13.3938991084051,PM,CZ
"Třemošná, Pod Luhovou",49.81293843321383,13.406114650171356,PS,CZ
"Třemošná, Pod Luhovou",49.81279274120462,13.40654369789124,PS,CZ
"Plzeň,Bolevec",49.783680435383154,13.384567561037391,PM,CZ
"Zruč - Senec, V Koutě",49.79228975406665,13.411086918921226,PS,CZ
"Zruč - Senec, u pomníku",49.79801718804502,13.415338759774855,PS,CZ
"Zruč - Senec, u pomníku",49.798134637824454,13.415423695813258,PS,CZ
"Zruč - Senec, u Drudíků",49.802605898203375,13.418551089368247,PS,CZ
"Zruč - Senec, u Drudíků",49.802541500100425,13.418636392599542,PS,CZ
"Zruč - Senec, rozc.",49.80789856301296,13.42096714473584,PS,CZ
"Zruč - Senec, rozc.",49.80779994285792,13.42107449966373,PS,CZ
Zruč - Senec,49.809293484394544,13.432185750134547,PS,CZ
Zruč - Senec,49.80878438412735,13.432437064791488,PS,CZ
"Plzeň,K Prokopávce",49.780515947835504,13.388739838953505,PM,CZ
"Plzeň,Okounová",49.78046766170336,13.383300639395127,PM,CZ
"Plzeň,Okounová",49.78017855316723,13.382663139059284,PM,CZ
"Plzeň,Okounová",49.7801571720883,13.382420067249537,PM,CZ
"Plzeň,Okounová",49.779360067908925,13.38300694460883,PM,CZ
"Plzeň,Okounová",49.77884633585869,13.381653731287807,PM,CZ
"Plzeň,Okounová",49.778966564924225,13.381515210757199,PM,CZ
"Plzeň,Bolevecká náves",49.776281257060894,13.38043961254813,PM,CZ
"Plzeň,Bolevecká náves",49.77584616700098,13.379706732529492,PM,CZ
"Plzeň,Bolevecká náves",49.77483997687332,13.379280750978413,PM,CZ
"Plzeň,Bolevecká náves",49.774582977536824,13.379070389780335,PM,CZ
"Plzeň,Komenského",49.775009963351145,13.374448993936177,PM,CZ
"Plzeň,Komenského",49.77532398630218,13.371030865891465,PM,CZ
"Plzeň,Plzeňka",49.778730768009915,13.369640209812996,PM,CZ
"Plzeň,Plzeňka",49.778198531642964,13.369233940482637,PM,CZ
"Plzeň,Majakovského",49.771780130581696,13.377013815353017,PM,CZ
"Plzeň,Majakovského",49.77135453918968,13.376956815397339,PM,CZ
"Plzeň,Majakovského",49.77106311041192,13.376735496157307,PM,CZ
"Plzeň,Majakovského",49.77087216580868,13.376805799560872,PM,CZ
"Plzeň,Mozartova",49.769433851124056,13.375680207970351,PM,CZ
"Plzeň,Mozartova",49.76816838392219,13.37470078844282,PM,CZ
"Plzeň,U Gery",49.767631085212834,13.374479106962328,PM,CZ
"Plzeň,U Gery",49.767369173298,13.373771757940498,PM,CZ
"Plzeň,U Gery",49.76682200861885,13.373515763021091,PM,CZ
"Plzeň,U Gery",49.7665872334748,13.373257323103374,PM,CZ
"Plzeň,Úřad Lochotín",49.76688996216066,13.371816488358482,PM,CZ
"Plzeň,Úřad Lochotín",49.766711038357506,13.371835937741038,PM,CZ
"Plzeň,K Nemocnici",49.76583458513134,13.373957735855509,PM,CZ
"Plzeň,Nádraží Bílá Hora",49.76837525635045,13.401471188104148,PM,CZ
"Plzeň,Nádraží Bílá Hora",49.76842725241981,13.401444989191406,PM,CZ
"Plzeň,Chlumek",49.77415584991144,13.42908721906251,PM,CZ
"Plzeň,Chlumek",49.774639755014874,13.427527974879656,PM,CZ
"Plzeň,U Kondrů",49.77254376798581,13.407067423542175,PM,CZ
"Plzeň,U Kondrů",49.7727525180116,13.40780494476739,PM,CZ
"Plzeň,Bolevecký rybník",49.77117260018603,13.397367528965306,PM,CZ
"Plzeň,Bolevecký rybník",49.77132889396512,13.396905597294511,PM,CZ
"Plzeň,Papírna Bukovec",49.77500516680913,13.421137833793528,PM,CZ
"Plzeň,Bílá Hora",49.77591654090282,13.409030149268506,PM,CZ
"Plzeň,Bílá Hora",49.77606589700799,13.409170785445756,PM,CZ
"Plzeň,Lesní závod",49.77926604785907,13.409961018678946,PM,CZ
"Plzeň,Malý Bolevec",49.77615175969723,13.389318864821357,PM,CZ
"Plzeň,Malý Bolevec",49.775403292733216,13.388893333669914,PM,CZ
"Plzeň,Severka",49.77457063265021,13.36672818046232,PM,CZ
"Plzeň,Severka",49.77469659688543,13.366635216580562,PM,CZ
"Plzeň,Severka",49.775610674185906,13.36613087519136,PM,CZ
"Plzeň,Severka",49.776287412642425,13.367955686785162,PM,CZ
"Plzeň,Žlutická",49.775594969685706,13.362501158426136,PM,CZ
"Plzeň,Žlutická",49.775676670868634,13.360354657849578,PM,CZ
"Plzeň,Krašovská",49.775188178593275,13.35659013442539,PM,CZ
"Plzeň,Krašovská",49.77530985894708,13.355947713579141,PM,CZ
"Plzeň,Hokejová hala",49.77494539231691,13.354389735691349,PM,CZ
"Plzeň,Hokejová hala",49.77459697160944,13.353901593969091,PM,CZ
"Plzeň,Severka",49.77527191625429,13.368977675280112,PM,CZ
"Plzeň,Severka",49.776076803704356,13.368027531198223,PM,CZ
"Plzeň,Sokolovská",49.77195277132375,13.3649227689166,PM,CZ
"Plzeň,Sokolovská",49.771404229785006,13.36453364433942,PM,CZ
"Plzeň,Sokolovská",49.77041652212408,13.364065907893746,PM,CZ
"Plzeň,Sokolovská",49.77027454854755,13.363549047408641,PM,CZ
"Plzeň,U Družby",49.767361687083515,13.364699899878968,PM,CZ
"Plzeň,U Družby",49.76717677917008,13.364044939653429,PM,CZ
"Plzeň,U Družby",49.76807627595613,13.362867636060546,PM,CZ
"Plzeň,U Družby",49.767742018688686,13.362915951908793,PM,CZ
"Plzeň,Zoologická zahrada",49.7611967994863,13.36756682100286,PM,CZ
"Plzeň,Zoologická zahrada",49.76127761673728,13.367346201227603,PM,CZ
"Plzeň,Boženy Němcové",49.76346040995983,13.365039481131303,PM,CZ
"Plzeň,Boženy Němcové",49.76396531855025,13.364795259392295,PM,CZ
"Plzeň,Lochotínský pavilón",49.7619562255534,13.364495854872281,PM,CZ
"Plzeň,Nemocnice Privamed",49.76526686098665,13.36182894781204,PM,CZ
"Plzeň,Nemocnice Privamed",49.7654800774013,13.361741915205164,PM,CZ
"Plzeň,Amfiteátr",49.7614090951836,13.361839925881053,PM,CZ
"Plzeň,Tleskačova",49.76968252866566,13.35785803760268,PM,CZ
"Plzeň,Amfiteátr",49.762247707299494,13.359575108358056,PM,CZ
"Plzeň,Tleskačova",49.76960154865354,13.357791759002726,PM,CZ
"Plzeň,ZOO",49.75785733245239,13.360598915512528,PM,CZ
"Plzeň,ZOO",49.75784240652689,13.360402961639133,PM,CZ
"Plzeň,Brněnská",49.76262963720573,13.357294957715464,PM,CZ
"Plzeň,Sídliště Košutka",49.7777201448333,13.354913962822577,PM,CZ
"Plzeň,Sídliště Košutka",49.77751176818886,13.35492038186112,PM,CZ
"Plzeň,Sídliště Košutka",49.777625789161526,13.35455057987944,PM,CZ
"Plzeň,U Bouzků",49.754229864501035,13.353178919159193,PM,CZ
"Plzeň,U Bouzků",49.753902240580935,13.354227196764102,PM,CZ
NC Úněšovská,49.776345335314744,13.348941026385784,PS,CZ
"Plzeň,NC Úněšovská",49.776357188271355,13.349962992633944,PM,CZ
"Plzeň,Skautská",49.77160257507962,13.353907822976899,PM,CZ
"Plzeň,Skautská",49.77168925592435,13.353071384725151,PM,CZ
"Plzeň,Brněnská",49.763489728520774,13.355156456659687,PM,CZ
"Plzeň,Sídliště Košutka",49.77747900961311,13.35454406221658,PM,CZ
"Plzeň,Hodonínská",49.76369939119295,13.348696448464342,PM,CZ
"Plzeň,Slupská",49.76138772667858,13.348168897806158,PM,CZ
"Plzeň,Slupská",49.76141484806584,13.348039250384636,PM,CZ
"Plzeň,Hodonínská",49.763661858589145,13.351373894885205,PM,CZ
"Plzeň,Vinice",49.7593179811009,13.349772023112894,PM,CZ
"Plzeň,Vinice",49.75870285824419,13.350324621051481,PM,CZ
Kozolupy I.,49.764982559715556,13.249153066020604,PS,CZ
Kozolupy I.,49.7649709426809,13.249127732932623,PS,CZ
"Kozolupy, u Jána",49.763430267996476,13.256135649954773,PS,CZ
"Plzeň,Malesice",49.770641099327165,13.2981760261358,PM,CZ
"Plzeň,Malesice",49.77046082135568,13.297825356037736,PM,CZ
"Kozolupy, u Jána",49.76289081574546,13.25967597838542,PS,CZ
"Vochov, rozc.",49.7602982750134,13.276340260115042,PS,CZ
Vochov,49.75751652093531,13.278556835954909,PS,CZ
"Plzeň,Pod Kyjovem",49.76601756284002,13.315670645974427,PM,CZ
"Plzeň,Pod Kyjovem",49.76548137818032,13.317021297038373,PM,CZ
"Plzeň,Radčice",49.76364915749138,13.323769561655949,PM,CZ
"Plzeň,Radčice",49.76367967277884,13.324049941794248,PM,CZ
"Plzeň,Náves Radčice",49.762466353210336,13.326237273709852,PM,CZ
"Plzeň,Náves Radčice",49.76220964373049,13.326676838324833,PM,CZ
"Plzeň,Křimice",49.75337158722979,13.302252806301414,PM,CZ
"Plzeň,Chebská",49.756182606742044,13.306573564172075,PM,CZ
"Plzeň,Chebská",49.756343327466155,13.306451403647745,PM,CZ
"Plzeň,Zámecké náměstí",49.75862172045788,13.307598746092408,PM,CZ
"Plzeň,Zámecké náměstí",49.7587817136327,13.307561011398967,PM,CZ
"Plzeň,K Rozvodně",49.754689677759536,13.312625680211978,PM,CZ
"Plzeň,Ke Kovářce",49.76241277538409,13.33312411111601,PM,CZ
"Plzeň,Ke Kovářce",49.76186130930902,13.331781716214376,PM,CZ
"Plzeň,K Rozvodně",49.75395176167574,13.315003766132616,PM,CZ
"Plzeň,V Ráji",49.76291864011811,13.38841359043631,PM,CZ
"Plzeň,V Ráji",49.762531726755135,13.387900515242215,PM,CZ
"Plzeň,Zadní Roudná",49.75865152201422,13.383306239787183,PM,CZ
"Plzeň,Zadní Roudná",49.7587953436538,13.38310408374852,PM,CZ
"Plzeň,Rondel",49.753716120426475,13.377513253432166,PM,CZ
"Plzeň,Lochotínská",49.751718640884114,13.376922193571044,PM,CZ
"Plzeň,Rondel",49.75389095099286,13.37514780490045,PM,CZ
"Plzeň,Rondel",49.75556950739875,13.375425731800027,PM,CZ
"Plzeň,Pod Záhorskem",49.75742080629207,13.372644835624358,PM,CZ
"Plzeň,Pod Záhorskem",49.75786650113084,13.372091079389385,PM,CZ
"Plzeň,Na Jánské",49.75757669168615,13.37132950476559,PM,CZ
"Plzeň,Na Jánské",49.75767276635058,13.371383074297498,PM,CZ
"Plzeň,Lékařská fakulta",49.760752410289314,13.370002408790375,PM,CZ
"Plzeň,Lékařská fakulta",49.761602051956146,13.370174004853824,PM,CZ
"Plzeň,Nemocnice Lochotín",49.764095563670914,13.379756114346169,PM,CZ
"Plzeň,Nemocnice Lochotín",49.76412111608486,13.379553564683386,PM,CZ
"Plzeň,Lochotínská",49.75177665144486,13.377037922693233,PM,CZ
"Plzeň,Malická",49.75435798280623,13.378239908885973,PM,CZ
"Plzeň,Malická",49.75433167612117,13.378514676740998,PM,CZ
"Plzeň,Otýlie Beníškové",49.752834337206046,13.37834298150225,PM,CZ
"Plzeň,Otýlie Beníškové",49.75216454744129,13.37874381361656,PM,CZ
"Plzeň,Na Rychtářce",49.7496073249157,13.38069200919629,PM,CZ
"Plzeň,Lékařská fakulta",49.7619159012334,13.370520671328153,PM,CZ
"Plzeň,Lékařská fakulta",49.76219232841493,13.370659697675718,PM,CZ
"Plzeň,Červený Hrádek",49.7569737319858,13.457308405627971,PM,CZ
"Plzeň,Červený Hrádek",49.75815216775231,13.458760590021239,PM,CZ
"Plzeň,Na Rozcestí",49.75628811062901,13.451965978529659,PM,CZ
"Plzeň,Na Rozcestí",49.756290639488185,13.451712740343703,PM,CZ
"Plzeň,U Továrničky",49.7561626799311,13.447054582381606,PM,CZ
"Plzeň,U Továrničky",49.756228283861134,13.446702446524702,PM,CZ
"Plzeň,Ejpovická",49.756871503662964,13.433095956000393,PM,CZ
"Plzeň,Ejpovická",49.75698992850745,13.432760807830654,PM,CZ
"Plzeň,Náměstí Karla Panušky",49.759727544543516,13.436135277531715,PM,CZ
"Plzeň,Náměstí Karla Panušky",49.76033443369016,13.435993746557973,PM,CZ
"Plzeň,Svatojirská",49.762590395945594,13.436239444416465,PM,CZ
"Plzeň,Svatojirská",49.76286417187837,13.436264140777636,PM,CZ
"Plzeň,Rozcestí Újezd",49.764581504397476,13.43808996638253,PM,CZ
"Plzeň,Rozcestí Újezd",49.7645948943888,13.437697003130719,PM,CZ
"Plzeň,Jatky",49.75710303041035,13.405076453471331,PM,CZ
"Plzeň,Kovošrot",49.759417280885714,13.40613294554551,PM,CZ
"Plzeň,Kovošrot",49.76003272764753,13.406010253498305,PM,CZ
"Plzeň,Čisticí stanice",49.76209284003649,13.403805129579963,PM,CZ
"Plzeň,Bukovec",49.76913471539014,13.440409900333192,PM,CZ
"Plzeň,Bukovec",49.76918251653594,13.440061805955123,PM,CZ
"Plzeň,Čisticí stanice",49.76206965717166,13.403731792825004,PM,CZ
"Plzeň,Jatky",49.75605227764478,13.403709049791482,PM,CZ
"Plzeň,Teplárna",49.752684883568804,13.402560195048478,PM,CZ
"Plzeň,Teplárna",49.75162453763813,13.40222802859372,PM,CZ
"Plzeň,Doubravka",49.75886199794335,13.425001980232276,PM,CZ
"Plzeň,Doubravka",49.75912169957177,13.423430455438895,PM,CZ
"Plzeň,Doubravka",49.75879513783633,13.424347977819844,PM,CZ
"Plzeň,Doubravka",49.75860253211562,13.42423665423944,PM,CZ
"Plzeň,Doubravka",49.75849881316399,13.423929183659386,PM,CZ
"Plzeň,Habrmannovo nám.",49.75798862173655,13.421503607285784,PM,CZ
"Plzeň,Habrmannovo nám.",49.75736051574509,13.420967719619714,PM,CZ
"Plzeň,Husův park",49.757111418774095,13.412874463482586,PM,CZ
"Plzeň,Husův park",49.75685409474758,13.413479772264042,PM,CZ
"Plzeň,Poliklinika Doubravka",49.75509315455318,13.418445453080007,PM,CZ
"Plzeň,Poliklinika Doubravka",49.754948363887834,13.417154519344887,PM,CZ
"Plzeň,Poliklinika Doubravka",49.75370820525756,13.416583489513052,PM,CZ
"Plzeň,Na Dlouhých",49.753517565405275,13.422767945288465,PM,CZ
"Plzeň,Na Dlouhých",49.753315759648025,13.422497763558766,PM,CZ
"Plzeň,Pošta logistika",49.75201132846028,13.322789077958857,PM,CZ
"Plzeň,Pošta logistika",49.751838989262296,13.32288582797105,PM,CZ
"Plzeň,Zadní Skvrňany",49.747126756228816,13.32593881202646,PM,CZ
"Plzeň,Zadní Skvrňany",49.746851030734646,13.326859887120225,PM,CZ
"Plzeň,Lábkova",49.74501200467742,13.324395347991482,PM,CZ
"Plzeň,Karla Steinera",49.74208965373145,13.329336070732632,PM,CZ
"Plzeň,Karla Steinera",49.741922571951584,13.32967012900664,PM,CZ
"Plzeň,Školy Vejprnická",49.74207265849651,13.333213728296805,PM,CZ
"Plzeň,Školy Vejprnická",49.742222255605384,13.333346956674479,PM,CZ
"Plzeň,Školy Vejprnická",49.74232194020199,13.334263848364651,PM,CZ
"Plzeň,Školy Vejprnická",49.74238578519256,13.334726014446927,PM,CZ
"Plzeň,Slovanské údolí",49.74320983002519,13.33892516798981,PM,CZ
"Plzeň,Slovanské údolí",49.743471670714015,13.34037939906034,PM,CZ
"Plzeň,Sulislavská",49.74615448031862,13.340745125458438,PM,CZ
"Plzeň,Sulislavská",49.74604899970225,13.340966428857225,PM,CZ
"Plzeň,Macháčkova",49.74273085027923,13.326897418404588,PM,CZ
"Plzeň,Terezie Brzkové",49.74452582727726,13.323709786376053,PM,CZ
"Plzeň,Skvrňany",49.74578876622146,13.320661259558454,PM,CZ
"Plzeň,Skvrňany",49.745563369367346,13.320405550299816,PM,CZ
"Plzeň,Terezie Brzkové",49.74453092919661,13.323301537148312,PM,CZ
"Plzeň,Lábkova",49.74386164004023,13.324442917381276,PM,CZ
"Plzeň,Macháčkova",49.74282454842154,13.326005170810328,PM,CZ
"Plzeň,Macháčkova",49.74273672146095,13.326404801055556,PM,CZ
"Plzeň,Macháčkova",49.742649038316884,13.32662193132633,PM,CZ
"Plzeň,Waltrova",49.741226540784055,13.329720938672478,PM,CZ
"Plzeň,Waltrova",49.74100353120838,13.328835902678131,PM,CZ
"Plzeň,Panelárna",49.73917716040148,13.339036763401541,PM,CZ
"Plzeň,Panelárna",49.738664500515036,13.33704975010154,PM,CZ
"Plzeň,Cínová",49.73652255711839,13.355558223287579,PM,CZ
"Plzeň,Cínová",49.73654128147363,13.355206657553452,PM,CZ
"Plzeň,Karlov",49.73504968354534,13.350792806594871,PM,CZ
"Plzeň,Karlov",49.734912641791624,13.349772570449367,PM,CZ
"Plzeň,Škoda VIII. brána",49.7365886037335,13.349336800548784,PM,CZ
"Plzeň,Škoda VIII. brána",49.73683924724918,13.349572617472402,PM,CZ
"Plzeň,U Dráhy",49.74394092335583,13.351862064964264,PM,CZ
"Plzeň,U Dráhy",49.743754221429384,13.35061471012003,PM,CZ
"Plzeň,Přední Skvrňany",49.74553049885302,13.351011479827369,PM,CZ
"Plzeň,Přední Skvrňany",49.745243701240625,13.35004024039502,PM,CZ
"Plzeň,Malesická",49.7446249547376,13.346718886527624,PM,CZ
"Plzeň,Malesická",49.74451363890373,13.346604694784313,PM,CZ
"Plzeň,Malesická",49.74455980306243,13.34624296745312,PM,CZ
"Plzeň,Malesická",49.74451665905678,13.345621515826204,PM,CZ
"Plzeň,U Apolla",49.746379451817795,13.347724183977759,PM,CZ
"Plzeň,U Apolla",49.746409188999216,13.347380341537571,PM,CZ
"Plzeň,Pod Zámečkem",49.756528107972365,13.343979940846538,PM,CZ
"Plzeň,Pod Zámečkem",49.75663361374219,13.343765301441342,PM,CZ
"Plzeň,Nádraží Skvrňany",49.742347170375936,13.345166978699229,PM,CZ
"Plzeň,Nádraží Skvrňany",49.74244064578165,13.346663448758767,PM,CZ
"Plzeň,Kalikova",49.749024140563094,13.3659895254787,PM,CZ
"Plzeň,Kalikova",49.74883507285541,13.36587339571142,PM,CZ
"Plzeň,CAN Skvrňanská",49.747788224328346,13.363863948992744,PM,CZ
"Plzeň,CAN Skvrňanská",49.747569497868646,13.363069469532196,PM,CZ
"Plzeň,CAN Husova",49.74596751436587,13.36410022634788,PM,CZ
"Plzeň,CAN Husova",49.74607702723128,13.363652280981327,PM,CZ
"Plzeň,Tylova",49.74489373197296,13.367047364000776,PM,CZ
"Plzeň,CAN Husova",49.74626290549739,13.361805533340137,PM,CZ
"Plzeň,CAN Tylova",49.745262039871015,13.362728457588672,PM,CZ
"Plzeň,CAN Tylova",49.74543699039082,13.362065635030467,PM,CZ
"Plzeň,Tylova",49.744076449609324,13.367537715341944,PM,CZ
"Plzeň,Jižní Předměstí",49.74120793672454,13.367104353364041,PM,CZ
"Plzeň,Jižní Předměstí",49.739829234242634,13.36777929346546,PM,CZ
"Plzeň,Jižní Předměstí",49.73937539672953,13.366659831788969,PM,CZ
"Plzeň,Nám. Českých bratří",49.73882552088028,13.366933174267317,PM,CZ
"Plzeň,Jižní Předměstí",49.739937475118815,13.36614477865591,PM,CZ
"Plzeň,Techmania",49.73881353247115,13.362105285013765,PM,CZ
"Plzeň,Techmania",49.738698819223906,13.36165577650075,PM,CZ
"Plzeň,Škoda III. brána",49.746170350983824,13.356854347058817,PM,CZ
"Plzeň,Škoda III. brána",49.746425442224044,13.356120749795918,PM,CZ
"Plzeň,Škoda III. brána",49.745550452751516,13.356101640584685,PM,CZ
"Plzeň,Škoda III. brána",49.74510058898421,13.355505500456289,PM,CZ
"Plzeň,Na Rychtářce",49.74903268711726,13.382443871100984,PM,CZ
"Plzeň,Náměstí Republiky",49.74798594559484,13.379231467067179,PM,CZ
"Plzeň,Náměstí Republiky",49.747421057646825,13.378502468881534,PM,CZ
"Plzeň,Náměstí Republiky",49.747312033910006,13.378463661347608,PM,CZ
"Plzeň,Náměstí Republiky",49.747182069169234,13.37832358277103,PM,CZ
"Plzeň,Anglické nábřeží",49.74637161179503,13.382895345210764,PM,CZ
"Plzeň,Anglické nábřeží",49.74641912910892,13.382310862092194,PM,CZ
"Plzeň,Hlavní pošta",49.748330100559336,13.374891967004098,PM,CZ
"Plzeň,Náměstí Republiky",49.7466429506296,13.378184847766313,PM,CZ
"Plzeň,Sady Pětatřicátníků",49.74792107045526,13.37394800353132,PM,CZ
"Plzeň,Sady Pětatřicátníků",49.74765679278522,13.374043463962838,PM,CZ
"Plzeň,Náměstí Republiky",49.74646504825813,13.377548217243733,PM,CZ
"Plzeň,Anglické nábřeží",49.74571744520377,13.382647675353926,PM,CZ
"Plzeň,Anglické nábřeží",49.74562561850904,13.382634268727013,PM,CZ
"Plzeň,Sady Pětatřicátníků",49.74756462147464,13.373550757042272,PM,CZ
"Plzeň,Sady Pětatřicátníků",49.74725673305514,13.373635474891008,PM,CZ
"Plzeň,Hlavní nádraží",49.74514489636812,13.3859568473297,PM,CZ
"Plzeň,Hlavní nádraží",49.74465033654913,13.385948804584604,PM,CZ
"Plzeň,Goethova",49.74388361045624,13.378461407578241,PM,CZ
"Plzeň,Goethova",49.743723178461764,13.378594642712562,PM,CZ
"Plzeň,Goethova",49.74363540694612,13.378516617373192,PM,CZ
"Plzeň,Mrakodrap",49.743457048052406,13.376858824050107,PM,CZ
"Plzeň,Mrakodrap",49.74338873566518,13.377366024654586,PM,CZ
"Plzeň,Prokopova",49.74246102854693,13.379028902039833,PM,CZ
"Plzeň,Opavská",49.750993010470424,13.414068009661646,PM,CZ
"Plzeň,Opavská",49.75090628047042,13.413938079661637,PM,CZ
"Plzeň,Ke Špitálskému lesu",49.75031575924408,13.418776881541833,PM,CZ
"Plzeň,Těšínská",49.750376502691005,13.40924072071056,PM,CZ
"Plzeň,Těšínská",49.750347950035994,13.408985497143291,PM,CZ
"Plzeň,Ke Kukačce",49.74986994017673,13.41478323524327,PM,CZ
"Plzeň,Ke Kukačce",49.749766729862145,13.415112784692067,PM,CZ
"Plzeň,Stavební stroje",49.749424009784555,13.40265088097067,PM,CZ
"Plzeň,Stavební stroje",49.74908244076685,13.402412492869853,PM,CZ
"Plzeň,Divadlo Alfa",49.74855932877367,13.403483379889593,PM,CZ
"Plzeň,Divadlo Alfa",49.74828969685956,13.403809700230987,PM,CZ
"Plzeň,Gambrinus",49.748044468452456,13.39742814592159,PM,CZ
"Plzeň,Gambrinus",49.747754007705566,13.394403184536916,PM,CZ
"Plzeň,Švihovská",49.74726258333959,13.392895565893488,PM,CZ
"Plzeň,Prazdroj",49.74684522791812,13.389017727750845,PM,CZ
"Plzeň,Železniční poliklinika",49.74601821555375,13.391167017067039,PM,CZ
"Plzeň,Prazdroj",49.74626548637525,13.387594963554694,PM,CZ
"Plzeň,U Synagogy",49.74723836892784,13.372745608615773,PM,CZ
"Plzeň,Palackého náměstí",49.74843388257398,13.370785895417468,PM,CZ
"Plzeň,U Práce",49.74387216740646,13.37340734295775,PM,CZ
"Plzeň,U Práce",49.74410644003061,13.373015606841298,PM,CZ
"Plzeň,Palackého náměstí",49.748482715397834,13.369867076435188,PM,CZ
"Plzeň,U Práce",49.74399581133564,13.372353842289481,PM,CZ
"Plzeň,Divadlo J. K. Tyla",49.7453494525668,13.371138241775846,PM,CZ
"Plzeň,U Práce",49.74359601340545,13.37226513683953,PM,CZ
"Plzeň,Divadlo J. K. Tyla",49.74546419677972,13.37008679806868,PM,CZ
"Plzeň,Masarykovo náměstí",49.74149823845192,13.371602228420565,PM,CZ
"Plzeň,Masarykovo náměstí",49.741096798793166,13.371465313287763,PM,CZ
"Plzeň,Tylova",49.74469324447022,13.368521047423013,PM,CZ
"Plzeň,Belánka",49.73995884246038,13.370147695184308,PM,CZ
"Plzeň,Chodské náměstí",49.73787153189372,13.370698270441105,PM,CZ
"Plzeň,Chodské náměstí",49.73746210209158,13.370577319713313,PM,CZ
"Plzeň,Dobrovského",49.735416951767476,13.370390403285255,PM,CZ
"Plzeň,Dobrovského",49.73490971757484,13.371212288074537,PM,CZ
"Plzeň,Dobrovského",49.73483973791856,13.371135099314044,PM,CZ
"Plzeň,Dobrovského",49.73429012151109,13.370261622074082,PM,CZ
"Plzeň,Tylova",49.745227188504934,13.367718698277885,PM,CZ
"Plzeň,Hřbitovní",49.74691790434289,13.426606859860753,PM,CZ
"Plzeň,Hřbitovní",49.74716609651087,13.42628569054109,PM,CZ
"Plzeň,U Pietasu",49.747320004602464,13.412972440749952,PM,CZ
"Plzeň,Pietas",49.74772374765491,13.414806029295727,PM,CZ
"Plzeň,Pietas",49.74800038629015,13.414711028609736,PM,CZ
"Plzeň,Letná",49.74791275415987,13.41090661838804,PM,CZ
"Plzeň,Letná",49.748187257187325,13.410533647505124,PM,CZ
"Plzeň,Ke Špitálskému lesu",49.750096909457525,13.418334852618855,PM,CZ
"Plzeň,Ústřední hřbitov",49.74667564150615,13.433486895754523,PM,CZ
"Plzeň,Ústřední hřbitov",49.74587539586265,13.43505965696473,PM,CZ
"Plzeň,U Václava",49.74686425526978,13.431724506529187,PM,CZ
"Plzeň,U Pietasu",49.74699181579944,13.413015185663108,PM,CZ
"Plzeň,U Pietasu",49.74716642827098,13.412889891551133,PM,CZ
"Plzeň,Sokolská",49.74453313661711,13.411521972636288,PM,CZ
"Plzeň,Sokolská",49.74394858487434,13.41176116333855,PM,CZ
"Plzeň,U Astry",49.74285596900048,13.410847409414956,PM,CZ
"Plzeň,Lobzy",49.742283036649496,13.412040248347058,PM,CZ
"Plzeň,Lobzy",49.74219764237605,13.41126596998821,PM,CZ
"Plzeň,U Astry",49.741861495480805,13.410168588396932,PM,CZ
"Plzeň,U Duhy",49.739001986606894,13.391000663630432,PM,CZ
"Plzeň,U Duhy",49.73989240425772,13.391382513816767,PM,CZ
"Plzeň,U Duhy",49.739853397629034,13.392366405194464,PM,CZ
"Plzeň,U Duhy",49.73908848842677,13.39274177304686,PM,CZ
"Plzeň,Petrohrad",49.74084134628421,13.394644350032856,PM,CZ
"Plzeň,Petrohrad",49.74152431581034,13.394824653027468,PM,CZ
"Plzeň,Petrohrad",49.74166408825731,13.394909880766571,PM,CZ
"Plzeň,U Radbuzy",49.73972204662512,13.379613746812327,PM,CZ
"Plzeň,U Radbuzy",49.73954762598094,13.379535204018246,PM,CZ
"Plzeň,Radobyčická",49.7401862037488,13.378399630915597,PM,CZ
"Plzeň,Radobyčická",49.740323375496935,13.377948825293482,PM,CZ
"Plzeň,Pařížská",49.74333389910338,13.384328225114524,PM,CZ
"Plzeň,Pařížská",49.74358991692616,13.384764798613855,PM,CZ
"Plzeň,Hlavní nádraží",49.744367720630756,13.387424717345494,PM,CZ
"Plzeň,Hlavní nádraží",49.7444369114056,13.387768076210767,PM,CZ
"Plzeň,Mikulášská",49.74059252730943,13.387030516745364,PM,CZ
"Plzeň,Mikulášská",49.74047622988862,13.387605034787533,PM,CZ
"Plzeň,Mikulášské náměstí",49.7393002150281,13.386743704504463,PM,CZ
"Vejprnice, bytovky",49.73226722329348,13.282883293766911,PS,CZ
"Vejprnice, Pod Farou",49.729984562348235,13.2764763331992,PS,CZ
"Vejprnice, Náves",49.7284779543595,13.276327320450843,PS,CZ
"Plzeň,Prostřední",49.73377344891637,13.31194732625031,PM,CZ
"Plzeň,Prostřední",49.733806623183064,13.312423678013088,PM,CZ
"Plzeň,Zátiší",49.736238071829696,13.330867455668164,PM,CZ
"Plzeň,Zátiší, manipulační",49.73710025122783,13.330658450444743,PM,CZ
"Plzeň,Zátiší",49.73706800097239,13.331626457515148,PM,CZ
"Plzeň,Nová Hospoda",49.73109538892671,13.313176185914015,PM,CZ
"Plzeň,Nová Hospoda",49.731098445181644,13.313684612642641,PM,CZ
"Plzeň,Regensburská rondel",49.732853747112024,13.320511083242213,PM,CZ
"Plzeň,Regensburská rondel",49.7328519370562,13.320743250575692,PM,CZ
"Plzeň,Domažlická rondel",49.7328138893944,13.321625848448052,PM,CZ
"Plzeň,Domažlická rondel",49.73270905082206,13.32194521772414,PM,CZ
"Plzeň,Nová Hospoda rondel",49.73162075072773,13.3185800152365,PM,CZ
"Plzeň,Nová Hospoda",49.730555659736964,13.313696265310567,PM,CZ
"Plzeň,Hřbitov Zátiší",49.73448946187074,13.325876218776335,PM,CZ
"Plzeň,Hřbitov Zátiší",49.734598391675625,13.326425929096278,PM,CZ
"Plzeň,Zátiší",49.73578343133674,13.329304476482054,PM,CZ
"Plzeň,Nová Hospoda",49.73035922946834,13.31425596830847,PM,CZ
"Plzeň,Folmavská rondel",49.7316017761704,13.322612868823203,PM,CZ
"Plzeň,Folmavská rondel",49.73139691561523,13.323208359343962,PM,CZ
"Plzeň,U Nové Hospody",49.731592397175795,13.327484226123048,PM,CZ
"Plzeň,Obchodní rondel",49.73007100919894,13.322244256669903,PM,CZ
"Plzeň,U Nové Hospody",49.731285352447024,13.329254350236877,PM,CZ
"Plzeň,U Nové Hospody",49.730543844084416,13.328194033787344,PM,CZ
"Plzeň,Obchodní rondel",49.72903871100928,13.322914231285012,PM,CZ
"Plzeň,Obchodní",49.72680504725189,13.324344191508825,PM,CZ
"Plzeň,Obchodní",49.72694001692586,13.324780630610682,PM,CZ
"Plzeň,Borská pole",49.725894358048635,13.327716635386922,PM,CZ
"Plzeň,Borská pole",49.72524835356177,13.327714309676676,PM,CZ
"Plzeň,Bazén Slovany",49.73698413193888,13.395910544876774,PM,CZ
"Plzeň,Bazén Slovany",49.73619922044662,13.396685896687766,PM,CZ
"Plzeň,Liliová",49.73327618767433,13.391898412598668,PM,CZ
"Plzeň,Liliová",49.73320149360638,13.391843518397113,PM,CZ
"Plzeň,Stadion Lokomotivy",49.73856109712377,13.401517843096949,PM,CZ
"Plzeň,Stadion Lokomotivy",49.73795857290412,13.40226650591112,PM,CZ
"Plzeň,Nádraží Slovany",49.73600426338001,13.404780565978006,PM,CZ
"Plzeň,Rolnické náměstí",49.73756548749159,13.41029191288462,PM,CZ
"Plzeň,Rolnické náměstí",49.73732300521992,13.409898970204871,PM,CZ
"Plzeň,Nádraží Slovany",49.73520463999397,13.40486130407534,PM,CZ
"Plzeň,Nádraží Slovany",49.73514062605593,13.404364555864541,PM,CZ
"Plzeň,Nádraží Slovany",49.73500805039089,13.406036741033038,PM,CZ
"Plzeň,Zimní stadion",49.737045578935735,13.379310244694942,PM,CZ
"Plzeň,Zimní stadion",49.73678406863037,13.379074588122599,PM,CZ
"Plzeň,Nám. Generála Píky",49.73377003918223,13.399309557009154,PM,CZ
"Plzeň,Nám. Generála Píky",49.73399486168969,13.399103215901258,PM,CZ
"Plzeň,Mikulášské náměstí",49.73812299071879,13.38754550252793,PM,CZ
"Plzeň,Mikulášské náměstí",49.73761427078315,13.387865834624638,PM,CZ
"Plzeň,Jedlová",49.736014297711655,13.389438252121408,PM,CZ
"Plzeň,Jedlová",49.73542434595262,13.38986555889936,PM,CZ
"Plzeň,U Plynárny",49.73387868810381,13.377671879407119,PM,CZ
"Plzeň,U Plynárny",49.734635391717035,13.37814280324079,PM,CZ
"Plzeň,Goldscheiderova",49.73007343534077,13.353929463681682,PM,CZ
"Plzeň,Goldscheiderova",49.73048284967864,13.352279830420526,PM,CZ
"Plzeň,NC Borská pole",49.730601317924354,13.344793818361964,PM,CZ
"Plzeň,NC Borská pole",49.73078609590408,13.345283591941218,PM,CZ
"Plzeň,Ke Karlovu",49.731569997429624,13.346867377573275,PM,CZ
"Plzeň,Ke Karlovu",49.73176712972538,13.347298138401882,PM,CZ
"Plzeň,Panasonic",49.729756732152964,13.337162890219,PM,CZ
"Plzeň,Panasonic",49.729931799001086,13.337093665636392,PM,CZ
"Plzeň,U Panasoniku",49.73072850753416,13.338253359789999,PM,CZ
"Plzeň,U Panasoniku",49.731011302374824,13.336236478727603,PM,CZ
"Plzeň,Malvíny",49.731790900131855,13.337291771828514,PM,CZ
"Plzeň,Malvíny",49.73216383641736,13.337561096328102,PM,CZ
"Plzeň,U Darebáka",49.72347235220247,13.356469752585175,PM,CZ
"Plzeň,U Darebáka",49.724258036304846,13.357486172524668,PM,CZ
"Plzeň,Bory",49.72595187559651,13.3598763984018,PM,CZ
"Plzeň,Bory",49.72611164955682,13.360402042450797,PM,CZ
"Plzeň,Bory",49.72621418047766,13.360222230530674,PM,CZ
"Plzeň,Bory",49.726324060712734,13.36025677840368,PM,CZ
"Plzeň,Bory",49.726486073721276,13.360182962942885,PM,CZ
"Plzeň,Bory",49.72676649746334,13.360198107582,PM,CZ
"Plzeň,Bory",49.726675559931735,13.359911616979167,PM,CZ
"Plzeň,Bory",49.726485637605045,13.359161607688991,PM,CZ
"Plzeň,Západočeská univerzita",49.72306062060654,13.350774045838145,PM,CZ
"Plzeň,Plochá dráha",49.72293385082141,13.34423825588366,PM,CZ
"Plzeň,Plochá dráha",49.72304050423258,13.342094799693712,PM,CZ
"Plzeň,U Letiště",49.72512709501374,13.346093965301598,PM,CZ
"Plzeň,Technická",49.72720261423322,13.353418477604745,PM,CZ
"Plzeň,Technická",49.72735953344506,13.352156331541996,PM,CZ
"Plzeň,Univerzita",49.725856999998875,13.34762763877224,PM,CZ
"Plzeň,Univerzita",49.7259194230772,13.34806386699429,PM,CZ
"Plzeň,Univerzita",49.726151927835005,13.34729761819067,PM,CZ
"Plzeň,Univerzita",49.726267151134486,13.347636762528465,PM,CZ
"Plzeň,U Letiště",49.72608257786441,13.344901438451355,PM,CZ
"Plzeň,Čermákova",49.729865009785094,13.362407129831775,PM,CZ
"Plzeň,Čermákova",49.73008174641782,13.360546327894067,PM,CZ
"Plzeň,Vltava",49.72624625870434,13.338086439870178,PM,CZ
"Plzeň,Vltava",49.726331677059655,13.338122481645781,PM,CZ
"Plzeň,Západočeská univerzita",49.72294954769689,13.352413446106842,PM,CZ
"Plzeň,Morseova",49.72501404516316,13.3345481488375,PM,CZ
"Plzeň,Daiho",49.7264406553935,13.335543346965716,PM,CZ
"Plzeň,Staré letiště",49.72572374637374,13.336848359763621,PM,CZ
"Plzeň,Chaty",49.718639787348174,13.341740056772109,PM,CZ
"Plzeň,Chaty",49.71841502985425,13.341582449651398,PM,CZ
"Plzeň,Dvořákova",49.728417633590745,13.368484957143165,PM,CZ
"Plzeň,Náměstí Míru",49.72998399941888,13.368875344632896,PM,CZ
"Plzeň,Náměstí Míru",49.73077768645336,13.370008138156148,PM,CZ
"Plzeň,Náměstí Míru",49.73121788626944,13.370045247315135,PM,CZ
"Plzeň,Poliklinika Bory",49.72971067989294,13.372194455138994,PM,CZ
"Plzeň,Poliklinika Bory",49.7297574774665,13.37261156209319,PM,CZ
"Plzeň,U Teplárny",49.726174755575364,13.376114237232382,PM,CZ
"Plzeň,U Teplárny",49.725865855485964,13.376510368987592,PM,CZ
"Plzeň,Šimerova",49.72482758751979,13.377250120023486,PM,CZ
"Plzeň,Šimerova",49.724353664318194,13.377280346610155,PM,CZ
"Plzeň,Adelova",49.72723191533451,13.377614214503819,PM,CZ
"Plzeň,Adelova",49.72813807819715,13.377185206151804,PM,CZ
"Plzeň,Nemocnice Bory",49.73135724031045,13.375618205386527,PM,CZ
"Plzeň,Nemocnice Bory",49.73279586042661,13.37497941586933,PM,CZ
"Plzeň,Dvořákova",49.727583538023175,13.367403804972646,PM,CZ
"Plzeň,Borský park",49.72698942981298,13.366701380613875,PM,CZ
"Plzeň,Borský park",49.72685511505057,13.36644754012683,PM,CZ
"Plzeň,Borský park",49.725907524320505,13.3651225415999,PM,CZ
"Plzeň,Borský park",49.72591842462322,13.365339179527393,PM,CZ
"Plzeň,Borský park",49.726011246640056,13.36643344852803,PM,CZ
"Plzeň,Borský park",49.725379776826436,13.367396963242815,PM,CZ
"Plzeň,U Luny",49.72344177321628,13.374472547684931,PM,CZ
"Plzeň,U Luny",49.72368591309715,13.37451951876545,PM,CZ
"Plzeň,Sídliště Bory",49.72043807643224,13.373535582561852,PM,CZ
"Plzeň,Sídliště Bory",49.720432495451796,13.374153385103734,PM,CZ
"Plzeň,Poliklinika Slovany",49.73135041751971,13.400976196938561,PM,CZ
"Plzeň,Poliklinika Slovany",49.73113268670333,13.400940828304524,PM,CZ
"Plzeň,Radnice Slovany",49.732160189265315,13.402458030584501,PM,CZ
"Plzeň,Radnice Slovany",49.732186760011814,13.402565136288596,PM,CZ
"Plzeň,Radnice Slovany",49.73204301093158,13.402555759138435,PM,CZ
"Plzeň,Radnice Slovany",49.731945567150255,13.402873273461346,PM,CZ
"Plzeň,Pošta Francouzská",49.727244889753095,13.403324484104454,PM,CZ
"Plzeň,Pošta Francouzská",49.727062219066546,13.403341513673986,PM,CZ
"Plzeň,Brojova",49.730592036176,13.406539141774127,PM,CZ
"Plzeň,Brojova",49.73042519065748,13.406981573467931,PM,CZ
"Plzeň,Vozovna Slovany",49.72601216514854,13.406175975277828,PM,CZ
"Plzeň,Vozovna Slovany",49.72617105061721,13.406309687216597,PM,CZ
"Plzeň,Sladová",49.73018855756341,13.407991300178944,PM,CZ
"Plzeň,Petřínská",49.733400144772816,13.409753264989654,PM,CZ
"Plzeň,Petřínská",49.73341638898142,13.409976715431286,PM,CZ
"Plzeň,U Světovaru",49.727898098673585,13.4108372641626,PM,CZ
"Plzeň,Světovar",49.72787472879926,13.411079120409394,PM,CZ
"Plzeň,Světovar",49.72754581103566,13.412122518033458,PM,CZ
"Plzeň,Světovar",49.72756685215819,13.412596873780705,PM,CZ
"Plzeň,Světovar",49.72739377867573,13.413389356078758,PM,CZ
"Plzeň,K Losiné",49.69018545559424,13.42333644304254,PM,CZ
"Plzeň,K Losiné",49.690316642402415,13.423375945377858,PM,CZ
"Plzeň,K Losiné",49.690447353282785,13.42452294285,PM,CZ
"Plzeň,U Staré Kovárny",49.69718560627662,13.416643366731842,PM,CZ
"Plzeň,U Staré Kovárny",49.6974261699009,13.416685382602827,PM,CZ
"Plzeň,K Plzenci",49.69896915482306,13.417489086145917,PM,CZ
"Plzeň,K Plzenci",49.69935008950833,13.417386202915909,PM,CZ
"Plzeň,Pampelišková",49.69896166527391,13.420841626479401,PM,CZ
"Plzeň,Pampelišková",49.69884623934969,13.421611597932605,PM,CZ
"Plzeň,NC Černice",49.69946770015792,13.42674236139259,PM,CZ
"Plzeň,NC Černice",49.69953428718342,13.427143291064153,PM,CZ
"Zbůch, Starý důl rozc.",49.67084797861733,13.214696259963215,PJ,CZ
"Zbůch, Starý důl rozc.",49.67129207993311,13.215629210822517,PJ,CZ
Nová Ves,49.68533823280174,13.292026235985025,PJ,CZ
"Nová Ves, u lesa",49.68669230477556,13.297343891642855,PJ,CZ
"Nová Ves, u lesa",49.68664585693266,13.297750214547747,PJ,CZ
"Chotěšov, žel. st.",49.65660341746072,13.199816168989948,PJ,CZ
"Chotěšov, žel. st.",49.656752926812096,13.200171154870638,PJ,CZ
Stod,49.64070963868936,13.16481713357096,PJ,CZ
"Chotěšov, u kláštera",49.65281122906529,13.196175107014549,PJ,CZ
Stod,49.639060182586306,13.164845130519643,PJ,CZ
"Plzeň,Lhota",49.68254485153482,13.31666999371744,PM,CZ
"Plzeň,Lhota",49.682419350297884,13.316506933443948,PM,CZ
"Starý Plzenec, U Mlýna",49.70424228647135,13.462696408511464,PM,CZ
"Plzeň,Generála Lišky",49.70252847569255,13.416784914497441,PM,CZ
"Plzeň,Generála Lišky",49.70154621979334,13.417154285965193,PM,CZ
"Plzeň,Černice",49.69460307899298,13.419516840984809,PM,CZ
"Plzeň,Černice",49.69547146923977,13.4185432703289,PM,CZ
"Plzeň,Černice",49.695625879880126,13.418170792542666,PM,CZ
"Plzeň,K Radyni",49.69616834322461,13.423792133397306,PM,CZ
"Plzeň,K Radyni",49.69549783351211,13.423724141026026,PM,CZ
"Starý Plzenec, U Mlýna",49.70400283654577,13.463130591333153,PM,CZ
"Starý Plzenec, Bezručova",49.697011501479764,13.462119256443206,PM,CZ
"Starý Plzenec, Bezručova",49.69697289436819,13.46330575807191,PM,CZ
"Starý Plzenec, Malá strana",49.701495612097034,13.469390954801204,PM,CZ
"Starý Plzenec, Malá strana",49.70106331198417,13.470178272254506,PM,CZ
"Starý Plzenec, náměstí",49.698345206599264,13.473164392676068,PM,CZ
Starý Plzenec,49.697493547106056,13.475058243476086,PM,CZ
"Starý Plzenec, zdrav. stř.",49.69677328634603,13.477832691481106,PM,CZ
"Starý Plzenec, nádraží",49.696062623885815,13.474465110898855,PM,CZ
"Starý Plzenec, u školy",49.696565783881496,13.473838470068893,PM,CZ
"Starý Plzenec, Nad tratí",49.6928893878566,13.474094116283712,PM,CZ
"Starý Plzenec, Nad tratí",49.692694649057245,13.474055217867043,PM,CZ
"Starý Plzenec, Sedlec",49.6947790572768,13.494022348454473,PM,CZ
"Starý Plzenec, Vilová čtvrť",49.689527604928365,13.474958249244867,PM,CZ
"Starý Plzenec, Sedlec, Školní",49.69210499873347,13.488138277692592,PM,CZ
"Starý Plzenec, Sedlec, Školní",49.69235146732797,13.488894099118644,PM,CZ
"Plzeň,K Bukové",49.73181474754236,13.430610074341477,PM,CZ
"Plzeň,K Bukové",49.732004085279925,13.429451881432144,PM,CZ
"Plzeň,Božkov",49.730893639713386,13.42086654055612,PM,CZ
"Plzeň,Božkov",49.731168505894146,13.421205834023084,PM,CZ
"Plzeň,Na Spojce",49.733086745426604,13.414152536444176,PM,CZ
"Plzeň,Na Spojce",49.73303507229735,13.414758214801434,PM,CZ
"Plzeň,Sladová",49.7297216344207,13.408983105084381,PM,CZ
"Letkov, u zrcadla",49.730190583745944,13.466821064085135,PM,CZ
"Letkov, U Studánky",49.73096991973453,13.471476096120217,PM,CZ
"Letkov, U Studánky",49.73101418883666,13.471132368972853,PM,CZ
Letkov,49.72975754037002,13.461955153462256,PM,CZ
Letkov,49.729890567114055,13.462648523500933,PM,CZ
"Letkov, V Podlesí",49.73406847775279,13.47253032640644,PM,CZ
"Letkov, V Podlesí",49.734263959859405,13.472451572029387,PM,CZ
"Letkov, u zrcadla",49.7300798274085,13.466859834397631,PM,CZ
"Plzeň,Zelenohorská",49.71552652705039,13.404032141048564,PM,CZ
"Plzeň,U Školky",49.72122914450195,13.402729378097881,PM,CZ
"Plzeň,U Školky",49.72087335499999,13.403239620000003,PM,CZ
"Plzeň,Chválenická",49.723114535619125,13.402807482566505,PM,CZ
"Plzeň,Chválenická",49.7231680091607,13.402772874986326,PM,CZ
"Plzeň,Slovany",49.72370704701284,13.40033307979043,PM,CZ
"Plzeň,Slovany",49.723879529246275,13.400192058698279,PM,CZ
"Plzeň,Slovany",49.72413634519847,13.399952951943902,PM,CZ
"Plzeň,Slovany",49.72437601459741,13.400828296225361,PM,CZ
"Plzeň,Slovany",49.72497667482599,13.401193165338357,PM,CZ
"Plzeň,Slovany",49.72492611043707,13.401632250855233,PM,CZ
"Plzeň,Slovany",49.724809000525184,13.39988938515932,PM,CZ
"Plzeň,Slovany",49.72496386023285,13.399899656213208,PM,CZ
"Plzeň,Slovany",49.72468401273267,13.399661020656856,PM,CZ
"Plzeň,Zelenohorská",49.715430355829525,13.403886308118473,PM,CZ
"Plzeň,U Kasáren",49.71608234082429,13.407706771392586,PM,CZ
"Plzeň,U Kasáren",49.71640302999336,13.407586172872046,PM,CZ
"Plzeň,Konvalinková",49.69549532286287,13.412579577362258,PM,CZ
"Plzeň,Hradiště",49.709160514006136,13.394777286997464,PM,CZ
"Plzeň,Hradiště",49.709238917382315,13.39492724030643,PM,CZ
"Plzeň,K Řečišti",49.70997019416037,13.397462876527005,PM,CZ
"Plzeň,K Řečišti",49.71006152682941,13.397651884970886,PM,CZ
"Plzeň,Radobyčice",49.697503977601265,13.393105434627774,PM,CZ
"Plzeň,Radobyčice",49.69741983360617,13.392912081446541,PM,CZ
"Plzeň,Radobyčická náves",49.69670577867571,13.397225835813002,PM,CZ
"Plzeň,Radobyčická náves",49.69683316976464,13.39661101025248,PM,CZ
"Plzeň,Rozcestí Podhájí",49.693037288035164,13.403017691660002,PM,CZ
"Plzeň,Rozcestí Podhájí",49.693167939432676,13.403421761011307,PM,CZ
"Plzeň,Podhájí",49.690368674919874,13.402421349507431,PM,CZ
"Plzeň,Kruhová",49.692417683061144,13.402265209709721,PM,CZ
"Plzeň,Nad Úhlavou",49.69251638923785,13.40170416183865,PM,CZ
"Plzeň,Průmyslová",49.72300758362314,13.385764859417815,PM,CZ
"Plzeň,Mlýnské nábřeží",49.72338775704122,13.387343872901544,PM,CZ
"Plzeň,Průmyslová",49.72375861288655,13.38596295778445,PM,CZ
"Plzeň,Mlýnské nábřeží",49.72446518488975,13.387194635064203,PM,CZ
"Plzeň,Vodárna",49.72503282218149,13.391564467532195,PM,CZ
"Plzeň,Vodárna",49.72531685496091,13.390962187422474,PM,CZ
"Plzeň,Doudlevce ETZ",49.727175793129746,13.385909419140607,PM,CZ
"Plzeň,Doudlevce ETZ",49.72775895569024,13.384641430172916,PM,CZ
"Plzeň,Samaritská",49.72879905260045,13.382711126048747,PM,CZ
"Plzeň,Olšová",49.72991861323428,13.39474288090469,PM,CZ
"Plzeň,Olšová",49.7296436678215,13.395161678490782,PM,CZ
"Plzeň,Vřesová",49.727914338332276,13.396764357799542,PM,CZ
"Plzeň,Vřesová",49.72754712786998,13.396902615439373,PM,CZ
"Plzeň,Révová",49.721229615341116,13.385577094904997,PM,CZ
"Plzeň,Révová",49.721092776510545,13.385473547195462,PM,CZ
"Plzeň,V Zahradách",49.71034554668334,13.386576582213104,PM,CZ
"Plzeň,V Zahradách",49.710801856740495,13.386315538889361,PM,CZ
"Plzeň,U Hřbitova",49.71355872748697,13.383833118119641,PM,CZ
"Plzeň,U Hřbitova",49.7135670629177,13.383732990129523,PM,CZ
"Plzeň,Tyršův most",49.7194983835923,13.381325560125651,PM,CZ
"Plzeň,Tyršův most",49.71980276873634,13.381170171602644,PM,CZ
"Plzeň,Tyršův most",49.71957975351619,13.380753995227565,PM,CZ
"Plzeň,Gigant",49.721655729075444,13.379400870488723,PM,CZ
"Plzeň,Gigant",49.72183886153262,13.379317511740407,PM,CZ
"Plzeň,Kalendářní",49.71454616577728,13.37811069400556,PM,CZ
"Plzeň,Říjnová",49.71332127593592,13.372815187740148,PM,CZ
"Plzeň,Věznice Bory",49.722344110637245,13.361674136361712,PM,CZ
"Plzeň,Věznice Bory",49.72124752985949,13.360514511757726,PM,CZ
"Plzeň,U Přehrady",49.715437856185574,13.35758701777643,PM,CZ
"Plzeň,U Přehrady",49.71498909474034,13.357602774863713,PM,CZ
"Plzeň,Tyršův sad",49.711536717180955,13.356943536408583,PM,CZ
"Plzeň,Tyršův sad",49.71116704870195,13.356791835805518,PM,CZ
"Plzeň,Na Rozhraní",49.71089580088468,13.366342181763082,PM,CZ
"Plzeň,Nádraží Valcha",49.71266769397899,13.337448515818295,PM,CZ
"Plzeň,Nádraží Valcha",49.712427273484025,13.337224503491926,PM,CZ
"Plzeň,Špačková",49.71076809849408,13.324946310835045,PM,CZ
"Plzeň,U Prodejny",49.708450982560926,13.331833101349622,PM,CZ
"Plzeň,U Prodejny",49.70839195359972,13.331889674158733,PM,CZ
"Plzeň,Višňovka",49.70837200784298,13.356578038153586,PM,CZ
"Plzeň,Višňovka",49.70790128019498,13.356323845949541,PM,CZ
"Plzeň,Severní",49.70773113953763,13.324134834638325,PM,CZ
"Plzeň,Severní",49.70761149431365,13.323293424249055,PM,CZ
"Plzeň,Lašitov",49.706932074371316,13.330676123783237,PM,CZ
"Plzeň,Valcha",49.707588651453136,13.315528775403612,PM,CZ
"Plzeň,Přeučilova",49.70091923189081,13.354340559262395,PM,CZ
"Plzeň,Přeučilova",49.70079965008839,13.35413302639116,PM,CZ
"Plzeň,Náves Litice",49.698971420581,13.354955116025748,PM,CZ
"Plzeň,Náves Litice",49.69850531814509,13.354840106666645,PM,CZ
"Plzeň,Litice",49.693721388467814,13.350971041954082,PM,CZ
"Plzeň,Litice",49.6938900974538,13.351113726646725,PM,CZ
"Plzeň,Šlovická",49.69460646791473,13.35044067910793,PM,CZ
"Plzeň,Větrná",49.696173633267215,13.347716234862752,PM,CZ
"Plzeň,Náves Lhota",49.6906447166207,13.321018758536562,PM,CZ
"Plzeň,Náves Lhota",49.6905146565904,13.320838736354233,PM,CZ
"Plzeň,Pod Dubovkou",49.69493537065541,13.321578206255591,PM,CZ
"Plzeň,Pod Dubovkou",49.694987953448425,13.3216499653812,PM,CZ
"Plzeň,Koterov",49.713735745221,13.42862859813528,PM,CZ
"Plzeň,Koterov",49.71393237736119,13.428267656191515,PM,CZ
"Plzeň,Koterov",49.714537025987084,13.427345081911856,PM,CZ
"Plzeň,Bručná",49.71363782348184,13.410265565651654,PM,CZ
"Plzeň,Bručná",49.71247693744461,13.411223809986568,PM,CZ
"Plzeň,K dráze",49.71414861173127,13.417025384532659,PM,CZ
"Plzeň,K Dráze",49.71629754969363,13.417309228574213,PM,CZ
"Plzeň,Hasičská stanice",49.718099378224785,13.416989522379067,PM,CZ
"Plzeň,Hasičská stanice",49.72004856631031,13.416685302260543,PM,CZ
"Plzeň,Jasmínová",49.72218243843341,13.413656405766517,PM,CZ
"Plzeň,Jasmínová",49.72242381840524,13.413614078046532,PM,CZ
"Plzeň,Pekárna",49.723704345540476,13.415264900764276,PM,CZ
"Plzeň,Pekárna",49.72399988531195,13.415125771619822,PM,CZ
"Plzeň,Čechurov",49.71000987461837,13.413791097602468,PM,CZ
"Plzeň,Mezi Ploty",49.71055664183494,13.420010697816238,PM,CZ
"Plzeň,Čechurov",49.70955046896396,13.414669605248541,PM,CZ
"Plzeň,Barvínková",49.70975172281724,13.422835675494598,PM,CZ
"Plzeň,Čechurov",49.70885357413805,13.414425578476827,PM,CZ
"Plzeň,Barvínková",49.70945621281221,13.421954366085945,PM,CZ
"Plzeň,U Přivaděče",49.70764303140286,13.426401041270312,PM,CZ
"Plzeň,Fialková",49.705967941847895,13.415786089666545,PM,CZ
"Plzeň,Fialková",49.70563847688695,13.415764814219008,PM,CZ
Zbůch,49.68439502200926,13.235455753536373,PS,CZ
Zbůch,49.68468647064682,13.236417045037811,PS,CZ
Líně,49.69532974275371,13.257618453174075,PS,CZ
Líně,49.695777003043275,13.258851183201374,PS,CZ
"Líně, Sulkov",49.70686335705896,13.278073155208277,PS,CZ
"Líně, Sulkov",49.70618159165494,13.277116912343761,PS,CZ
"Plzeň,Sídliště Litice",49.69812285752746,13.34844852518253,PM,CZ
