"Babice,,hřbitov",49.12776,17.474625,UH,CZ
"Babice,,hřbitov",49.128098,17.473948,UH,CZ
"Babice,,pošta",49.122208,17.478191,UH,CZ
"Bařice-Vel.Těšany,Bařice,škola",49.245094,17.427628,KM,CZ
"Bařice-Vel.Těšany,Bařice,škola",49.245174,17.427605,KM,CZ
"Benešov,Antuškova",49.7868271,14.6888714,BN,CZ
"Benešov,Antuškova",49.78684,14.6889954,BN,CZ
"Benešov,Boušice",49.775127,14.738317,BN,CZ
"Benešov,Boušice",49.7751274,14.7383165,BN,CZ
"Benešov,Boušice",49.775192,14.738275,BN,CZ
"Benešov,Boušice",49.7751923,14.7382746,BN,CZ
"Benešov,Dlouhé Pole,rozc.",49.77726,14.720007,BN,CZ
"Benešov,Dlouhé Pole,rozc.",49.77726,14.7200079,BN,CZ
"Benešov,Dlouhé Pole,rozc.",49.77739,14.7195787,BN,CZ
"Benešov,Dlouhé Pole,rozc.",49.777393,14.719579,BN,CZ
"Benešov,Masarykovo náměstí",49.7836761,14.6901636,BN,CZ
"Benešov,Na Bezděkově",49.781868,14.6912231,BN,CZ
"Benešov,Na Bezděkově",49.78239,14.6914968,BN,CZ
"Benešov,Technické služby",49.7876968,14.6930962,BN,CZ
"Benešov,Technické služby",49.7877731,14.69301,BN,CZ
"Bílovice,,točna",49.100048,17.547504,UH,CZ
"Bojkovice,,Fučíkova čtvrť",49.039543,17.796509,UH,CZ
"Bojkovice,,městský úřad",49.03679,17.810947,UH,CZ
"Bojkovice,,škola",49.039135,17.806364,UH,CZ
"Bratřejov,,Obecní úřad",49.221375,17.914433,ZL,CZ
"Bratřejov,,točna",49.217213,17.919672,ZL,CZ
"Břestek,Chabaně",49.110752,17.347698,UH,CZ
"Březnice,,has.zbroj.",49.18671,17.665377,ZL,CZ
"Březnice,,has.zbroj.",49.18676,17.665268,ZL,CZ
"Březnice,,rozc.",49.18501,17.658487,ZL,CZ
"Březnice,,rozc.",49.18502,17.65844,ZL,CZ
"Březnice,,střed",49.1884,17.66997,ZL,CZ
"Březnice,,střed",49.18842,17.669836,ZL,CZ
"Březnice,,točna",49.187637,17.676777,ZL,CZ
"Březolupy,,škola",49.12085,17.580854,UH,CZ
"Březová,Důbrava",48.925797,17.733454,UH,CZ
"Březová,Důbrava",48.926643,17.730852,UH,CZ
"Březová,,dům peč.služby",48.921013,17.74274,UH,CZ
"Březová,,rozc.3.0",48.927418,17.714731,UH,CZ
"Brno,Dolní nádraží",49.18314899999999,16.615201,BM,CZ
"Brno,Dolní nádraží",49.183234,16.615723,BM,CZ
"Brno,Dolní nádraží",49.183246999999994,16.616067,BM,CZ
"Brno,Dolní nádraží",49.183291999999994,16.615558,BM,CZ
"Brumov-Bylnice,Svatý Štěpán,MŠ",49.044056,18.028358,ZL,CZ
"Brumov-Bylnice,Svatý Štěpán,točna",49.041317,18.025385,ZL,CZ
"Buchlovice,,Smraďavka",49.076496,17.321005,UH,CZ
"Buchlovice,,Zahrady",49.093525,17.328243,UH,CZ
"Bučovice,,zdrav.stř.",49.148113,17.005644,VY,CZ
"Bučovice,,zdrav.stř.",49.148304,17.005228,VY,CZ
"Bystřice,Opřetice",49.71358,14.67288,BN,CZ
"Bystřice,Opřetice",49.71365,14.6729889,BN,CZ
"Bystřice p.Host.,,Lidrukov",49.402225,17.655647,KM,CZ
"Bystřice p.Host.,Rychlov,Amerika",49.405907,17.644997,KM,CZ
"Čechtice,prodejna",49.62473,15.047758,BN,CZ
"Čechtice,prodejna",49.62473,15.0477581,BN,CZ
"Čechtice,prodejna",49.6248,15.047917,BN,CZ
"Čechtice,prodejna",49.6248,15.0479174,BN,CZ
"Čechtice,,prodejna",49.6248017,15.0479175,BN,CZ
"Červený Újezd,Nové Dvory",49.56513,14.604866,BN,CZ
"Červený Újezd,Nové Dvory",49.5653534,14.6047754,BN,CZ
"Červený Újezd,rozc.Řikov",49.5726051,14.6047325,BN,CZ
"Červený Újezd,rozc.Řikov",49.5726433,14.6046228,BN,CZ
"České Budějovice,,Jaromíra Boreckého",48.98712,14.459094,CB,CZ
"Choryně,,Agrochemický podnik",49.504578,17.911726,VS,CZ
"Choryně,,Agrochemický podnik",49.50471,17.911097,VS,CZ
"Choryně,,Jednota",49.499344,17.90202,VS,CZ
"Choryně,,Jednota",49.499443,17.902304,VS,CZ
"Chotěšice,Malá Strana",50.26651,15.281641,NB,CZ
"Chotěšice,Malá Strana",50.266514,15.281641,NB,CZ
"Chotěšice,Malá Strana",50.26657,15.281739,NB,CZ
"Chotěšice,Malá Strana",50.26657,15.2817392,NB,CZ
"Chropyně,,nám. u ulice Míru",49.357674,17.362787,KM,CZ
"Chvalnov-Lísky,Chvalnov,rozc.",49.164177,17.243729,KM,CZ
"Chvalnov-Lísky,Chvalnov,rozc.",49.164215,17.24376,KM,CZ
"Chvalnov-Lísky,Lísky",49.169617,17.210772,KM,CZ
"Chvalnov-Lísky,Lísky,rozc.",49.162823,17.211996,KM,CZ
"Chvalnov-Lísky,Lísky,rozc.",49.162865,17.212055,KM,CZ
"Děčín,ul.17.listopadu",50.7776031,14.2197037,DC,CZ
"Děčín,ul.17.listopadu",50.7779,14.2190142,DC,CZ
"Dolní Bečva,Dolní Rozpité,točna",49.47086,18.210896,VS,CZ
"Dolní Bečva,Na čtvrtích",49.46012,18.19829,VS,CZ
"Dolní Bečva,Na čtvrtích",49.46014,18.198233,VS,CZ
"Dolní Bečva,,škola",49.457226,18.19182,VS,CZ
"Dolní Bečva,,u vodojemu",49.465748,18.202204,VS,CZ
"Dolní Bečva,,u vodojemu",49.46576,18.202145,VS,CZ
"Domažlice,,Prokopa Velikého",49.44693836054722,12.932407597572572,DO,CZ
"Frymburk,Damětice,rozc.0.2",49.2436978435656,13.691969900178721,KT,CZ
"Háj ve Slezsku,Lhota",49.90521,18.047926,OP,CZ
"Háj ve Slezsku,Lhota",49.90523,18.048653,OP,CZ
"Halenkov,Břežitá,konečná",49.314194,18.184484,VS,CZ
"Halenkov,Černé,konečná",49.29604,18.146156,VS,CZ
"Halenkov,Dinotice,u Děčků",49.3264,18.131624,VS,CZ
"Halenkov,Dinotice,u Děčků",49.326412,18.131496,VS,CZ
"Halenkov,Dinotice,u Kršelských",49.329006,18.1259,VS,CZ
"Halenkov,Dinotice,u Měrků",49.322247,18.136305,VS,CZ
"Halenkov,Dinotice,u Svrčinů",49.345123,18.110506,VS,CZ
"Halenkov,Dinotice,zámeček",49.33661,18.116842,VS,CZ
"Halenkov,Dinotice,zámeček",49.33662,18.116928,VS,CZ
"Halenkov,,farma",49.319298,18.138945,VS,CZ
"Halenkov,,farma",49.31931,18.139025,VS,CZ
"Halenkov,Lušová,revír",49.35669,18.150736,VS,CZ
"Halenkov,Lušová,u Halamíčků",49.33717,18.159916,VS,CZ
"Halenkov,Lušová,u Halamíčků",49.337193,18.159971,VS,CZ
"Halenkov,Lušová,u Kopeckých",49.341633,18.155905,VS,CZ
"Halenkov,Lušová,u Kopeckých",49.34164,18.155968,VS,CZ
"Halenkov,Lušová,u Kučerů",49.34915,18.153423,VS,CZ
"Halenkov,Lušová,u Kučerů",49.349167,18.153473,VS,CZ
"Halenkov,,rozc.Dinotice",49.316204,18.141409,VS,CZ
"Halenkov,,rozc.Dinotice",49.316227,18.141487,VS,CZ
"Halenkov,,U mostu",49.32635,18.165045,VS,CZ
"Halenkov,,U mostu",49.326466,18.165035,VS,CZ
"Hluk,,Autopal",48.981968,17.536509,UH,CZ
"Holešov,,ČSAO",49.32514,17.578983,KM,CZ
"Holešov,,Loana",49.325226,17.582275,KM,CZ
"Holešov,,PZ centrum",49.314777,17.576576,KM,CZ
"Holešov,,PZ centrum",49.314808,17.576525,KM,CZ
"Holešov,,PZ Letiště",49.3187,17.573336,KM,CZ
"Horažďovice,Komušín",49.361682741065486,13.76355972747794,KT,CZ
"Horažďovice,,předměstí u háj.",49.330311762849185,13.747306625802608,KT,CZ
"Horažďovice,,u škrobárny",49.318094781771144,13.719369728494737,KT,CZ
"Horní Kruty,Újezdec",49.89965,14.947316,KO,CZ
"Horní Kruty,Újezdec",49.89965,14.9473162,KO,CZ
"Horní Kruty,Újezdec",49.899757,14.947238,KO,CZ
"Horní Kruty,Újezdec",49.8997574,14.947238,KO,CZ
"Hostětín,,obecní úřad",49.049896,17.879164,UH,CZ
"Hovězí,Hořansko,Kozinec",49.28363,18.042597,VS,CZ
"Hovězí,Hořansko,Kozinec",49.28365,18.042627,VS,CZ
"Hovězí,Hořansko,rozc.",49.289337,18.049135,VS,CZ
"Hovězí,Hořansko,rozc.",49.289375,18.049252,VS,CZ
"Hovězí,Hořansko,střed",49.29511,18.054691,VS,CZ
"Hovězí,Hořansko,střed",49.29513,18.054758,VS,CZ
"Hovězí,Hořansko,točna",49.27937,18.044235,VS,CZ
"Hovězí,Hořansko,u Juříků",49.299736,18.059092,VS,CZ
"Hovězí,Hořansko,u Juříků",49.2998,18.059193,VS,CZ
"Hovězí,Hovízky,Jednota",49.312824,18.066916,VS,CZ
"Hovězí,Hovízky,Jednota",49.312904,18.066889,VS,CZ
"Hovězí,Hovízky,konečná",49.31816,18.073565,VS,CZ
"Hovězí,Hovízky,Pod zákopů",49.307938,18.064484,VS,CZ
"Hovězí,Hovízky,Pod zákopů",49.308193,18.06502,VS,CZ
"Hovězí,,ObÚ",49.30433,18.060669,VS,CZ
"Hovězí,,ObÚ",49.30434,18.060562,VS,CZ
"Hulín,,cukrovar",49.308502,17.476152,KM,CZ
"Hulín,,cukrovar",49.31009,17.475088,KM,CZ
"Hulín,,TOS",49.31096,17.477287,KM,CZ
"Hulín,,u mostu",49.31437,17.471067,KM,CZ
"Hulín,,u mostu",49.31477,17.470322,KM,CZ
"Hulín,,u štěrkoviště",49.302574,17.480604,KM,CZ
"Hulín,,u štěrkoviště",49.302914,17.48061,KM,CZ
"Hulín,Záhlinice,rest.",49.29057,17.487553,KM,CZ
"Hulín,Záhlinice,rest.",49.291523,17.487743,KM,CZ
"Hulín,,žel.st.",49.31681,17.477886,KM,CZ
"Huslenky,Bařiny,MŠ",49.309776,18.114147,VS,CZ
"Huslenky,Černé,u Kučerů",49.302704,18.141905,VS,CZ
"Huslenky,Černé,u Kučerů",49.302723,18.14196,VS,CZ
"Huslenky,Černé,u Surovčáků",49.307293,18.134869,VS,CZ
"Huslenky,Černé,u žel.přejezdu",49.310173,18.128733,VS,CZ
"Huslenky,Černé,u žel.přejezdu",49.310196,18.128769,VS,CZ
"Huslenky,Kychová,Hluboček",49.30284,18.122469,VS,CZ
"Huslenky,Kychová,kovárna",49.298508,18.126505,VS,CZ
"Huslenky,Kychová,ozdravovna",49.27649,18.147749,VS,CZ
"Huslenky,Kychová,rozc.",49.309395,18.117186,VS,CZ
"Huslenky,Kychová,u č.180",49.29318,18.128716,VS,CZ
"Huslenky,Kychová,zámeček",49.28476,18.135609,VS,CZ
"Huslenky,Kychová,zámeček",49.284763,18.135683,VS,CZ
"Huslenky,Uherská,hájenka",49.27209,18.112047,VS,CZ
"Huslenky,Uherská,konečná",49.270653,18.122454,VS,CZ
"Huslenky,Uherská,u Blinků",49.28334,18.097033,VS,CZ
"Huslenky,Uherská,u Machalů",49.2771,18.10214,VS,CZ
"Huslenky,Uherská,u Machalů",49.27712,18.102222,VS,CZ
"Jablůnka,,kolonie",49.389614,17.950058,VS,CZ
"Jablůnka,,kolonie",49.389664,17.9504,VS,CZ
"Jablůnka,,záv.",49.391247,17.963436,VS,CZ
"Jarcová,,ObÚ",49.446285,17.96793,VS,CZ
"Karolín,,MŠ",49.230778,17.433924,KM,CZ
"Karolín,,MŠ",49.230946,17.43347,KM,CZ
"Karolín,,rozc.1.0",49.232246,17.444738,KM,CZ
"Karolín,,rozc.1.0",49.232258,17.444696,KM,CZ
"Karolín,,točna",49.23168,17.42982,KM,CZ
"Kelč,Komárovice,mlýn",49.48004,17.8463,VS,CZ
"Klatovy,,Nádražní u soudu",49.40056538501788,13.285798979957143,KT,CZ
"Klatovy,,nám.Míru",49.39505873991598,13.293883735744851,KT,CZ
"Klatovy,,Plzeňská u podchodu",49.39732558384486,13.29159922906148,KT,CZ
"Klatovy,,Studentská ul.",49.39384344308021,13.299985262184546,KT,CZ
"Klatovy,,u aut.nádr.",49.40122529078014,13.279357806008052,KT,CZ
"Klatovy,,u parku",49.38982974386967,13.297102455871565,KT,CZ
"Klatovy,,Zahradní",49.39151042788501,13.281984958205843,KT,CZ
"Kolín,Atletický stadion",50.0357246,15.1915646,KO,CZ
"Kolín,U Borků",50.0357056,15.1994858,KO,CZ
"Kolín,U Borků",50.0357933,15.1993694,KO,CZ
"Koryčany,Blišice",49.12172,17.16392,KM,CZ
"Koryčany,Blišice,kopec",49.1168,17.163782,KM,CZ
"Koryčany,Blišice,kopec",49.11681,17.163702,KM,CZ
"Koryčany,,garáže",49.1126,17.16356,KM,CZ
"Koryčany,,garáže",49.112617,17.163485,KM,CZ
"Koryčany,,přehrada",49.117104,17.18884,KM,CZ
"Koryčany,,přehrada",49.117146,17.18889,KM,CZ
"Kostelec n.Č.l.,na Skalce",49.99295,14.840257,PH,CZ
"Kostelec n.Č.l.,na Skalce",49.9929543,14.8402567,PH,CZ
"Kostelec n.Č.l.,na Skalce",49.99302,14.8391066,PH,CZ
"Kostelec n.Č.l.,na Skalce",49.99302,14.839107,PH,CZ
"Kralupy n.Vlt.,Lidové nám.",50.236797,14.2905,ME,CZ
"Kralupy n.Vlt.,Lidové nám.",50.2367973,14.2905,ME,CZ
"Kralupy n.Vlt.,Lidové nám.",50.23684,14.29083,ME,CZ
"Kralupy n.Vlt.,Na Hrázi",50.23291,14.2807,ME,CZ
"Kralupy n.Vlt.,Na Hrázi",50.23294,14.28028,ME,CZ
"Kralupy n.Vlt.,Růžové údolí",50.2342758,14.285532,ME,CZ
"Kralupy n.Vlt.,Růžové údolí",50.234276,14.285532,ME,CZ
"Kralupy n.Vlt.,Růžové údolí",50.2343025,14.2859058,ME,CZ
"Kralupy n.Vlt.,Růžové údolí",50.234303,14.285906,ME,CZ
"Křesetice,rozc.Úmonín",49.907604,15.264625,KH,CZ
"Křesetice,rozc.Úmonín",49.9076042,15.2646246,KH,CZ
"Křesetice,rozc.Úmonín",49.90774,15.2647238,KH,CZ
"Křesetice,rozc.Úmonín",49.907745,15.264724,KH,CZ
"Kroměříž,Bílany,točna",49.311295,17.425894,KM,CZ
"Kroměříž,,Dům kultury",49.29809,17.398504,KM,CZ
"Kroměříž,,Tovačovského",49.299767,17.398731,KM,CZ
Kudlovice,49.130703,17.455696,UH,CZ
Kudlovice,49.130756,17.455923,UH,CZ
"Kudlovice,Dolina",49.149452,17.448282,UH,CZ
"Kudlovice,Dolina",49.14953,17.448357,UH,CZ
"Kudlovice,Dolina,hájenka",49.157917,17.44474,UH,CZ
"Kunovice,,Let",49.046623,17.435593,UH,CZ
"Kunovice,,Let",49.046715,17.435614,UH,CZ
"Kunovice,,Let",49.04677,17.435614,UH,CZ
"Kunovice,,Na Bělince",49.042896,17.45688,UH,CZ
"Kunovice,,Na Bělince",49.04664,17.452389,UH,CZ
"Kunovice,,Panská",49.0422,17.463158,UH,CZ
"Kunovice,,Panská",49.04228,17.462976,UH,CZ
"Kuňovice,rozc.",49.65666,15.0042639,BN,CZ
"Kuňovice,rozc.",49.656723,15.004292,BN,CZ
"Kutná Hora,Karlov,Klimeška",49.9470329,15.2787647,KH,CZ
"Kutná Hora,Karlov,Klimeška",49.947033,15.278765,KH,CZ
"Kutná Hora,Karlov,prům.zóna",49.93416,15.275805,KH,CZ
"Kutná Hora,Karlov,prům.zóna",49.9341621,15.2758055,KH,CZ
"Kutná Hora,Karlov,prům.zóna",49.934364,15.27614,KH,CZ
"Kutná Hora,Karlov,prům.zóna",49.9343643,15.27614,KH,CZ
"Kvasice,,cihelna",49.235313,17.45258,KM,CZ
"Kvasice,,Nový dvůr",49.228188,17.470312,KM,CZ
"Kyselovice,,Chropyňská",49.37394,17.397509,KM,CZ
"Lešná,Jasenice,dol.konec",49.51935,17.96382,VS,CZ
"Lešná,Jasenice,dol.konec",49.519382,17.963932,VS,CZ
"Lešná,Jasenice,střed",49.522846,17.965649,VS,CZ
"Lešná,Jasenice,střed",49.52296,17.965776,VS,CZ
"Lešná,Jasenice,točna",49.52539,17.967487,VS,CZ
"Lešná,Lhotka n.Bečvou,Prefa",49.50137,17.934343,VS,CZ
"Lešná,Lhotka n.Bečvou,rozc.",49.50836,17.928123,VS,CZ
"Lešná,Lhotka n.Bečvou,rozc.",49.50851,17.92814,VS,CZ
"Lešná,Lhotka n.Bečvou,ZD",49.503246,17.92181,VS,CZ
"Lešná,Mštěnovice,Podboří",49.50917,17.9549,VS,CZ
"Lešná,Mštěnovice,Podboří",49.509212,17.954737,VS,CZ
"Lešná,Perná,farma ZD",49.527344,17.944384,VS,CZ
"Lešná,Vysoká,točna",49.51848,17.947254,VS,CZ
Libovice,50.234848,14.017306,KD,CZ
Libovice,50.234848,14.0173063,KD,CZ
Libovice,50.2349739,14.0172892,KD,CZ
Libovice,50.234978,14.017289,KD,CZ
"Libovice,Kejkol",50.2343178,14.0013943,KD,CZ
"Libovice,Kejkol",50.23432,14.001394,KD,CZ
"Libovice,Kejkol",50.2344437,14.0012932,KD,CZ
"Libovice,Kejkol",50.234444,14.001293,KD,CZ
"Litenčice,,ovocná školka",49.207596,17.204844,KM,CZ
Loket u Čechtic,49.654724,15.113229,BN,CZ
Loket u Čechtic,49.6547241,15.1132288,BN,CZ
Loket u Čechtic,49.6547433,15.1133728,BN,CZ
Loket u Čechtic,49.6547661,15.1135168,BN,CZ
Loket u Čechtic,49.65477,15.113517,BN,CZ
"Loket u Čechtic,Alberovice",49.64545,15.105682,BN,CZ
"Loket u Čechtic,Alberovice",49.64545,15.1056824,BN,CZ
"Loket u Čechtic,Alberovice",49.6455192,15.1059522,BN,CZ
"Loket u Čechtic,Alberovice",49.6455879,15.1062231,BN,CZ
"Loket u Čechtic,Alberovice",49.645588,15.106223,BN,CZ
"Loket u Čechtic,Brzotice,rozc.I",49.6608658,15.1281729,BN,CZ
"Loket u Čechtic,Brzotice,rozc.I",49.660866,15.128173,BN,CZ
"Loket u Čechtic,Brzotice,rozc.I",49.66107,15.128139,BN,CZ
"Loket u Čechtic,Brzotice,rozc.I",49.66107,15.1281395,BN,CZ
"Loket u Čechtic,Brzotice,rozc.I",49.6610717,15.1281394,BN,CZ
"Loket u Čechtic,motorest",49.65874,15.123858,BN,CZ
"Loket u Čechtic,motorest",49.65874,15.1238585,BN,CZ
"Loket u Čechtic,,motorest",49.6587411,15.1238583,BN,CZ
"Loukov,,Benzina",49.41617,17.73908,KM,CZ
"Ludkovice,,hájenka",49.130127,17.718113,ZL,CZ
"Ludkovice,,hájenka",49.130135,17.718018,ZL,CZ
"Luhačovice,Řetechov",49.130424,17.74954,ZL,CZ
"Luhačovice,,Valaška",49.088924,17.736609,ZL,CZ
"Lutonina,,most",49.238625,17.882711,ZL,CZ
"Lutonina,,most",49.238663,17.882772,ZL,CZ
Mezno,49.534615,14.644216,BN,CZ
Mezno,49.53462,14.6442156,BN,CZ
Mezno,49.5347328,14.64427,BN,CZ
Mezno,49.534733,14.64427,BN,CZ
"Mezno,Stupčice",49.5353737,14.62778,BN,CZ
"Mezno,Stupčice",49.535378,14.62778,BN,CZ
"Mezno,Stupčice",49.5354156,14.6277294,BN,CZ
"Mezno,Stupčice",49.535416,14.627729,BN,CZ
"Modřice, Agropodnik",49.115717,16.606647,BO,CZ
"Modřice, Uhelné sklady",49.118318,16.606162,BO,CZ
"Modřice, Uhelné sklady",49.118377,16.606278,BO,CZ
"Mořina,Trněný Újezd,rozc.I",49.969902,14.217741,BE,CZ
"Mořina,Trněný Újezd,rozc.I",49.969906,14.217741,BE,CZ
"Mořina,Trněný Újezd,rozc.I",49.970047,14.217714,BE,CZ
"Mořina,Trněný Újezd,rozc.I",49.970047,14.2177143,BE,CZ
"Morkovice-Slížany,Morkovice,1.máje",49.241283,17.196796,KM,CZ
"Morkovice-Slížany,Morkovice,1.máje",49.24134,17.19694,KM,CZ
"Morkovice-Slížany,Morkovice,křiž.",49.248497,17.211588,KM,CZ
"Morkovice-Slížany,Morkovice,křiž.",49.248665,17.211355,KM,CZ
"Morkovice-Slížany,,Skavsko",49.22494,17.18822,KM,CZ
"Morkovice-Slížany,,Skavsko",49.224953,17.188148,KM,CZ
"Morkovice-Slížany,Slížany,točna",49.243465,17.227362,KM,CZ
"Nesovice,,pož.zbroj.",49.15055,17.081644,VY,CZ
"Neveklov,Spolí",49.745777,14.517797,BN,CZ
"Neveklov,Spolí",49.7457771,14.5177965,BN,CZ
"Neveklov,Spolí",49.74584,14.5175467,BN,CZ
"Neveklov,Spolí",49.74584,14.517547,BN,CZ
"Neveklov,Zádolí,rozc.",49.736805,14.5079117,BN,CZ
"Neveklov,Zádolí,rozc.",49.73681,14.507912,BN,CZ
"Neveklov,Zádolí,rozc.",49.736942,14.507785,BN,CZ
"Neveklov,Zádolí,rozc.",49.7369423,14.5077848,BN,CZ
"Nová Dědina,,kopaniny",49.21785,17.459394,KM,CZ
"Nová Dědina,,kopaniny",49.21788,17.459356,KM,CZ
"Nová Dědina,,ObÚ",49.211346,17.454838,KM,CZ
"Nová Dědina,,ObÚ",49.211353,17.454742,KM,CZ
"Nová Dědina,,točna",49.208664,17.449997,KM,CZ
"Nová Dědina,,točna",49.208683,17.450142,KM,CZ
"Nový Hrozenkov,Lušová,u Tlašků",49.33163,18.163889,VS,CZ
"Nový Hrozenkov,Lušová,u Tlašků",49.33172,18.163902,VS,CZ
Olšanská,50.0834236,14.46454,AB,CZ
Olšanská,50.083424,14.46454,AB,CZ
Olšanská,50.083477,14.4653978,AB,CZ
Olšanská,50.083477,14.465398,AB,CZ
"Omice, sokolovna",49.17196,16.454815,BO,CZ
"Omice, sokolovna",49.171992,16.454951,BO,CZ
"Omice, sokolovna",49.17202299999999,16.455087,BO,CZ
"Opava,Vávrovice,pošta",49.976484326736674,17.862278780924388,OP,CZ
"Opava,Vávrovice,pošta",49.976909322340134,17.86186158803508,OP,CZ
"Ostrožská Nová Ves,,Lhotská",49.00365,17.43604,UH,CZ
"Ostrožská Nová Ves,,ZD",48.99958,17.444777,UH,CZ
"Ostrožská Nová Ves,,ZD",48.99977,17.444502,UH,CZ
"Otrokovice,Baťov,Moravní",49.213013,17.513697,ZL,CZ
"Otrokovice,,pneumatikárna",49.198586,17.525845,ZL,CZ
"Otrokovice,,pneumatikárna",49.198753,17.526236,ZL,CZ
"Otrokovice,,teplárna",49.20509,17.517124,ZL,CZ
"Otrokovice,,teplárna",49.205936,17.517006,ZL,CZ
"Otrokovice,Terezov",49.235744,17.53824,ZL,CZ
"Otrokovice,Terezov",49.235767,17.538326,ZL,CZ
"Podolí,,U žlebu",49.0387,17.534082,UH,CZ
"Podolí,,U Zvonice",49.042545,17.527063,UH,CZ
"Podolí,,U Zvonice",49.0429,17.526646,UH,CZ
"Popovice,,dol.konec",49.04778,17.525042,UH,CZ
"Popovice,,dol.konec",49.04795,17.52486,UH,CZ
"Postupice,rest.",49.72733,14.779191,BN,CZ
"Postupice,rest.",49.7274,14.779263,BN,CZ
"Postupice,rest.",49.7274,14.7792635,BN,CZ
"Pozděchov,,č.27",49.23028,17.9635,VS,CZ
"Pozděchov,,č.27",49.23029,17.963556,VS,CZ
"Pozděchov,,točna",49.22519,17.964396,VS,CZ
"Pozlovice,,přehrada",49.12037,17.775097,ZL,CZ
"Pozlovice,,PV ZD",49.12268,17.75844,ZL,CZ
"Praha,Morseova",50.03507,14.5589676,AB,CZ
"Praha,Morseova",50.03515,14.558836,AB,CZ
"Prosenická Lhota,Luhy",49.677032,14.488495,PB,CZ
"Prosenická Lhota,Luhy",49.6770325,14.4884949,PB,CZ
"Prosenická Lhota,Luhy",49.6771,14.48862,PB,CZ
"Rokytnice,Kochavec,horní zast.",49.048187,17.937628,ZL,CZ
"Rokytnice,Kochavec,horní zast.",49.048286,17.937666,ZL,CZ
"Rokytnice,Kochavec,točna",49.039577,17.937834,ZL,CZ
"Rožnov p.Radh.,,Bezručova",49.46247,18.142782,VS,CZ
"Rožnov p.Radh.,,Bezručova",49.462578,18.142809,VS,CZ
"Rožnov p.Radh.,,Na Kopově",49.496956,18.18215,VS,CZ
"Rožnov p.Radh.,,Na Kopově",49.49705,18.1825,VS,CZ
"Rožnov p.Radh.,,Palackého ul.",49.460583,18.145372,VS,CZ
Rudimov,49.079517,17.82812,ZL,CZ
Rudimov,49.07955,17.828203,ZL,CZ
"Rudimov,,Jankulka",49.080387,17.838854,ZL,CZ
"Rudimov,,Jankulka",49.08044,17.838793,ZL,CZ
"Rudimov,,točna",49.073544,17.82143,ZL,CZ
"Rudimov,,u bytovky",49.080585,17.830557,ZL,CZ
"Rudimov,,u bytovky",49.08069,17.830477,ZL,CZ
"Šanov,,rozc.1.0",49.05697,17.891705,ZL,CZ
"Šanov,,rozc.1.0",49.057213,17.89186,ZL,CZ
"Šanov,,rozc.1.0",49.057274,17.891792,ZL,CZ
"Sejřek, Bor",49.438214,16.289248,ZR,CZ
"Sejřek, Mansberk",49.438128999999996,16.316014,ZR,CZ
"Sejřek, Mansberk",49.43818699999999,16.316117,ZR,CZ
"Sejřek, Mansberk",49.438244999999995,16.316219,ZR,CZ
"Sejřek, u dvora",49.44274299999999,16.319986,ZR,CZ
"Sejřek, u dvora",49.442747,16.320069,ZR,CZ
"Sejřek, zbrojnice",49.43585300000001,16.308909,ZR,CZ
"Sejřek, zbrojnice",49.43587999999999,16.308798,ZR,CZ
"Slavičín,,závod",49.098633,17.913208,ZL,CZ
"Slavičín,,závod",49.098675,17.913685,ZL,CZ
"Slavičín,,závod",49.099617,17.913555,ZL,CZ
"Slušovice,,zdrav.stř.",49.248745,17.795765,ZL,CZ
"Slušovice,,zdrav.stř.",49.248886,17.795383,ZL,CZ
"Staré Hutě,,Obecní úřad",49.132854,17.27992,UH,CZ
"Staré Hutě,,u kříže",49.129017,17.277464,UH,CZ
"Střítež n.Bečvou,,lesní záv.",49.46569,18.074266,VS,CZ
"Střížovice,,rozc.0.5",49.25176,17.442375,KM,CZ
"Struhařov,Myslíč,rozc.",49.7729034,14.7268686,BN,CZ
"Struhařov,Myslíč,rozc.",49.7729225,14.7266207,BN,CZ
"Struhařov,Střížkov",49.78565,14.7759266,BN,CZ
"Struhařov,Střížkov",49.7856636,14.7758675,BN,CZ
"Struhařov,Věřice",49.7850876,14.7703209,BN,CZ
"Struhařov,Věřice",49.7851219,14.7703762,BN,CZ
"Stupava,,na kopečku",49.111496,17.24688,UH,CZ
"Stupava,,na kopečku",49.11231,17.247196,UH,CZ
"Suchá Loz,Volenov",48.96749,17.681206,UH,CZ
"Suchá Loz,Volenov",48.96755,17.681036,UH,CZ
"Suchá Loz,Volenov,dětský tábor",48.950027,17.690271,UH,CZ
"Suchá Loz,Volenov,dětský tábor",48.95007,17.690355,UH,CZ
"Suchá Loz,Volenov,rozc.1.0",48.96573,17.67514,UH,CZ
"Suchá Loz,,ZD",48.969692,17.703987,UH,CZ
"Suchá Loz,,ZD",48.969715,17.703714,UH,CZ
Sulimov,49.22654,17.423298,KM,CZ
Sulimov,49.22655,17.423113,KM,CZ
"Teplýšovice,Čeňovice",49.793167,14.794044,BN,CZ
"Teplýšovice,Čeňovice",49.7931671,14.7940445,BN,CZ
"Teplýšovice,Čeňovice",49.79325,14.794051,BN,CZ
"Teplýšovice,Čeňovice",49.79325,14.7940512,BN,CZ
"Tlučná,,žel.st.",49.72509039471016,13.240890163183629,PS,CZ
"Tlumačov,,Holešovská",49.25688,17.497637,ZL,CZ
"Tlumačov,,Holešovská",49.256977,17.497612,ZL,CZ
"Tlumačov,,Masarykova",49.254868,17.496355,ZL,CZ
"Tlumačov,,Skalka čerp.st.",49.230396,17.520657,ZL,CZ
"Trnava,Papradná",49.30333,17.858366,ZL,CZ
"Trnava,,pekárna",49.301517,17.849873,ZL,CZ
"Trnava,,pekárna",49.30158,17.849966,ZL,CZ
"Troubsko, Lísek",49.171814999999995,16.480037,BO,CZ
"Tupadly,V Lipách",49.86663,15.39894,KH,CZ
"Tupadly,V Lipách",49.866642,15.3987894,KH,CZ
"Týnec n.Sáz.,Pecerady,hřiště",49.83723,14.609398,BN,CZ
"Týnec n.Sáz.,Pecerady,hřiště",49.8372345,14.6093979,BN,CZ
"Týnec n.Sáz.,Pecerady,hřiště",49.8373146,14.6091614,BN,CZ
"Týnec n.Sáz.,Pecerady,hřiště",49.837315,14.609161,BN,CZ
"Týnec n.Sáz.,Pecerady,Podhajský ryb.",49.8346329,14.6061525,BN,CZ
"Týnec n.Sáz.,Pecerady,Podhajský ryb.",49.834633,14.606153,BN,CZ
"Týnec n.Sáz.,Pecerady,Podhajský ryb.",49.8347969,14.6061649,BN,CZ
"Týnec n.Sáz.,Pecerady,Podhajský ryb.",49.834797,14.606165,BN,CZ
"Ublo,,MŠ",49.2293,17.906124,ZL,CZ
"Ublo,,zast.",49.23385,17.899652,ZL,CZ
"Ublo,,zast.",49.23496,17.898954,ZL,CZ
"Uherské Hradiště,Štěpnice,Kunovský les",49.06437,17.446806,UH,CZ
"Uherský Brod,,Na Chmelnici",49.03148,17.64023,UH,CZ
"Uherský Brod,,stadion Lapač",49.030174,17.645227,UH,CZ
"Uherský Brod,,stadion Lapač",49.030216,17.645529,UH,CZ
"Uherský Brod,,Tovární",49.02865,17.632689,UH,CZ
"Uherský Brod,,ZŠ Na Výsluní",49.03075,17.642763,UH,CZ
"Uherský Brod,,ZŠ Na Výsluní",49.030804,17.64282,UH,CZ
"Uherský Ostroh,,točna",48.983753,17.378124,UH,CZ
"Uherský Ostroh,,závod ČD",48.972855,17.40182,UH,CZ
"Uherský Ostroh,,závod ČD",48.97354,17.402023,UH,CZ
"Uhřice,,rozc.1.0",49.163292,17.067081,VY,CZ
"Valašská Bystřice,,u Mičků",49.42454,18.128366,VS,CZ
"Valašská Bystřice,,u Mičků",49.42457,18.128357,VS,CZ
"Valašská Bystřice,,Žáry",49.426346,18.13987,VS,CZ
"Valašské Klobouky,Smolina,háj",49.160633,17.997055,ZL,CZ
"Valašské Klobouky,,záv.Igla",49.140575,18.019156,ZL,CZ
"Valašské Klobouky,,záv.Igla",49.140636,18.019123,ZL,CZ
"Valašské Klobouky,,žel.st.",49.14253,18.022488,ZL,CZ
"Valašské Klobouky,,ZŠ",49.145733,18.014189,ZL,CZ
"Valašské Meziříčí,,Hranická",49.48208,17.961355,VS,CZ
"Valašské Meziříčí,,Hranická",49.48213,17.961315,VS,CZ
"Valašské Meziříčí,,hřbitov",49.483116,17.966263,VS,CZ
"Valašské Meziříčí,Juřinka,Hrb",49.483353,17.944094,VS,CZ
"Valašské Meziříčí,Juřinka,rozc.",49.4859,17.939264,VS,CZ
"Valašské Meziříčí,Juřinka,točna",49.488197,17.93958,VS,CZ
"Valašské Meziříčí,Juřinka,u mostu",49.48374,17.948895,VS,CZ
"Valašské Meziříčí,,Uhelné sklady",49.48361,17.956505,VS,CZ
"Vápenice,,hor.konec",48.960377,17.832657,UH,CZ
"Vápenice,,točna",48.957657,17.827105,UH,CZ
"Velká Buková,Kalubice,rozc.",50.04411,13.8384218,RA,CZ
"Velká Buková,Kalubice,rozc.",50.04411,13.838422,RA,CZ
"Velká Buková,Kalubice,rozc.",50.04424,13.8384638,RA,CZ
"Velká Buková,Kalubice,rozc.",50.04424,13.838464,RA,CZ
"Velké Karlovice,Miloňov,hotel",49.38321,18.314878,VS,CZ
"Velké Karlovice,Miloňov,penzion",49.377106,18.304453,VS,CZ
"Velké Karlovice,Miloňov,rozc.",49.365307,18.308956,VS,CZ
"Velké Karlovice,Miloňov,U Malinů",49.371834,18.308502,VS,CZ
"Velké Karlovice,Miloňov,U Malinů",49.37185,18.308449,VS,CZ
"Velké Karlovice,Tísňavy,hasičská zbrojnice",49.343147,18.324997,VS,CZ
"Velké Karlovice,Tísňavy,hasičská zbrojnice",49.343166,18.325068,VS,CZ
"Velké Karlovice,Tísňavy,točna",49.340076,18.326715,VS,CZ
"Velké Karlovice,Tísňavy,U Vojvodíků",49.35225,18.329556,VS,CZ
"Velké Karlovice,Tísňavy,výrobní zóna",49.348904,18.325,VS,CZ
"Velký Bor,Slivonice",49.369751568627585,13.784800571915563,KT,CZ
"Velký Osek,Šanghaj",50.097065,15.196736,KO,CZ
"Velký Osek,Šanghaj",50.097065,15.1967363,KO,CZ
"Velký Osek,Šanghaj",50.097347,15.196924,KO,CZ
"Velký Osek,Šanghaj",50.0973473,15.1969242,KO,CZ
"Veselí n.Mor.,Břestek",48.9612,17.39163,HO,CZ
"Veselí n.Mor.,Břestek",48.96166,17.392134,HO,CZ
"Veselí n.Mor.,Břestek",48.962105,17.392534,HO,CZ
"Veselí n.Mor.,Chaloupky",48.955624,17.385078,HO,CZ
"Veselí n.Mor.,Chaloupky",48.95576,17.385176,HO,CZ
"Veselí n.Mor.,Chaloupky",48.95594,17.385267,HO,CZ
"Veselí n.Mor.,Milokošť",48.966022,17.396168,HO,CZ
"Veselí n.Mor.,Milokošť",48.966354,17.396444,HO,CZ
"Veselí n.Mor.,Milokošť",48.966675,17.396748,HO,CZ
"Veselí n.Mor.,,u polikliniky",48.949596,17.390097,HO,CZ
"Věžky,Vlčí Doly",49.292866,17.258093,KM,CZ
"Vizovice,Chrastěšov,dolní zast.",49.238113,17.855776,ZL,CZ
"Vizovice,Chrastěšov,Obecní dům",49.249687,17.856125,ZL,CZ
"Vizovice,Chrastěšov,střed",49.243893,17.85436,ZL,CZ
"Vizovice,Chrastěšov,střed",49.243904,17.854338,ZL,CZ
"Vlašim,Bolina",49.6805267,14.9540071,BN,CZ
"Vlašim,Bolina",49.680527,14.954007,BN,CZ
"Vlašim,Bolina",49.680805,14.954431,BN,CZ
"Vlašim,Bolina",49.6808052,14.9544306,BN,CZ
"Vlašim,jesle",49.704937,14.8936157,BN,CZ
"Vlašim,jesle",49.704937,14.893616,BN,CZ
"Vlašim,,jesle",49.705006,14.892739,BN,CZ
"Vlašim,jesle",49.705036,14.892153,BN,CZ
"Vlašim,jesle",49.7050362,14.8921528,BN,CZ
"Vlašim,záv.",49.693367,14.9102907,BN,CZ
"Vlašim,záv.",49.693367,14.910291,BN,CZ
"Vlašim,,záv.",49.693768,14.909843,BN,CZ
"Vlašim,záv.",49.6938,14.909955,BN,CZ
"Vlašim,záv.",49.694065,14.909542,BN,CZ
"Vlašim,záv.",49.6940651,14.9095421,BN,CZ
"Vlašim,,záv.",49.6948547,14.9082814,BN,CZ
"Vlašim,žel.st.",49.7000237,14.8986521,BN,CZ
"Vlašim,žel.st.",49.700024,14.898652,BN,CZ
"Vlašim,,žel.st.",49.7000694,14.8986997,BN,CZ
"Vlašim,žel.st.",49.700073,14.898701,BN,CZ
"Vlašim,žel.st.",49.7000732,14.8987007,BN,CZ
"Vlašim,žel.st.",49.700134,14.898427,BN,CZ
"Vlašim,žel.st.",49.7001343,14.898427,BN,CZ
"Vlašim,,žel.st.",49.700176,14.898283,BN,CZ
"Vlašim,žel.st.",49.700233,14.898486,BN,CZ
"Vlašim,žel.st.",49.7002335,14.8984861,BN,CZ
"Vlašim,žel.st.",49.700237,14.898251,BN,CZ
"Vlašim,žel.st.",49.7002373,14.8982506,BN,CZ
"Vlašim,žel.st.",49.7003136,14.89811,BN,CZ
"Vlašim,žel.st.",49.700314,14.898111,BN,CZ
"Vlašim,žel.st.",49.700382,14.898293,BN,CZ
"Vlašim,žel.st.",49.7003822,14.8982935,BN,CZ
"Vlašim,žel.st.",49.7008667,14.8971052,BN,CZ
"Vlašim,žel.st.",49.700867,14.897105,BN,CZ
"Vlašim,žel.st.",49.700985,14.896917,BN,CZ
"Vlašim,žel.st.",49.700985,14.8969173,BN,CZ
"Vlašim,žel.st.",49.701057,14.897057,BN,CZ
"Vlašim,žel.st.",49.7010574,14.8970566,BN,CZ
"Vlašim,žel.st.",49.701084,14.896743,BN,CZ
"Vlašim,žel.st.",49.7010841,14.8967428,BN,CZ
"Vlašim,žel.st.",49.701164,14.896867,BN,CZ
"Vlašim,žel.st.",49.7011642,14.8968668,BN,CZ
"Vlašim,žel.st.",49.70127,14.896695,BN,CZ
"Vlašim,žel.st.",49.70127,14.8966951,BN,CZ
"Vlčnov,,Brodská",49.01013,17.582989,UH,CZ
"Vlčnov,,Brodská",49.010227,17.582745,UH,CZ
"Vrátno,horní část",50.433247,14.694663,MB,CZ
"Vrátno,horní část",50.43325,14.694663,MB,CZ
"Vrátno,horní část",50.433292,14.694513,MB,CZ
"Vrátno,horní část",50.4332924,14.6945133,MB,CZ
"Vrbice,kult.dům",50.1796761,15.2268715,NB,CZ
"Vrbice,kult.dům",50.179718,15.227109,NB,CZ
"Vrbka,Tabarky",49.20773,17.42302,KM,CZ
"Vrbka,Tabarky",49.207752,17.42302,KM,CZ
"Všeradice,zámek",49.873413,14.108634,BE,CZ
"Všeradice,zámek",49.8734131,14.108634,BE,CZ
"Vsetín,,průmyslová zóna II",49.36225,17.958122,VS,CZ
"Vsetín,Trávníky,škola",49.340736,17.987356,VS,CZ
"Vsetín,Trávníky,točna",49.347095,17.975502,VS,CZ
"Vysoký Újezd,Kuchař,II",49.98201,14.2358475,BE,CZ
"Zádveřice-Raková,Raková",49.23767,17.815731,ZL,CZ
"Zádveřice-Raková,Raková,dolní zast.",49.231274,17.8167,ZL,CZ
"Zádveřice-Raková,Raková,dolní zast.",49.231274,17.816755,ZL,CZ
"Zádveřice-Raková,Raková,pálenice",49.224976,17.807793,ZL,CZ
"Zádveřice-Raková,Raková,pálenice",49.224976,17.807907,ZL,CZ
"Zádveřice-Raková,Zádveřice,Jednota",49.21665,17.807808,ZL,CZ
"Zádveřice-Raková,Zádveřice,Jednota",49.21668,17.80706,ZL,CZ
"Záříčí,,Plučisko",49.402905,17.368587,KM,CZ
"Záříčí,,Plučisko",49.402927,17.368544,KM,CZ
"Záříčí,,u mostu",49.393784,17.36659,KM,CZ
"Záříčí,,u mostu",49.393806,17.366655,KM,CZ
Zástřizly,49.149883,17.236368,KM,CZ
"Zborovice,,škola",49.24783,17.283224,KM,CZ
"Zbýšov,Chlum",49.785694,15.366677,KH,CZ
"Zbýšov,Chlum",49.7856979,15.3666773,KH,CZ
"Zdounky,Divoky",49.209965,17.309158,KM,CZ
"Želechovice n.Dřev.,,střed",49.217728,17.745884,ZL,CZ
"Zlín,Chlum",49.230103,17.60211,ZL,CZ
"Zlín,Lhotka",49.233894,17.589474,ZL,CZ
"Zlín,Malenovice,obchodní zóna",49.204334,17.562769,ZL,CZ
"Zlín,Malenovice,obchodní zóna",49.204376,17.564672,ZL,CZ
"Zlín,Malenovice,u mlýna",49.207516,17.584965,ZL,CZ
"Zlín,,u zámku",49.225815,17.661936,ZL,CZ
"Zlobice,Bojanovice",49.31166,17.312696,KM,CZ
"Zlobice,,škola",49.302635,17.313372,KM,CZ
"Zubří,,Klub",49.46309,18.090605,VS,CZ
"Zubří,,výzk.ústav",49.46339,18.082829,VS,CZ
"Zubří,,výzk.ústav",49.463493,18.082945,VS,CZ
Zvoleněves,50.23061,14.182743,KD,CZ
Zvoleněves,50.23061,14.1827431,KD,CZ
Zvoleněves,50.230686,14.182838,KD,CZ
Zvoleněves,50.23069,14.1828384,KD,CZ
