"Žďár n.Sáz.,Autobusové nádraží",49.554468,15.939303,ZR
"Žďár n.Sáz.,Autobusové nádraží",49.554291,15.939547,ZR
"Žďár n.Sáz.,Autobusové nádraží",49.554145,15.93989,ZR
"Žďár n.Sáz.,Bezručova,stadion",49.572964,15.941418,ZR
"Žďár n.Sáz.,Bezručova,stadion",49.572245,15.942349,ZR
"Žďár n.Sáz.,Bezručova,u pily",49.577017,15.938252,ZR
"Žďár n.Sáz.,Bezručova,u pily",49.578499,15.937908,ZR
"Žďár n.Sáz.,Brněnská",49.553226,15.95228,ZR
"Žďár n.Sáz.,Brněnská,Nákupní park",49.556855,15.949967,ZR
"Žďár n.Sáz.,Brněnská,policie",49.557193,15.947488,ZR
"Žďár n.Sáz.,Brněnská",49.553071,15.952339,ZR
"Žďár n.Sáz.,Brodská,obch.domy",49.563899,15.931801,ZR
"Žďár n.Sáz.,Brodská,obch.domy",49.563994,15.931796,ZR
"Žďár n.Sáz.,Dagmarky",49.561895,15.932266,ZR
"Žďár n.Sáz.,Dagmarky",49.561901,15.932388,ZR
"Žďár n.Sáz.,Havlíčkovo náměstí",49.56358,15.939583,ZR
"Žďár n.Sáz.,Havlíčkovo náměstí",49.563709,15.939673,ZR
"Žďár n.Sáz.,Horní",49.560806,15.942621,ZR
"Žďár n.Sáz.,Horní",49.561088,15.942407,ZR
"Žďár n.Sáz.,Jamská II",49.552892,15.960238,ZR
"Žďár n.Sáz.,Jamská II",49.552911,15.960357,ZR
"Žďár n.Sáz.,Jamská I",49.556002,15.957717,ZR
"Žďár n.Sáz.,Jamská I",49.555872,15.957719,ZR
"Žďár n.Sáz.,Jihlavská,HETTICH",49.549409,15.941858,ZR
"Žďár n.Sáz.,Jihlavská,HETTICH",49.549387,15.942124,ZR
"Žďár n.Sáz.,Jihlavská,ZDAR",49.55476,15.946483,ZR
"Žďár n.Sáz.,Jihlavská,ZDAR",49.554768,15.946321,ZR
"Žďár n.Sáz.,Květná",49.57248,15.945686,ZR
"Žďár n.Sáz.,Květná",49.57251,15.945528,ZR
"Žďár n.Sáz.,Libická",49.567025,15.931066,ZR
"Žďár n.Sáz.,Libická",49.566307,15.931222,ZR
"Žďár n.Sáz.,Libušínská",49.56811,15.937791,ZR
"Žďár n.Sáz.,Nádražní",49.560315,15.939216,ZR
"Žďár n.Sáz.,Nádražní",49.56027,15.939091,ZR
"Žďár n.Sáz.,Neumannova",49.564706,15.945446,ZR
"Žďár n.Sáz.,Neumannova",49.5648,15.946574,ZR
"Žďár n.Sáz.,Nová",49.574156,15.943291,ZR
"Žďár n.Sáz.,Novoměstská",49.56141,15.947811,ZR
"Žďár n.Sáz.,Novoměstská",49.561354,15.947904,ZR
"Žďár n.Sáz.,Okružní,dolní",49.563169,15.929071,ZR
"Žďár n.Sáz.,Okružní,horní",49.566648,15.927439,ZR
"Žďár n.Sáz.,Okružní,rozc.Hamry",49.565544,15.924197,ZR
"Žďár n.Sáz.,Pilská nádrž",49.58876,15.932921,ZR
"Žďár n.Sáz.,Sázavská",49.571446,15.932501,ZR
"Žďár n.Sáz.,Sázavská",49.571362,15.932525,ZR
"Žďár n.Sáz.,Strojírenská,u Hajčmanů",49.558028,15.935903,ZR
"Žďár n.Sáz.,Strojírenská,u Hajčmanů",49.557837,15.933805,ZR
"Žďár n.Sáz.,Strojírenská,u mostu",49.560759,15.931403,ZR
"Žďár n.Sáz.,Strojírenská,u mostu",49.560739,15.931551,ZR
"Žďár n.Sáz.,Strojírenská,ŽĎAS",49.555809,15.93079,ZR
"Žďár n.Sáz.,Studentská",49.565044,15.942365,ZR
"Žďár n.Sáz.,Studentská",49.564985,15.942628,ZR
"Žďár n.Sáz.,Sychrova",49.579978,15.937521,ZR
"Žďár n.Sáz.,Sychrova",49.579937,15.937671,ZR
"Žďár n.Sáz.,TOKOZ",49.58614,15.933073,ZR
"Žďár n.Sáz.,TOKOZ",49.586482,15.933846,ZR
"Žďár n.Sáz.,TOKOZ",49.586569,15.933937,ZR
"Žďár n.Sáz.,Vejmluvova",49.576384,15.941454,ZR
"Žďár n.Sáz.,Vnitřní",49.570466,15.947245,ZR
"Žďár n.Sáz.,Vnitřní",49.570548,15.947244,ZR
"Žďár n.Sáz.,Vodojem,Jamborova",49.564308,15.953513,ZR
"Žďár n.Sáz.,Wonkova",49.568554,15.94212,ZR
"Žďár n.Sáz.,Wonkova",49.568434,15.942173,ZR
"Žďár n.Sáz.,Zámek",49.582663,15.93556,ZR
"Žďár n.Sáz.,Zámek",49.582755,15.935661,ZR
"Žďár n.Sáz.,Zelená hora,hřbitov",49.582074,15.94404,ZR
"Žďár n.Sáz.,Žižkova",49.5647,15.937481,ZR
"Žďár n.Sáz.,Žižkova",49.564652,15.937266,ZR
