agency_id,licence,route_short_name,route_color,route_text_color,reason
27229131,157710,AEx,1c1745,03eafc,Arriva Express (RT linkNumberAlias AEx)
27229131,580916,AEx,1c1745,03eafc,Arriva Express (RT linkNumberAlias AEx)
25945408,721341,AEx,1c1745,03eafc,Arriva Express (RT linkNumberAlias AEx)
17196264,*,,283286,ffce00,Městská doprava Teplice livery
,001401,,00843d,ffffff,DÚK line 401 (jr.kr-ustecky.cz)
,001435,,00843d,ffffff,DÚK line 435 (jr.kr-ustecky.cz)
,001452,,00843d,ffffff,DÚK line 452 (jr.kr-ustecky.cz)
,001521,,00843d,ffffff,DÚK line 521 (jr.kr-ustecky.cz)
,001585,,00843d,ffffff,DÚK line 585 (jr.kr-ustecky.cz)
,001588,,00843d,ffffff,DÚK line 588 (jr.kr-ustecky.cz)
,001590,,00843d,ffffff,DÚK line 590 (jr.kr-ustecky.cz)
,220589,,00843d,ffffff,DÚK line 589 (jr.kr-ustecky.cz)
,220619,,00843d,ffffff,DÚK line 619 (jr.kr-ustecky.cz)
,512402,,00843d,ffffff,DÚK line 402 (jr.kr-ustecky.cz)
,512403,,00843d,ffffff,DÚK line 403 (jr.kr-ustecky.cz)
,512404,,00843d,ffffff,DÚK line 404 (jr.kr-ustecky.cz)
,512406,,00843d,ffffff,DÚK line 406 (jr.kr-ustecky.cz)
,512407,,00843d,ffffff,DÚK line 407 (jr.kr-ustecky.cz)
,512408,,00843d,ffffff,DÚK line 408 (jr.kr-ustecky.cz)
,512409,,00843d,ffffff,DÚK line 409 (jr.kr-ustecky.cz)
,512410,,00843d,ffffff,DÚK line 410 (jr.kr-ustecky.cz)
,512421,,00843d,ffffff,DÚK line 421 (jr.kr-ustecky.cz)
,512422,,00843d,ffffff,DÚK line 422 (jr.kr-ustecky.cz)
,512423,,00843d,ffffff,DÚK line 423 (jr.kr-ustecky.cz)
,512424,,00843d,ffffff,DÚK line 424 (jr.kr-ustecky.cz)
,512431,,00843d,ffffff,DÚK line 431 (jr.kr-ustecky.cz)
,512433,,00843d,ffffff,DÚK line 433 (jr.kr-ustecky.cz)
,512434,,00843d,ffffff,DÚK line 434 (jr.kr-ustecky.cz)
,512436,,00843d,ffffff,DÚK line 436 (jr.kr-ustecky.cz)
,512437,,00843d,ffffff,DÚK line 437 (jr.kr-ustecky.cz)
,512438,,00843d,ffffff,DÚK line 438 (jr.kr-ustecky.cz)
,512439,,00843d,ffffff,DÚK line 439 (jr.kr-ustecky.cz)
,512441,,00843d,ffffff,DÚK line 441 (jr.kr-ustecky.cz)
,522560,,00843d,ffffff,DÚK line 560 (jr.kr-ustecky.cz)
,522561,,00843d,ffffff,DÚK line 561 (jr.kr-ustecky.cz)
,522565,,00843d,ffffff,DÚK line 565 (jr.kr-ustecky.cz)
,522568,,00843d,ffffff,DÚK line 568 (jr.kr-ustecky.cz)
,522569,,00843d,ffffff,DÚK line 569 (jr.kr-ustecky.cz)
,522570,,00843d,ffffff,DÚK line 570 (jr.kr-ustecky.cz)
,522578,,00843d,ffffff,DÚK line 578 (jr.kr-ustecky.cz)
,522580,,00843d,ffffff,DÚK line 580 (jr.kr-ustecky.cz)
,522582,,00843d,ffffff,DÚK line 582 (jr.kr-ustecky.cz)
,522586,,00843d,ffffff,DÚK line 586 (jr.kr-ustecky.cz)
,522587,,00843d,ffffff,DÚK line 587 (jr.kr-ustecky.cz)
,522591,,00843d,ffffff,DÚK line 591 (jr.kr-ustecky.cz)
,522593,,00843d,ffffff,DÚK line 593 (jr.kr-ustecky.cz)
,522598,,00843d,ffffff,DÚK line 598 (jr.kr-ustecky.cz)
,522599,,00843d,ffffff,DÚK line 599 (jr.kr-ustecky.cz)
,552620,,00843d,ffffff,DÚK line 620 (jr.kr-ustecky.cz)
,552621,,00843d,ffffff,DÚK line 621 (jr.kr-ustecky.cz)
,552622,,00843d,ffffff,DÚK line 622 (jr.kr-ustecky.cz)
,552623,,00843d,ffffff,DÚK line 623 (jr.kr-ustecky.cz)
,552624,,00843d,ffffff,DÚK line 624 (jr.kr-ustecky.cz)
,552625,,00843d,ffffff,DÚK line 625 (jr.kr-ustecky.cz)
,552626,,00843d,ffffff,DÚK line 626 (jr.kr-ustecky.cz)
,552627,,00843d,ffffff,DÚK line 627 (jr.kr-ustecky.cz)
,552628,,00843d,ffffff,DÚK line 628 (jr.kr-ustecky.cz)
,552629,,00843d,ffffff,DÚK line 629 (jr.kr-ustecky.cz)
,552630,,00843d,ffffff,DÚK line 630 (jr.kr-ustecky.cz)
,552631,,00843d,ffffff,DÚK line 631 (jr.kr-ustecky.cz)
,552632,,00843d,ffffff,DÚK line 632 (jr.kr-ustecky.cz)
,552633,,00843d,ffffff,DÚK line 633 (jr.kr-ustecky.cz)
,552634,,00843d,ffffff,DÚK line 634 (jr.kr-ustecky.cz)
,552635,,00843d,ffffff,DÚK line 635 (jr.kr-ustecky.cz)
,552636,,00843d,ffffff,DÚK line 636 (jr.kr-ustecky.cz)
,552637,,00843d,ffffff,DÚK line 637 (jr.kr-ustecky.cz)
,552639,,00843d,ffffff,DÚK line 639 (jr.kr-ustecky.cz)
,552650,,00843d,ffffff,DÚK line 650 (jr.kr-ustecky.cz)
,552651,,00843d,ffffff,DÚK line 651 (jr.kr-ustecky.cz)
,552652,,00843d,ffffff,DÚK line 652 (jr.kr-ustecky.cz)
,552660,,00843d,ffffff,DÚK line 660 (jr.kr-ustecky.cz)
,552661,,00843d,ffffff,DÚK line 661 (jr.kr-ustecky.cz)
,552662,,00843d,ffffff,DÚK line 662 (jr.kr-ustecky.cz)
,552663,,00843d,ffffff,DÚK line 663 (jr.kr-ustecky.cz)
,552664,,00843d,ffffff,DÚK line 664 (jr.kr-ustecky.cz)
,552665,,00843d,ffffff,DÚK line 665 (jr.kr-ustecky.cz)
,552666,,00843d,ffffff,DÚK line 666 (jr.kr-ustecky.cz)
,552680,,00843d,ffffff,DÚK line 680 (jr.kr-ustecky.cz)
,552681,,00843d,ffffff,DÚK line 681 (jr.kr-ustecky.cz)
,552682,,00843d,ffffff,DÚK line 682 (jr.kr-ustecky.cz)
,552683,,00843d,ffffff,DÚK line 683 (jr.kr-ustecky.cz)
,552684,,00843d,ffffff,DÚK line 684 (jr.kr-ustecky.cz)
,552685,,00843d,ffffff,DÚK line 685 (jr.kr-ustecky.cz)
,552686,,00843d,ffffff,DÚK line 686 (jr.kr-ustecky.cz)
,552687,,00843d,ffffff,DÚK line 687 (jr.kr-ustecky.cz)
,552689,,00843d,ffffff,DÚK line 689 (jr.kr-ustecky.cz)
,552703,,00843d,ffffff,DÚK line 703 (jr.kr-ustecky.cz)
,552706,,00843d,ffffff,DÚK line 706 (jr.kr-ustecky.cz)
,553650,,00843d,ffffff,DÚK line 650 (jr.kr-ustecky.cz)
,562702,,00843d,ffffff,DÚK line 702 (jr.kr-ustecky.cz)
,562704,,00843d,ffffff,DÚK line 704 (jr.kr-ustecky.cz)
,562705,,00843d,ffffff,DÚK line 705 (jr.kr-ustecky.cz)
,562708,,00843d,ffffff,DÚK line 708 (jr.kr-ustecky.cz)
,562711,,00843d,ffffff,DÚK line 711 (jr.kr-ustecky.cz)
,562716,,00843d,ffffff,DÚK line 716 (jr.kr-ustecky.cz)
,562717,,00843d,ffffff,DÚK line 717 (jr.kr-ustecky.cz)
,562718,,00843d,ffffff,DÚK line 718 (jr.kr-ustecky.cz)
,562721,,00843d,ffffff,DÚK line 721 (jr.kr-ustecky.cz)
,562726,,00843d,ffffff,DÚK line 726 (jr.kr-ustecky.cz)
,562731,,00843d,ffffff,DÚK line 731 (jr.kr-ustecky.cz)
,562732,,00843d,ffffff,DÚK line 732 (jr.kr-ustecky.cz)
,562733,,00843d,ffffff,DÚK line 733 (jr.kr-ustecky.cz)
,562734,,00843d,ffffff,DÚK line 734 (jr.kr-ustecky.cz)
,562735,,00843d,ffffff,DÚK line 735 (jr.kr-ustecky.cz)
,562738,,00843d,ffffff,DÚK line 738 (jr.kr-ustecky.cz)
,562739,,00843d,ffffff,DÚK line 739 (jr.kr-ustecky.cz)
,562741,,00843d,ffffff,DÚK line 741 (jr.kr-ustecky.cz)
,562743,,00843d,ffffff,DÚK line 743 (jr.kr-ustecky.cz)
,562744,,00843d,ffffff,DÚK line 744 (jr.kr-ustecky.cz)
,562745,,00843d,ffffff,DÚK line 745 (jr.kr-ustecky.cz)
,562750,,00843d,ffffff,DÚK line 750 (jr.kr-ustecky.cz)
,562751,,00843d,ffffff,DÚK line 751 (jr.kr-ustecky.cz)
,562752,,00843d,ffffff,DÚK line 752 (jr.kr-ustecky.cz)
,562755,,00843d,ffffff,DÚK line 755 (jr.kr-ustecky.cz)
,562762,,00843d,ffffff,DÚK line 762 (jr.kr-ustecky.cz)
,562764,,00843d,ffffff,DÚK line 764 (jr.kr-ustecky.cz)
,562766,,00843d,ffffff,DÚK line 766 (jr.kr-ustecky.cz)
,562767,,00843d,ffffff,DÚK line 767 (jr.kr-ustecky.cz)
,562768,,00843d,ffffff,DÚK line 768 (jr.kr-ustecky.cz)
,572523,,00843d,ffffff,DÚK line 523 (jr.kr-ustecky.cz)
,572524,,00843d,ffffff,DÚK line 524 (jr.kr-ustecky.cz)
,572525,,00843d,ffffff,DÚK line 525 (jr.kr-ustecky.cz)
,572526,,00843d,ffffff,DÚK line 526 (jr.kr-ustecky.cz)
,572529,,00843d,ffffff,DÚK line 529 (jr.kr-ustecky.cz)
,572543,,00843d,ffffff,DÚK line 543 (jr.kr-ustecky.cz)
,572544,,00843d,ffffff,DÚK line 544 (jr.kr-ustecky.cz)
,572545,,00843d,ffffff,DÚK line 545 (jr.kr-ustecky.cz)
,582480,,00843d,ffffff,DÚK line 480 (jr.kr-ustecky.cz)
,582481,,00843d,ffffff,DÚK line 481 (jr.kr-ustecky.cz)
,582482,,00843d,ffffff,DÚK line 482 (jr.kr-ustecky.cz)
,582483,,00843d,ffffff,DÚK line 483 (jr.kr-ustecky.cz)
,582484,,00843d,ffffff,DÚK line 484 (jr.kr-ustecky.cz)
,582485,,00843d,ffffff,DÚK line 485 (jr.kr-ustecky.cz)
,582486,,00843d,ffffff,DÚK line 486 (jr.kr-ustecky.cz)
,582488,,00843d,ffffff,DÚK line 488 (jr.kr-ustecky.cz)
,582490,,00843d,ffffff,DÚK line 490 (jr.kr-ustecky.cz)
,582491,,00843d,ffffff,DÚK line 491 (jr.kr-ustecky.cz)
,582492,,00843d,ffffff,DÚK line 492 (jr.kr-ustecky.cz)
,582493,,00843d,ffffff,DÚK line 493 (jr.kr-ustecky.cz)
,582494,,00843d,ffffff,DÚK line 494 (jr.kr-ustecky.cz)
,582501,,00843d,ffffff,DÚK line 501 (jr.kr-ustecky.cz)
,582502,,00843d,ffffff,DÚK line 502 (jr.kr-ustecky.cz)
,582503,,00843d,ffffff,DÚK line 503 (jr.kr-ustecky.cz)
,582504,,00843d,ffffff,DÚK line 504 (jr.kr-ustecky.cz)
,582506,,00843d,ffffff,DÚK line 506 (jr.kr-ustecky.cz)
,582508,,00843d,ffffff,DÚK line 508 (jr.kr-ustecky.cz)
,582802,,00843d,ffffff,DÚK line 802 (jr.kr-ustecky.cz)
,582803,,00843d,ffffff,DÚK line 803 (jr.kr-ustecky.cz)
,582804,,00843d,ffffff,DÚK line 804 (jr.kr-ustecky.cz)
,592432,,00843d,ffffff,DÚK line 432 (jr.kr-ustecky.cz)
,592450,,00843d,ffffff,DÚK line 450 (jr.kr-ustecky.cz)
,592451,,00843d,ffffff,DÚK line 451 (jr.kr-ustecky.cz)
,592453,,00843d,ffffff,DÚK line 453 (jr.kr-ustecky.cz)
,592454,,00843d,ffffff,DÚK line 454 (jr.kr-ustecky.cz)
,592455,,00843d,ffffff,DÚK line 455 (jr.kr-ustecky.cz)
,592456,,00843d,ffffff,DÚK line 456 (jr.kr-ustecky.cz)
,592457,,00843d,ffffff,DÚK line 457 (jr.kr-ustecky.cz)
,592458,,00843d,ffffff,DÚK line 458 (jr.kr-ustecky.cz)
,592459,,00843d,ffffff,DÚK line 459 (jr.kr-ustecky.cz)
,592470,,00843d,ffffff,DÚK line 470 (jr.kr-ustecky.cz)
,592471,,00843d,ffffff,DÚK line 471 (jr.kr-ustecky.cz)
,592472,,00843d,ffffff,DÚK line 472 (jr.kr-ustecky.cz)
,592801,,00843d,ffffff,DÚK line 801 (jr.kr-ustecky.cz)
